         w __gthr_impl_key_create
02000000 T __rpx_start
02000038 t init_wut
02000060 T __init
02000084 00000160 t intSetMenuLanguage
020001e4 00000568 T initDownloader
0200074c 0000007c T deinitDownloader
020007c8 0000014c T translateFSErr
02000914 00000058 T initFSSpace
0200096c 00000194 T initFS
02000b00 00000090 T deinitFS
02000b90 00000220 T SWKBD_Init
02000db0 00000064 T SWKBD_Shutdown
02000e14 00000148 T initIOThread
02000f5c 0000011c T shutdownIOThread
02001078 000000d4 T locCleanUp
0200114c 000003d8 T locLoadLanguage
02001524 0000009c t drawLoadingScreen
020015c0 00000828 T main
02001de8 00000254 T shutdownRenderer
0200203c 000001ec T initState
02002228 00000088 T deinitState
020022b0 0000005c T launchTitle
0200230c 00000024 T relaunch
02002330 0000000c T launchingTitle
0200233c 00000008 T initStaticMem
02002344 000000a4 t showUpdateFrame
020023e8 00000bd4 T update
02002fbc 00000064 T restartUdpLog1
02003020 00000038 T restartUdpLog2
02003058 00000034 W __gnu_cxx::__throw_concurrence_lock_error()
0200308c 00000034 W __gnu_cxx::__throw_concurrence_unlock_error()
020030c0 00000024 T std::terminate()
020030e4 00000024 T std::unexpected()
02003108 00000058 T __cxa_call_terminate
02003160 0000002c T abort
0200318c 0000005c t _GLOBAL__sub_D__ZN9__gnu_cxx9__freeresEv
020031e8 00000048 t _GLOBAL__sub_D__ZN17__eh_globals_init7_S_initE
02003230 0000003c T exit
0200326c 00000030 t _GLOBAL__sub_I_MixSoundBuffer
0200329c 0000021c t _GLOBAL__sub_I__ZN9__gnu_cxx9__freeresEv
020034b8 00000050 t _GLOBAL__sub_I__ZN17__eh_globals_init7_S_initE
02003508 0000000c t register_fini
02003514 00000298 T addEntropy
020037ac 00001e48 T downloadFile
020055f4 00000058 T fileExists
0200564c 00000080 T dirExists
020056cc 000009d8 T removeDirectory
020060a4 000000d8 T getFilesize
0200617c 00000470 T verifyTmd
020065ec 000002a0 T createDirRecursive
0200688c 000002f0 T readFile
02006b7c 0000000c T getFSAClient
02006b88 0000062c T readInput
020071b4 00000190 T checkForQueueErrors
02007344 00000574 T addToIOQueue
020078b8 0000007c T localise
02007934 00000244 T textToFrameCut
02007b78 00000048 T showFrame
02007bc0 000000c4 T AppRunning
02007c84 00000188 T prepareThread
02007e0c 00000250 T startThread
0200805c 0000001c T isNumber
02008078 0000001c T isLowercase
02008094 0000001c T isUppercase
020080b0 0000003c T isAlphanumerical
020080ec 00000088 T isAllowedInFilename
02008174 00000038 T isLowercaseHexa
020081ac 00000038 T isUppercaseHexa
020081e4 0000003c T isHexa
02008220 t __do_global_dtors_aux
020082ec t frame_dummy
02008310 00000010 T Swkbd_GetWorkMemorySize
02008320 00000010 T Swkbd_AppearInputForm
02008330 00000034 T Swkbd_Create
02008364 00000010 T Swkbd_SetEnableOkButton
02008374 000000a0 T Swkbd_GetInputFormString
02008414 00000010 T Swkbd_GetInputFormString16
02008424 00000130 T Swkbd_SetInputFormString
02008554 00000010 T Swkbd_SetInputFormString16
02008564 00000010 T Swkbd_Calc
02008574 00000010 T Swkbd_IsNeedCalcSubThreadFont
02008584 00000010 T Swkbd_CalcSubThreadFont
02008594 00000010 T Swkbd_IsNeedCalcSubThreadPredict
020085a4 00000010 T Swkbd_CalcSubThreadPredict
020085b4 00000010 T Swkbd_DrawTV
020085c4 00000010 T Swkbd_DrawDRC
020085d4 00000010 T Swkbd_IsDecideOkButton
020085e4 00000010 T Swkbd_IsDecideCancelButton
020085f4 00000010 T Swkbd_DisappearInputForm
02008604 00000038 T Swkbd_Destroy
0200863c 00000034 T Swkbd_IsHidden
02008670 0000000c T Swkbd_IsReady
0200867c 0000000c t ferror_file_func
02008688 00000014 t fclose_file_func
0200869c 00000050 t fseek_file_func
020086ec 00000014 t ftell_file_func
02008700 00000024 t fwrite_file_func
02008724 00000024 t fread_file_func
02008748 00000078 t fopen_file_func
020087c0 00000048 t fseek64_file_func
02008808 00000014 t ftell64_file_func
0200881c 00000078 t fopen64_file_func
02008894 00000028 T call_zopen64
020088bc 00000044 T call_zseek64
02008900 00000064 T call_ztell64
02008964 00000054 T fill_zlib_filefunc64_32_def_from_filefunc32
020089b8 00000060 T fill_fopen_filefunc
02008a18 00000060 T fill_fopen64_filefunc
02008a78 000000c4 t unz64local_getLong64
02008b3c 0000126c t unz64local_GetCurrentFileInfoInternal
02009da8 00000eb8 t unzOpenInternal
0200ac60 000000c4 T unzStringFileNameCompare
0200ad24 0000005c T unzOpen2
0200ad80 00000084 T unzOpen2_64
0200ae04 0000000c T unzOpen
0200ae10 0000000c T unzOpen64
0200ae1c 000000d0 T unzClose
0200aeec 00000038 T unzGetGlobalInfo64
0200af24 00000028 T unzGetGlobalInfo
0200af4c 00000048 T unzGetCurrentFileInfo64
0200af94 00000108 T unzGetCurrentFileInfo
0200b09c 00000094 T unzGoToFirstFile
0200b130 00000108 T unzGoToNextFile
0200b238 000003d0 T unzLocateFile
0200b608 00000058 T unzGetFilePos64
0200b660 00000040 T unzGetFilePos
0200b6a0 0000009c T unzGoToFilePos64
0200b73c 000000a0 T unzGoToFilePos
0200b7dc 00000e2c T unzOpenCurrentFile3
0200c608 00000014 T unzOpenCurrentFile
0200c61c 00000014 T unzOpenCurrentFilePassword
0200c630 00000008 T unzOpenCurrentFile2
0200c638 0000003c T unzGetCurrentFileZStreamPos64
0200c674 0000058c T unzReadCurrentFile
0200cc00 0000002c T unztell
0200cc2c 0000002c T unztell64
0200cc58 00000034 T unzeof
0200cc8c 00000144 T unzGetLocalExtrafield
0200cdd0 00000120 T unzCloseCurrentFile
0200cef0 000000f4 T unzGetGlobalComment
0200cfe4 00000070 T unzGetOffset64
0200d054 0000006c T unzGetOffset
0200d0c0 0000008c T unzSetOffset64
0200d14c 0000009c T unzSetOffset
0200d1e8 00000754 T configMenu
0200d93c 00000154 T downloadMenu
0200da90 0000130c T fileBrowserMenu
0200ed9c 000005e4 t drawInstallerMenuFrame
0200f380 000005c0 T installerMenu
0200f940 00000318 t getInstalledTitle
0200fc58 000000dc t asyncTitleLoader
0200fd34 00000ca0 T ititleBrowserMenu
020109d4 00000138 T logsMenu
02010b0c 0000062c T mainMenu
02011138 00000228 T addToScreenLog
02011360 000000c0 T clearScreenLog
02011420 00000140 T writeScreenLog
02011560 00000348 T drawErrorFrame
020118a8 000000d0 T showErrorFrame
02011978 00000460 T checkSystemTitle
02011dd8 00000014 T checkSystemTitleFromEntry
02011dec 00000088 T checkSystemTitleFromTid
02011e74 00000080 T checkSystemTitleFromListType
02011ef4 0000017c T prettyDir
02012070 000004f4 T showFinishedScreen
02012564 0000014c T showNoSpaceOverlay
020126b0 0000024c T showExitOverlay
020128fc 0000016c T humanize
02012a68 0000026c T getFreeSpaceString
02012cd4 000001b8 t drawPDMainGameFrame
02012e8c 00000190 t addToOpQueue
0201301c 00001c8c T predownloadMenu
02014ca8 00000488 t drawQueueMenu
02015130 000003dc T queueMenu
0201550c 00000d84 T titleBrowserMenu
02016290 000001f8 t drawUpdateMenuFrame
02016488 00000110 T updateMenu
02016598 00000140 t printCfwError
020166d8 000002f0 T cfwValid
020169c8 000000e0 T deinitCfw
02016aa8 00000128 t setValue.part.0
02016bd0 00000230 T stringToLanguageType
02016e00 000008bc T initConfig
020176bc 00000028 T getLanguageString
020176e4 0000002c T getNotificationString
02017710 00000920 T saveConfig
02018030 0000000c T updateCheckEnabled
0201803c 00000028 T setUpdateCheck
02018064 0000000c T autoResumeEnabled
02018070 00000028 T setAutoResume
02018098 000000a0 T getFormattedRegion
02018138 0000000c T dlToUSBenabled
02018144 00000028 T setDlToUSB
0201816c 0000000c T getRegion
02018178 00000028 T setRegion
020181a0 0000000c T getMenuLanguage
020181ac 00000040 T setMenuLanguage
020181ec 0000001c T getKeyboardLanguage
02018208 0000000c T getUnfilteredLanguage
02018214 000000cc T setKeyboardLanguage
020182e0 0000000c T getNotificationMethod
020182ec 00000028 T setNotificationMethod
02018314 00000138 T NUSrng
0201844c 0000007c T initCrypto
020184c8 000000b8 T encryptAES
02018580 000004a0 T deinstall
02018a20 00000040 t ssl_ctx_init
02018a60 00000134 t progressCallback
02018b94 00000210 t initSocket
02018da4 00000068 t dlThreadMain
02018e0c 00000218 t drawStatLine
02019024 00000268 t showNetworkError
0201928c 00000270 t resetNetwork
020194fc 00000d90 T downloadTitle
0201a28c 00000044 T allocRamBuf
0201a2d0 00000068 T freeRamBuf
0201a338 000003fc T moveDirectory
0201a734 00000210 T getDirsize
0201a944 000000d0 T createDirectory
0201aa14 000002cc T getTmd
0201ace0 000000e0 T getDevFromPath
0201adc0 0000009c t spaceThreadMain
0201ae5c 00000130 t checkSpaceThread.part.0
0201af8c 00000014 T checkSpaceThread
0201afa0 0000000c T getUSB
0201afac 00000070 T claimSpace
0201b01c 00000070 T freeSpace
0201b08c 00000114 T getFreeSpace
0201b1a0 00000178 T checkFreeSpace
0201b318 000000bc T getSpace
0201b3d4 00000050 T getTitleEntries
0201b424 0000001c T getTitleEntriesSize
0201b440 000000c0 t calcThreadMain
0201b500 0000025c t SWKBD_Render
0201b75c 000000bc t isUrl
0201b818 0000084c T showKeyboard
0201c064 000010c4 T install
0201d128 00000258 t ioThreadMain
0201d380 00000170 t checkForQueueErrors.part.0
0201d4f0 00000198 T flushIOQueue
0201d688 000001b4 T openFile
0201d83c 00000238 T generateKey
0201da74 00000050 T destroyNoIntroData
0201dac4 0000052c T revertNoIntro
0201dff0 00000720 T transformNoIntro
0201e710 0000011c t rumbleThreadMain
0201e82c 000000a8 T initNotifications
0201e8d4 00000110 T deinitNotifications
0201e9e4 000000dc T startNotification
0201eac0 0000005c T stopNotification
0201eb1c 000001d4 T getCommonKey
0201ecf0 00000068 T initQueue
0201ed58 00000304 T shutdownQueue
0201f05c 00000188 T addToQueue
0201f1e4 00000990 T proccessQueue
0201fb74 00000180 T removeFromQueue
0201fcf4 00000330 T clearQueue
02020024 0000000c T getTitleQueue
02020030 000000e8 t drawFrame.part.0
02020118 0000016c t loadTexture.isra.0
02020284 00000258 T textToFrameColoredCut
020204dc 000002fc T textToFrameMultiline
020207d8 000000dc T lineToFrame
020208b4 000002f8 T boxToFrame
02020bac 000002f0 T barToFrame
02020e9c 000000e8 T arrowToFrame
02020f84 000000ec T checkmarkToFrame
02021070 00000174 T flagToFrame
020211e4 000000f0 T deviceToFrame
020212d4 000001dc T tabToFrame
020214b0 000003b0 T addErrorOverlay
02021860 0000018c T removeErrorOverlay
020219ec 00000774 T resumeRenderer
02022160 0000065c T initRenderer
020227bc 000001d4 T pauseRenderer
02022990 000000e0 T drawByeFrame
02022a70 000000b4 T colorStartNewFrame
02022b24 00000014 T drawFrame
02022b38 00000174 T drawKeyboard
02022cac 0000000c T getSpaceWidth
02022cb8 00000228 T sanityCheck
02022ee0 00000190 T FC_DefaultRenderCallback
02023070 00000278 t FC_Init
020232e8 00000104 T FC_GetStringASCII
020233ec 00000110 T FC_GetStringLatin1
020234fc 000001e4 T FC_GetStringASCII_Latin1
020236e0 00000030 T FC_MakeRect
02023710 0000001c T FC_MakeScale
0202372c 0000001c T FC_MakeColor
02023748 00000020 T FC_MakeEffect
02023768 00000018 T FC_MakeGlyphData
02023780 00000044 T U8_alloc
020237c4 00000010 T U8_free
020237d4 00000090 T U8_strdup
02023864 00000058 T U8_strlen
020238bc 00000040 T U8_charsize
020238fc 000000c8 T U8_charcpy
020239c4 0000004c T U8_next
02023a10 00000218 T U8_strinsert
02023c28 000000e4 T U8_strdel
02023d0c 00000028 T FC_SetRenderCallback
02023d34 00000060 T FC_GetUTF8FromCodepoint
02023d94 00000098 T FC_GetCodepointFromUTF8
02023e2c 000000b0 T FC_SetLoadingString
02023edc 0000000c T FC_GetBufferSize
02023ee8 000000a4 T FC_SetBufferSize
02023f8c 0000000c T FC_GetTabWidth
02023f98 0000000c T FC_SetTabWidth
02023fa4 00000758 T FC_UploadGlyphCache
020246fc 00000034 T FC_GetGlyphCacheLevel
02024730 00000160 T FC_SetGlyphCacheLevel
02024890 0000005c T FC_CreateFont
020248ec 00000170 T FC_ClearFont
02024a5c 000001bc T FC_FreeFont
02024c18 00000008 T FC_GetNumCacheLevels
02024c20 00000418 T FC_AddGlyphToCache
02025038 00000064 T FC_GetNumCodepoints
0202509c 00000074 T FC_GetCodepoints
02025110 0000066c T FC_GetGlyphData
0202577c 00000210 t FC_PackGlyphData
0202598c 000005b8 T FC_LoadFontFromTTF
02025f44 00000248 T FC_LoadFont_RW
0202618c 0000011c T FC_ResetFontFromRendererReset
020262a8 00000214 T FC_LoadFont
020264bc 0000071c t FC_RenderLeft
02026bd8 00000210 t FC_GetWidth.constprop.0
02026de8 00000714 t FC_RenderRight
020274fc 00000734 t FC_RenderCenter
02027c30 0000093c t FC_GetBufferFitToColumn.isra.0
0202856c 00000524 t FC_DrawColumnFromBuffer.constprop.0.isra.0
02028a90 00000130 T FC_SetGlyphData
02028bc0 00000270 T FC_Draw
02028e30 0000006c T FC_StringListFree
02028e9c 00000104 T FC_StringListPushBack
02028fa0 000000e8 T FC_StringListPushBackBytes
02029088 00000628 T FC_DrawBox
020296b0 00000548 T FC_DrawBoxAlign
02029bf8 0000064c T FC_DrawBoxScale
0202a244 00000620 T FC_DrawBoxColor
0202a864 000007dc T FC_DrawBoxEffect
0202b040 000003f4 T FC_DrawColumn
0202b434 00000354 T FC_DrawColumnAlign
0202b788 00000420 T FC_DrawColumnScale
0202bba8 000003f4 T FC_DrawColumnColor
0202bf9c 000006b4 T FC_DrawColumnEffect
0202c650 00000284 T FC_DrawScale
0202c8d4 0000038c T FC_DrawAlign
0202cc60 00000270 T FC_DrawColor
0202ced0 00000390 T FC_DrawEffect
0202d260 00000018 T FC_GetFilterMode
0202d278 00000020 T FC_GetLineHeight
0202d298 00000130 T FC_GetHeight
0202d3c8 0000022c T FC_GetWidth
0202d5f4 000002e4 T FC_GetCharacterOffset
0202d8d8 00000188 T FC_GetColumnHeight
0202da60 000001c0 T FC_GetAscent
0202dc20 000001c0 T FC_GetDescent
0202dde0 00000018 T FC_GetBaseline
0202ddf8 00000018 T FC_GetSpacing
0202de10 00000018 T FC_GetLineSpacing
0202de28 00000020 T FC_GetMaxWidth
0202de48 00000018 T FC_GetDefaultColor
0202de60 0000026c T FC_GetBounds
0202e0cc 000000d8 T FC_InRect
0202e1a4 000003f8 T FC_GetPositionFromOffset
0202e59c 00000240 T FC_GetWrappedText
0202e7dc 0000001c T FC_SetFilterMode
0202e7f8 00000010 T FC_SetSpacing
0202e808 00000010 T FC_SetLineSpacing
0202e818 00000014 T FC_SetDefaultColor
0202e82c 00000074 T homeButtonCallback
0202e8a0 000000ec T enableApd
0202e98c 00000108 T disableApd
0202ea94 00000164 T enableShutdown
0202ebf8 00000104 T disableShutdown
0202ecfc 0000000c T isChannel
0202ed08 00000134 t drawTicketFrame
0202ee3c 0000037c T generateTik
0202f1b8 000004c4 T generateCert
0202f67c 000004d4 T generateFakeTicket
0202fb50 000007b8 T deleteTicket
02030308 0000009c T hasMagicHeader
020303a4 0000023c T getTitleEntryByTid
020305e0 00000060 T tid2name
02030640 00000148 T name2tid
02030788 00000008 t nus_zopen
02030790 00000008 t nus_zwrite
02030798 00000008 t nus_ztell
020307a0 00000050 t nus_zseek
020307f0 00000008 t nus_zstub
020307f8 000000c0 t showUpdateErrorf
020308b8 00000070 t nus_zread
02030928 000004c8 T updateCheck
02030df0 0000001c t mcpCallback
02030e0c 00000084 T hex
02030e90 00000224 T getSpeedString
020310b4 00000284 T secsToTime
02031338 0000004c T charToByte
02031384 000000fc T hexToByte
02031480 00000024 T glueMcpData
020314a4 00000044 T debugInit
020314e8 00000038 T shutdownDebug
02031520 000001ac T debugPrintf
020316cc 00000618 T showMcpProgress
02031ce4 00000098 T checkStacks
02031d7c 0000014c T curl_global_init
02031ec8 000000b4 T curl_global_cleanup
02031f7c 00000158 T curl_easy_init
020320d4 00000280 T curl_easy_perform
02032354 00000054 T curl_easy_cleanup
020323a8 0000004c T curl_easy_getinfo
020323f4 00000490 T curl_easy_duphandle
02032884 000000f0 T Curl_connect_only_attach
02032974 00000160 T Curl_senddata
02032ad4 0000015c T Curl_initinfo
02032c30 00000a58 T Curl_getinfo
02033688 00000138 t hsts_create
020337c0 000001f4 t hsts_pull
020339b4 0000005c T Curl_hsts_init
02033a10 00000114 T Curl_hsts_cleanup
02033b24 00000374 T Curl_hsts
02033e98 00000448 T Curl_hsts_parse
020342e0 000001dc t hsts_add
020344bc 000001cc t hsts_load
02034688 0000060c T Curl_hsts_save
02034c94 00000034 T Curl_hsts_loadfile
02034cc8 0000003c T Curl_hsts_loadcb
02034d04 00000098 T Curl_hsts_loadfiles
02034d9c 000000b4 T Curl_input_digest
02034e50 00000050 T Curl_http_auth_cleanup_digest
02034ea0 00000018 T Curl_llist_init
02034eb8 0000008c T Curl_llist_insert_next
02034f44 00000090 T Curl_llist_append
02034fd4 0000011c T Curl_node_uremove
020350f0 0000011c T Curl_node_remove
0203520c 000000fc T Curl_llist_destroy
02035308 00000008 T Curl_llist_head
02035310 00000008 T Curl_llist_count
02035318 00000008 T Curl_node_elem
02035320 00000008 T Curl_node_next
02035328 00000008 T Curl_node_llist
02035330 00000094 t mime_mem_seek
020353c4 00000044 t mime_mem_free
02035408 00000070 t mime_subparts_unbind
02035478 00000020 t cr_mime_needs_rewind
02035498 00000010 t cr_mime_total_length
020354a8 00000034 t cr_mime_is_paused
020354dc 00000100 t mime_mem_read
020355dc 00000068 t mime_file_free
02035644 000000b0 t mime_file_read
020356f4 000000bc t mime_file_seek
020357b0 0000013c t escape_string
020358ec 00000034 t cr_mime_close
02035920 00000064 t cr_mime_init
02035984 000002b4 t mime_size
02035c38 00000190 t mime_subparts_seek
02035dc8 00000108 t cr_mime_rewind
02035ed0 0000021c t mime_subparts_free
020360ec 00000248 t mime_unpause
02036334 0000025c t cr_mime_unpause
02036590 000002f0 t mime_subparts_read.constprop.0
02036880 000009dc t readback_part
0203725c 00000214 t cr_mime_resume_from
02037470 000008f4 t cr_mime_read
02037d64 0000013c T Curl_mime_cleanpart
02037ea0 00000048 T Curl_mime_initpart
02037ee8 00000170 T curl_mime_data
02038058 000002d4 T curl_mime_filedata
0203832c 000000ac T curl_mime_headers
020383d8 0000017c T Curl_mime_set_subparts
02038554 0000055c T Curl_mime_duppart
02038ab0 00000104 T Curl_mime_add_header
02038bb4 00000e5c T Curl_mime_prepare_headers
02039a10 000001a0 T Curl_creader_set_mime
02039bb0 00000084 t alloc_addbyter
02039c34 00000038 t fputc_wrapper
02039c6c 00000040 t addbyter
02039cac 00000bfc t parsefmt.constprop.0
0203a8a8 000000f0 T curl_msnprintf
0203a998 0000133c t formatf
0203bcd4 00000094 T curl_mvsnprintf
0203bd68 000013c8 t formatf.constprop.0
0203d130 00001458 t formatf.constprop.2
0203e588 00000094 T Curl_dyn_vprintf
0203e61c 00000134 T curl_mvaprintf
0203e750 0000018c T curl_maprintf
0203e8dc 00000098 T curl_mfprintf
0203e974 00000024 t trhash
0203e998 00000004 t trhash_dtor
0203e99c 0000002c t sh_freeentry
0203e9c8 00000018 t fd_key_compare
0203e9e0 00000014 t hash_fd
0203e9f4 0000006c t domore_getsock
0203ea60 0000006c t doing_getsock
0203eacc 00000044 t before_perform
0203eb10 00000230 t multi_getsock
0203ed40 00000148 t perform_getsock
0203ee88 000000ac t protocol_getsock
0203ef34 00000078 t connecting_getsock
0203efac 00000910 t multi_follow
0203f8bc 00000220 t add_next_timeout
0203fadc 00000040 t trhash_compare
0203fb1c 00000470 t expire_ex
0203ff8c 0000003c t close_connect_only
0203ffc8 000001cc t multi_timeout.part.0
02040194 00000004 t ph_freeentry
02040198 00000260 t multi_done_locked
020403f8 0000011c t mstate
02040514 0000014c t init_completed
02040660 0000033c t multi_done
0204099c 000003b0 t multi_handle_timeout
02040d4c 00000284 T Curl_multi_handle
02040fd0 00000024 T Curl_multiplex_wanted
02040ff4 00000064 T Curl_detach_connection
02041058 00000094 T Curl_attach_connection
020410ec 0000040c T curl_multi_poll
020414f8 00000010 T Curl_multi_connchanged
02041508 00000440 T curl_multi_cleanup
02041948 0000010c T curl_multi_info_read
02041a54 00000724 T Curl_multi_pollset_ev
02042178 00002410 t multi_runsingle
02044588 00000174 T Curl_multi_closed
020446fc 000002f4 T curl_multi_setopt
020449f0 000001dc T Curl_update_timer
02044bcc 00000298 T curl_multi_add_handle
02044e64 0000038c T curl_multi_perform
020451f0 00000348 T Curl_multi_add_perform
02045538 00000084 T Curl_expire
020455bc 000000d0 T Curl_expire_done
0204568c 0000011c T Curl_expire_clear
020457a8 000004ac T curl_multi_remove_handle
02045c54 00000024 T Curl_set_in_callback
02045c78 00000034 T Curl_is_in_callback
02045cac 00000008 T Curl_multi_max_concurrent_streams
02045cb4 000001ec T Curl_multi_xfer_buf_borrow
02045ea0 00000014 T Curl_multi_xfer_buf_release
02045eb4 00000c98 t parsedate.constprop.0
02046b4c 00000084 T Curl_getdate_capped
02046bd0 00000048 T Curl_gmtime
02046c18 000007c8 T Curl_pgrsDone
020473e0 00000028 T Curl_pgrsResetTransferSizes
02047408 000002ac T Curl_pgrsTimeWas
020476b4 000002d0 T Curl_pgrsTime
02047984 00000220 T Curl_pgrsStartNow
02047ba4 000001c4 T Curl_pgrsLimitWaitTime
02047d68 00000010 T Curl_pgrsSetDownloadCounter
02047d78 000001e0 T Curl_ratelimit
02047f58 0000000c T Curl_pgrsSetUploadCounter
02047f64 0000003c T Curl_pgrsSetDownloadSize
02047fa0 0000003c T Curl_pgrsSetUploadSize
02047fdc 00000784 T Curl_pgrsUpdate
02048760 000005b0 T Curl_pgrsUpdate_nometer
02048d10 000000e0 T Curl_rand_bytes
02048df0 00000114 T Curl_rand_alnum
02048f04 00000034 T Curl_rename
02048f38 00000274 t xfer_send
020491ac 00000080 t add_from_client
0204922c 00000034 T Curl_req_init
02049260 00000180 T Curl_req_soft_reset
020493e0 000001b4 T Curl_req_start
02049594 00000150 T Curl_req_hard_reset
020496e4 000000dc T Curl_req_free
020497c0 00000240 T Curl_req_set_upload_done
02049a00 00000528 t req_flush
02049f28 00000088 T Curl_req_done
02049fb0 00000234 T Curl_req_send
0204a1e4 0000004c T Curl_req_sendbuf_empty
0204a230 000000a8 T Curl_req_want_send
0204a2d8 000000b8 T Curl_req_done_sending
0204a390 000000d4 T Curl_req_send_more
0204a464 00000080 T Curl_req_abort_sending
0204a4e4 00000090 T Curl_req_stop_send_recv
0204a574 000000d8 T Curl_wait_ms
0204a64c 00000270 T Curl_poll
0204a8bc 000002b8 T Curl_socket_check
0204ab74 00000030 T Curl_pollfds_init
0204aba4 0000005c T Curl_pollfds_cleanup
0204ac00 00000138 T Curl_pollfds_add_sock
0204ad38 00000240 T Curl_pollfds_add_ps
0204af78 00000008 T Curl_cwriter_def_init
0204af80 00000004 T Curl_cwriter_def_close
0204af84 00000008 T Curl_creader_def_needs_rewind
0204af8c 00000008 T Curl_creader_def_resume_from
0204af94 00000004 T Curl_creader_def_done
0204af98 0000003c t cr_in_init
0204afd4 00000010 t cr_in_needs_rewind
0204afe4 00000010 t cr_in_total_length
0204aff4 00000018 t cr_in_unpause
0204b00c 00000010 t cr_in_is_paused
0204b01c 0000000c t cr_lc_total_length
0204b028 00000018 t cr_null_read
0204b040 0000000c t cr_null_total_length
0204b04c 00000014 t cr_buf_needs_rewind
0204b060 00000010 t cr_buf_total_length
0204b070 00000054 t cr_buf_resume_from
0204b0c4 000000e8 t cw_raw_write
0204b1ac 0000065c t cw_download_write
0204b808 00000568 t cr_in_read
0204bd70 00000300 t cr_in_rewind
0204c070 000002c0 t cr_in_resume_from
0204c330 00000034 t cr_lc_close
0204c364 00000424 t cr_lc_read
0204c788 00000044 t cr_lc_init
0204c7cc 00000184 t cr_buf_read
0204c950 00000008 T Curl_creader_def_init
0204c958 00000008 T Curl_creader_def_rewind
0204c960 00000008 T Curl_creader_def_unpause
0204c968 00000008 T Curl_creader_def_is_paused
0204c970 00000004 T Curl_creader_def_close
0204c974 000000f0 T Curl_client_cleanup
0204ca64 000001ac T Curl_client_reset
0204cc10 0000017c T Curl_client_start
0204cd8c 0000000c T Curl_creader_will_rewind
0204cd98 00000010 T Curl_creader_set_rewind
0204cda8 0000003c T Curl_cwriter_write
0204cde4 00000040 T Curl_cwriter_def_write
0204ce24 000000f0 T Curl_cwriter_create
0204cf14 00000050 T Curl_cwriter_free
0204cf64 0000004c T Curl_cwriter_count
0204cfb0 00000170 T Curl_cwriter_add
0204d120 0000017c t do_init_writer_stack.part.0
0204d29c 000001f0 T Curl_client_write
0204d48c 0000007c T Curl_cwriter_get_by_name
0204d508 00000034 T Curl_cwriter_get_by_type
0204d53c 0000002c T Curl_cwriter_is_paused
0204d568 00000048 T Curl_creader_read
0204d5b0 00000044 T Curl_creader_def_total_length
0204d5f4 000000f0 T Curl_creader_create
0204d6e4 00000050 T Curl_creader_free
0204d734 000001f4 T Curl_creader_set_fread
0204d928 000001a4 t do_init_reader_stack
0204dacc 000000bc T Curl_creader_add
0204db88 000000ec T Curl_creader_set
0204dc74 0000016c T Curl_client_read
0204dde0 00000104 T Curl_creader_needs_rewind
0204dee4 0000010c T Curl_creader_set_null
0204dff0 000001d8 T Curl_creader_set_buf
0204e1c8 00000044 T Curl_creader_total_length
0204e20c 00000060 T Curl_creader_client_length
0204e26c 0000005c T Curl_creader_resume_from
0204e2c8 00000090 T Curl_creader_is_paused
0204e358 00000070 T Curl_creader_done
0204e3c8 00000034 T Curl_creader_get_by_type
0204e3fc 000001b4 t protocol2num
0204e5b0 00001e60 t setopt_cptr
02050410 000000b0 T Curl_setstropt
020504c0 00000114 T Curl_setblobopt
020505d4 00002360 T Curl_vsetopt
02052934 000000a0 T curl_easy_setopt
020529d4 00000068 T Curl_share_lock
02052a3c 00000068 T Curl_share_unlock
02052aa4 00000080 T Curl_slist_append_nodup
02052b24 000000b4 T curl_slist_append
02052bd8 00000164 T Curl_slist_duplicate
02052d3c 00000084 T curl_slist_free_all
02052dc0 00000018 T Curl_speedinit
02052dd8 000001a8 T Curl_speedcheck
02052f80 00000244 T Curl_splay
020531c4 00000210 T Curl_splayinsert
020533d4 000001ac T Curl_splaygetbest
02053580 000001fc T Curl_splayremove
0205377c 00000008 T Curl_splayset
02053784 00000008 T Curl_splayget
0205378c 00000010 T Curl_raw_toupper
0205379c 00000010 T Curl_raw_tolower
020537ac 000000b0 T curl_strequal
0205385c 000000c0 T curl_strnequal
0205391c 000000a4 T Curl_strntoupper
020539c0 000000a4 T Curl_strntolower
02053a64 0000005c T Curl_safecmp
02053ac0 0000007c T Curl_timestrcmp
02053b3c 00000074 T Curl_memdup
02053bb0 0000007c T Curl_memdup0
02053c2c 0000008c T Curl_saferealloc
02053cb8 00000028 T curl_easy_strerror
02053ce0 00000028 T curl_url_strerror
02053d08 00000198 T Curl_strerror
02053ea0 00000164 T curlx_strtoofft
02054004 000000e8 T curlx_mstotv
020540ec 000000c4 T Curl_now
020541b0 000000c4 T Curl_timediff
02054274 000000c8 T Curl_timediff_ceil
0205433c 000000b4 T Curl_timediff_us
020543f0 000000bc T Curl_checkheaders
020544ac 00000154 T Curl_meets_timecondition
02054600 00000070 T Curl_xfer_send_shutdown
02054670 00000038 T Curl_init_CONNECT
020546a8 000004c0 T Curl_pretransfer
02054b68 00000214 T Curl_retry_request
02054d7c 000002b8 T Curl_xfer_setup1
02055034 00000160 T Curl_xfer_write_resp
02055194 00000ac4 T Curl_sendrecv
02055c58 00000058 T Curl_xfer_write_resp_hd
02055cb0 0000002c T Curl_xfer_write_done
02055cdc 00000050 T Curl_xfer_needs_flush
02055d2c 00000050 T Curl_xfer_flush
02055d7c 000000c8 T Curl_xfer_send
02055e44 00000030 T Curl_xfer_send_close
02055e74 000000d8 T Curl_xfer_is_blocked
02055f4c 000000f8 t up_free
02056044 000006fc t parse_proxy
02056740 00000108 t url_match_result
02056848 00000168 T Curl_freeset
020569b0 00000520 T Curl_close
02056ed0 000001e4 T Curl_init_userdefined
020570b4 0000012c T Curl_open
020571e0 000001e4 T Curl_conn_free
020573c4 00000078 T Curl_on_disconnect
0205743c 000003a8 T Curl_conn_seems_dead
020577e4 000009ac t url_match_conn
02058190 00000234 T Curl_verboseconnect
020583c4 00000120 T Curl_get_scheme_handler
020584e4 00000128 T Curl_getn_scheme_handler
0205860c 00000028 T Curl_uc_to_curlcode
02058634 00000300 T Curl_parse_login_details
02058934 0000011c T Curl_setup_conn
02058a50 00000118 T Curl_init_do
02058b68 00002c48 T Curl_connect
0205b7b0 000001a0 T Curl_data_priority_add_child
0205b950 00000018 T Curl_data_priority_clear_state
0205b968 000000d4 t free_urlhandle
0205ba3c 0000046c t ipv6_parse
0205bea8 00000294 t urlencode_str
0205c13c 0000085c t parse_authority
0205c998 0000012c T Curl_is_absolute_url
0205cac4 00000e98 t parseurl
0205d95c 000000fc T Curl_url_set_authority
0205da58 00000034 T curl_url
0205da8c 00000050 T curl_url_cleanup
0205dadc 00000258 T curl_url_dup
0205dd34 00000c00 T curl_url_get
0205e934 000012e8 T curl_url_set
0205fc1c 00000008 T curlx_ultous
0205fc24 00000008 T curlx_uztosi
0205fc2c 00000008 T curlx_sltosi
0205fc34 00000008 T curlx_sltous
0205fc3c 00000008 T curlx_sotouz
0205fc44 00000008 T curlx_uitous
0205fc4c 00000048 t ws_cw_init
0205fc94 00000034 t ws_cw_close
0205fcc8 00000084 t ws_disconnect
0205fd4c 00000354 t ws_dec_info
020600a0 000008a0 t ws_dec_pass
02060940 00000344 t ws_cw_write
02060c84 0000022c t ws_send_raw_blocking
02060eb0 0000049c t ws_flush
0206134c 00000034 t ws_setup_conn
02061380 0000041c t ws_enc_write_head
0206179c 00000314 t ws_enc_write_payload
02061ab0 00000200 T Curl_ws_request
02061cb0 0000037c T Curl_ws_accept
0206202c 0000090c T curl_ws_send
02062938 000001a8 t ws_cw_dec_next
02062ae0 00000164 T Curl_auth_digest_get_pair
02062c44 00000008 T Curl_auth_is_digest_supported
02062c4c 000000c8 T Curl_auth_digest_cleanup
02062d14 000006c0 T Curl_auth_decode_digest_http_message
020633d4 000000d4 T Curl_auth_allowed_to_host
020634a8 00000130 t free_primary_ssl_config
020635d8 00000004 T Curl_none_cleanup
020635dc 00000010 T Curl_none_shutdown
020635ec 00000008 T Curl_none_check_cxn
020635f4 00000004 T Curl_none_close_all
020635f8 00000008 T Curl_none_data_pending
02063600 00000008 T Curl_none_cert_status_request
02063608 00000008 T Curl_none_set_engine
02063610 00000008 T Curl_none_set_engine_default
02063618 00000008 T Curl_none_engines_list
02063620 00000088 t ssl_cf_data_pending
020636a8 00000058 t ssl_cf_adjust_pollset
02063700 00000100 t cf_ssl_is_alive
02063800 00000264 t multissl_version
02063a64 00000140 t ssl_cf_recv
02063ba4 000000ac t ssl_cf_cntrl
02063c50 0000005c t blobcmp.part.0
02063cac 0000009c t ssl_cf_query
02063d48 00000128 t ssl_cf_shutdown
02063e70 00000074 t ssl_cf_send
02063ee4 00000008 T Curl_none_false_start
02063eec 000000fc t ssl_cf_close
02063fe8 00000124 t ssl_cf_destroy
0206410c 00000384 t clone_ssl_primary_config
02064490 00000168 t multissl_init
020645f8 00000184 t multissl_close
0206477c 0000018c t multissl_get_internals
02064908 00000194 t multissl_adjust_pollset
02064a9c 00000190 t multissl_connect
02064c2c 000001a0 t multissl_connect_nonblocking
02064dcc 000001c0 t multissl_send_plain
02064f8c 000001c0 t multissl_recv_plain
0206514c 0000004c T Curl_ssl_easy_config_init
02065198 000004ec T Curl_ssl_conn_config_match
02065684 00000114 T Curl_ssl_easy_config_complete
02065798 000003bc T Curl_ssl_conn_config_init
02065b54 00000050 T Curl_ssl_conn_config_cleanup
02065ba4 0000009c T Curl_ssl_conn_config_update
02065c40 00000188 T Curl_ssl_backend
02065dc8 00000048 T Curl_ssl_init
02065e10 0000004c T Curl_ssl_sessionid_lock
02065e5c 00000048 T Curl_ssl_sessionid_unlock
02065ea4 0000056c T Curl_ssl_getsessionid
02066410 00000660 T Curl_ssl_set_sessionid
02066a70 00000178 T Curl_ssl_close_all
02066be8 0000019c T Curl_ssl_adjust_pollset
02066d84 00000030 T Curl_ssl_set_engine
02066db4 00000030 T Curl_ssl_set_engine_default
02066de4 00000030 T Curl_ssl_engines_list
02066e14 00000084 T Curl_ssl_initsessions
02066e98 000000b0 T Curl_ssl_free_certinfo
02066f48 00000104 T Curl_ssl_init_certinfo
0206704c 00000184 T Curl_ssl_push_certinfo_len
020671d0 00000040 T Curl_ssl_random
02067210 00000730 T Curl_pin_peer_pubkey
02067940 00000030 T Curl_ssl_cert_status_request
02067970 00000030 T Curl_ssl_false_start
020679a0 00000050 T Curl_ssl_cleanup
020679f0 000002ac T Curl_ssl_peer_init
02067c9c 000003f8 t ssl_cf_connect
02068094 0000022c T Curl_cf_ssl_insert_after
020682c0 00000214 T Curl_cf_ssl_proxy_insert_after
020684d4 0000001c T Curl_ssl_supports
020684f0 000000c0 T Curl_ssl_get_internals
020685b0 0000001c T Curl_ssl_cf_is_proxy
020685cc 00000024 T Curl_ssl_cf_get_config
020685f0 00000028 T Curl_ssl_cf_get_primary_config
02068618 000001bc T Curl_alpn_to_proto_str
020687d4 000004b8 T Curl_alpn_set_negotiated
02068c8c 0000021c t altsvc_createid
02068ea8 000001cc t altsvc_flush
02069074 000003b0 t altsvc_add
02069424 0000002c T Curl_alpnid2str
02069450 00000068 T Curl_altsvc_init
020694b8 000001a8 T Curl_altsvc_load
02069660 0000000c T Curl_altsvc_ctrl
0206966c 00000124 T Curl_altsvc_cleanup
02069790 00000384 T Curl_altsvc_save
02069b14 00000a18 T Curl_altsvc_parse
0206a52c 000002a0 T Curl_altsvc_lookup
0206a7cc 00000214 t base64_encode
0206a9e0 000003d4 T Curl_base64_decode
0206adb4 0000004c T Curl_base64_encode
0206ae00 0000004c T Curl_base64url_encode
0206ae4c 00000134 t prune_head
0206af80 00000018 T Curl_bufcp_init
0206af98 0000006c T Curl_bufcp_free
0206b004 00000028 T Curl_bufq_init2
0206b02c 00000028 T Curl_bufq_init
0206b054 0000002c T Curl_bufq_initp
0206b080 000000a4 T Curl_bufq_free
0206b124 00000044 T Curl_bufq_reset
0206b168 0000004c T Curl_bufq_len
0206b1b4 00000064 T Curl_bufq_space
0206b218 0000002c T Curl_bufq_is_empty
0206b244 00000064 T Curl_bufq_is_full
0206b2a8 000002e8 T Curl_bufq_write
0206b590 00000314 T Curl_bufq_cwrite
0206b8a4 00000214 T Curl_bufq_unwrite
0206bab8 00000180 T Curl_bufq_read
0206bc38 000001ac T Curl_bufq_cread
0206bde4 000000dc T Curl_bufq_peek
0206bec0 000000bc T Curl_bufq_skip
0206bf7c 000001a4 T Curl_bufq_pass
0206c120 000003e0 T Curl_bufq_write_pass
0206c500 00000274 T Curl_bufq_sipn
0206c774 000002e8 T Curl_bufq_slurp
0206ca5c 00000014 T Curl_bufref_init
0206ca70 00000058 T Curl_bufref_free
0206cac8 00000078 T Curl_bufref_set
0206cb40 00000008 T Curl_bufref_ptr
0206cb48 00000008 T Curl_bufref_len
0206cb50 00000024 t cf_socket_get_host
0206cb74 000001cc t cf_socket_query
0206cd40 00000278 t cf_socket_conn_is_alive
0206cfb8 000001a0 t set_local_ip
0206d158 00000284 t cf_socket_recv
0206d3dc 00000204 t cf_socket_send
0206d5e0 00000054 t cf_socket_data_pending
0206d634 00000244 t cf_socket_adjust_pollset
0206d878 0000014c t cf_socket_shutdown
0206d9c4 000000dc t tcpnodelay
0206daa0 000006f0 t bindlocal.constprop.0
0206e190 000001c0 t cf_socket_cntrl
0206e350 0000026c t cf_socket_close
0206e5bc 00000608 t cf_socket_open
0206ebc4 0000076c t cf_tcp_connect
0206f330 0000031c t cf_socket_destroy
0206f64c 000002a4 T Curl_parse_interface
0206f8f0 000001a8 T Curl_cf_tcp_create
0206fa98 00000008 T Curl_cf_def_cntrl
0206faa0 00000178 t conn_report_connect_stats
0206fc18 000001b8 t Curl_pollset_change.part.0
0206fdd0 00000010 T Curl_cf_def_shutdown
0206fde0 00000064 T Curl_cf_def_get_host
0206fe44 00000004 T Curl_cf_def_adjust_pollset
0206fe48 00000048 T Curl_cf_def_data_pending
0206fe90 00000040 T Curl_cf_def_send
0206fed0 00000040 T Curl_cf_def_recv
0206ff10 00000048 T Curl_cf_def_conn_is_alive
0206ff58 00000040 T Curl_cf_def_conn_keep_alive
0206ff98 00000040 T Curl_cf_def_query
0206ffd8 000000a4 T Curl_conn_cf_discard_chain
0207007c 000000ac T Curl_conn_cf_discard_all
02070128 00000078 T Curl_conn_close
020701a0 00000338 T Curl_conn_shutdown
020704d8 000000b0 T Curl_cf_recv
02070588 000000b0 T Curl_cf_send
02070638 00000094 T Curl_cf_create
020706cc 00000094 T Curl_conn_cf_add
02070760 00000030 T Curl_conn_cf_insert_after
02070790 000000b8 T Curl_conn_cf_discard_sub
02070848 0000003c T Curl_conn_cf_connect
02070884 00000034 T Curl_conn_cf_close
020708b8 00000044 T Curl_conn_cf_send
020708fc 00000044 T Curl_conn_cf_recv
02070940 000002e0 T Curl_conn_connect
02070c20 00000028 T Curl_conn_is_connected
02070c48 0000005c T Curl_conn_is_ip_connected
02070ca4 0000004c T Curl_conn_cf_is_ssl
02070cf0 00000060 T Curl_conn_is_ssl
02070d50 00000060 T Curl_conn_is_multiplex
02070db0 00000078 T Curl_conn_data_pending
02070e28 00000078 T Curl_conn_cf_needs_flush
02070ea0 00000090 T Curl_conn_needs_flush
02070f30 000000bc T Curl_conn_cf_adjust_pollset
02070fec 000000ec T Curl_conn_adjust_pollset
020710d8 00000140 T Curl_conn_cf_cntrl
02071218 0000005c T Curl_conn_cf_get_socket
02071274 00000048 T Curl_conn_cf_get_ip_info
020712bc 00000090 T Curl_conn_get_socket
0207134c 000000b4 T Curl_conn_ev_data_attach
02071400 000000b4 T Curl_conn_ev_data_detach
020714b4 000000b4 T Curl_conn_ev_data_setup
02071568 000000b4 T Curl_conn_ev_data_idle
0207161c 000000b8 T Curl_conn_flush
020716d4 000000b8 T Curl_conn_ev_data_done_send
0207178c 000000c4 T Curl_conn_ev_data_done
02071850 00000064 T Curl_conn_is_alive
020718b4 0000007c T Curl_conn_get_max_concurrent
02071930 00000088 T Curl_conn_get_stream_error
020719b8 00000064 T Curl_conn_recv
02071a1c 00000064 T Curl_conn_send
02071a80 0000002c T Curl_pollset_reset
02071aac 000001c0 T Curl_pollset_change
02071c6c 00000240 T Curl_pollset_set
02071eac 00000118 T Curl_pollset_add_socks
02071fc4 000000b8 T Curl_pollset_check
0207207c 0000002c t cpool_bundle_free_entry
020720a8 00000208 t cpool_get_oldest_idle
020722b0 000001c0 t cpool_add_pollfds
02072470 000001d8 t cpool_shutdown_discard_all
02072648 00000248 t cpool_run_conn_shutdown
02072890 00000124 t cpool_close_and_destroy.constprop.0
020729b4 000003f8 t cpool_perform
02072dac 00000160 t cpool_close_and_destroy
02072f0c 00000388 t cpool_discard_conn
02073294 00000100 T Curl_cpool_init
02073394 00000680 T Curl_cpool_destroy
02073a14 000001d8 T Curl_cpool_xfer_init
02073bec 000002a8 T Curl_cpool_add_conn
02073e94 00000268 T Curl_cpool_find
020740fc 000003a8 T Curl_cpool_disconnect
020744a4 00000484 T Curl_cpool_check_limits
02074928 0000025c T Curl_cpool_conn_now_idle
02074b84 00000128 T Curl_cpool_add_pollfds
02074cac 000000d4 T Curl_cpool_multi_perform
02074d80 00000338 T Curl_cpool_prune_dead
020750b8 0000021c T Curl_cpool_get_conn
020752d4 00000258 T Curl_cpool_do_by_id
0207552c 000001b4 T Curl_cpool_do_locked
020756e0 00000234 t cf_he_shutdown
02075914 000000c4 t cf_setup_destroy
020759d8 000001b0 t get_max_baller_time
02075b88 00000250 t cf_he_query
02075dd8 000000fc t cf_setup_close
02075ed4 00000450 t baller_start
02076324 00000598 t cf_setup_connect
020768bc 000000cc t cf_he_data_pending
02076988 00000114 t cf_he_adjust_pollset
02076a9c 00000108 t cf_he_ctx_clear
02076ba4 000000d4 t cf_he_destroy
02076c78 00000104 t cf_he_close
02076d7c 000002ec T Curl_timeleft
02077068 000011a4 t cf_he_connect
0207820c 0000009c T Curl_shutdown_start
020782a8 0000012c T Curl_shutdown_timeleft
020783d4 00000204 T Curl_conn_shutdown_timeleft
020785d8 00000028 T Curl_shutdown_clear
02078600 0000004c T Curl_shutdown_started
0207864c 000000e0 T Curl_addr2string
0207872c 000000a0 T Curl_getconnectinfo
020787cc 0000008c T Curl_conncontrol
02078858 00000160 T Curl_cf_setup_insert_after
020789b8 000001bc T Curl_conn_setup
02078b74 00000034 t zalloc_cb
02078ba8 00000030 t zfree_cb
02078bd8 00000008 t error_do_init
02078be0 00000004 t error_do_close
02078be4 0000004c t brotli_do_close
02078c30 0000023c t brotli_do_write
02078e6c 00000054 t brotli_do_init
02078ec0 0000017c t check_gzip_header.part.0
0207903c 000000d8 t deflate_do_init
02079114 000000f8 t deflate_do_close
0207920c 000000f8 t gzip_do_close
02079304 0000013c t gzip_do_init
02079440 00000554 t inflate_stream
02079994 000001b0 t deflate_do_write
02079b44 00000688 t gzip_do_write
0207a1cc 00000214 T Curl_all_content_encodings
0207a3e0 000000a4 t error_do_write
0207a484 00000620 T Curl_build_unencoding_stack
0207aaa4 00000170 T Curl_get_line
0207ac14 000001d8 t trc_infof
0207adec 00000138 T Curl_debug
0207af24 00000248 T Curl_failf
0207b16c 000000c0 T Curl_infof
0207b22c 00000214 T Curl_trc_cf_infof
0207b440 000000dc T Curl_trc_read
0207b51c 000000dc T Curl_trc_write
0207b5f8 000000dc T Curl_trc_ws
0207b6d4 00000008 T Curl_trc_init
0207b6dc 00000014 t cw_out_init
0207b6f0 000003d4 t cw_out_ptr_flush
0207bac4 000001ac t cw_out_append
0207bc70 00000270 t cw_out_flush_chain
0207bee0 00000094 t cw_out_close
0207bf74 00000234 t cw_out_do_write
0207c1a8 00000180 t cw_out_write
0207c328 000000f4 T Curl_cw_out_is_paused
0207c41c 00000170 T Curl_cw_out_done
0207c58c 00000018 T Curl_dyn_init
0207c5a4 0000004c T Curl_dyn_free
0207c5f0 00000024 T Curl_dyn_reset
0207c614 000000b0 T Curl_dyn_tail
0207c6c4 000001dc T Curl_dyn_addn
0207c8a0 000001c8 T Curl_dyn_add
0207ca68 000000ac T Curl_dyn_addf
0207cb14 00000008 T Curl_dyn_ptr
0207cb1c 00000008 T Curl_dyn_len
0207cb24 0000002c T Curl_dyn_setlen
0207cb50 0000022c T curl_easy_escape
0207cd7c 00000400 T Curl_urldecode
0207d17c 0000002c T curl_free
0207d1a8 000003d0 T Curl_fopen
0207d578 0000005c T curl_getenv
0207d5d4 00000088 t hash_element_dtor
0207d65c 0000008c T Curl_hash_str
0207d6e8 00000050 T Curl_str_key_compare
0207d738 00000020 T Curl_hash_init
0207d758 0000025c T Curl_hash_add2
0207d9b4 00000030 T Curl_hash_add
0207d9e4 00000148 T Curl_hash_delete
0207db2c 00000150 T Curl_hash_pick
0207dc7c 000000a8 T Curl_hash_destroy
0207dd24 0000010c T Curl_hash_clean
0207de30 00000008 T Curl_hash_count
0207de38 000001f4 T Curl_hash_clean_with_criterium
0207e02c 00000014 T Curl_hash_start_iterate
0207e040 00000140 T Curl_hash_next_element
0207e180 00000030 T Curl_hash_offt_init
0207e1b0 00000048 T Curl_hash_offt_set
0207e1f8 0000003c T Curl_hash_offt_remove
0207e234 0000003c T Curl_hash_offt_get
0207e270 00000448 T Curl_headers_push
0207e6b8 00000194 t hds_cw_collect_write
0207e84c 000000fc T Curl_headers_init
0207e948 000000ec T Curl_headers_cleanup
0207ea34 00000074 t hostcache_entry_is_stale
0207eaa8 00000064 t hostcache_unlink_entry
0207eb0c 000002ec t fetch_addr
0207edf8 00000058 T Curl_printable_address
0207ee50 0000017c T Curl_hostcache_prune
0207efcc 000000bc T Curl_fetch_addr
0207f088 00000500 T Curl_cache_addr
0207f588 00000044 T Curl_host_is_ipnum
0207f5cc 00000800 T Curl_resolv
0207fdcc 000000c4 T Curl_resolv_timeout
0207fe90 00000144 T Curl_resolv_unlink
0207ffd4 00000044 T Curl_init_dnscache
02080018 000000d8 T Curl_hostcache_clean
020800f0 00000870 T Curl_loadhostpairs
02080960 00000308 T Curl_resolv_check
02080c68 00000008 T Curl_resolv_getsock
02080c70 000000a8 T Curl_once_resolved
02080d18 00000014 T Curl_ipvalid
02080d2c 00000150 T Curl_getaddrinfo
02080e7c 0000008c T Curl_http_setup_conn
02080f08 00000324 t http_perhapsrewind
0208122c 0000006c T Curl_http_connect
02081298 00000044 T Curl_http_getsock_do
020812dc 00000118 T Curl_http_done
020813f4 00000054 t cr_exp100_done
02081448 000002e4 t cr_exp100_read
0208172c 00000164 t http_write_header
02081890 000000dc T Curl_checkProxyheaders
0208196c 00000184 T Curl_copy_header_value
02081af0 00000540 T Curl_http_auth_act
02082030 00000008 T Curl_http_output_auth
02082038 0000041c T Curl_http_input_auth
02082454 00000194 T Curl_compareheader
020825e8 0000051c T Curl_add_custom_headers
02082b04 000001d4 T Curl_add_timecondition
02082cd8 0000025c T Curl_http_host
02082f34 000003ac T Curl_http_target
020832e0 00000590 T Curl_http_req_set_reader
02083870 000004ac T Curl_http_req_complete
02083d1c 00000220 T Curl_http_range
02083f3c 00000288 T Curl_http_firstwrite
020841c4 00000154 T Curl_transferencode
02084318 00000a50 T Curl_http
02084d68 00000e60 T Curl_http_header
02085bc8 00000268 T Curl_http_statusline
02085e30 00000140 T Curl_http_size
02085f70 000000f8 T Curl_bump_headersize
02086068 0000008c T Curl_http_decode_status
020860f4 00000204 T Curl_http_req_make
020862f8 000005f8 T Curl_http_req_make2
020868f0 000000a0 T Curl_http_req_free
02086990 00000504 T Curl_http_req_to_h2
02086e94 00000134 T Curl_http_resp_free
02086fc8 00000154 T Curl_http_resp_make
0208711c 0000009c T Curl_http_exp100_got100
0208711c 0000009c t http_exp100_send_anyway
020871b8 00001230 t http_rw_hd
020883e8 000000a0 T Curl_http_write_resp_hd
02088488 0000077c t Curl_http_write_resp_hds.part.0
02088c04 00000134 T Curl_http_write_resp
02088d38 000000a0 t free_push_headers
02088dd8 0000002c T Curl_nghttp2_malloc
02088e04 0000002c T Curl_nghttp2_free
02088e30 0000002c T Curl_nghttp2_calloc
02088e5c 0000002c T Curl_nghttp2_realloc
02088e88 00000050 t error_callback
02088ed8 00000234 t cf_h2_query
0208910c 00000124 t cf_h2_data_pending
02089230 00000154 t cf_h2_keep_alive
02089384 00000054 t nw_in_reader
020893d8 000002dc t h2_process_pending_input
020896b4 0000033c t cf_h2_is_alive
020899f0 0000015c t drain_stream
02089b4c 000002cc t cf_h2_update_local_win
02089e18 00000574 t h2_progress_egress
0208a38c 0000010c t nw_out_writer
0208a498 0000017c t http2_data_done
0208a614 0000055c t cf_h2_cntrl
0208ab70 000006a0 t h2_progress_ingress
0208b210 0000056c t http2_handle_stream_close
0208b77c 00000098 t on_begin_headers
0208b814 000003d0 t on_stream_close
0208bbe4 000001c4 t req_body_read_callback
0208bda8 00000250 t cf_h2_body_send
0208bff8 000002fc t cf_h2_adjust_pollset
0208c2f4 0000030c t cf_h2_shutdown
0208c600 00000098 t cf_h2_close
0208c698 00000104 t send_callback
0208c79c 00000130 t h2_xfer_write_resp_hd.part.0
0208c8cc 000007bc t on_header
0208d088 00000374 t fr_print.constprop.0
0208d3fc 00000130 t on_frame_send
0208d52c 000002a8 t on_data_chunk_recv
0208d7d4 0000025c t http2_data_setup
0208da30 00000894 t cf_h2_connect
0208e2c4 000000ec t h2_stream_hash_free
0208e3b0 00000db4 t cf_h2_send
0208f164 00000100 t cf_h2_destroy
0208f264 00000730 t cf_h2_recv
0208f994 000001e8 T curl_pushheader_byname
0208fb7c 0000105c t on_frame_recv
02090bd8 000001cc T Curl_http2_request_upgrade
02090da4 00000068 T Curl_conn_is_http2
02090e0c 000000e0 T Curl_http2_may_switch
02090eec 00000370 T Curl_http2_switch
0209125c 000002ec T Curl_http2_switch_at
02091548 00000488 T Curl_http2_upgrade
020919d0 00000098 T Curl_h2_http_1_1_error
02091a68 0000000c t cr_chunked_total_length
02091a74 00000070 t cw_chunked_init
02091ae4 00000034 t cw_chunked_close
02091b18 00000970 t httpchunk_readwrite
02092488 00000220 t cw_chunked_write
020926a8 00000034 t cr_chunked_close
020926dc 000005c0 t add_chunk
02092c9c 000001c0 t cr_chunked_read
02092e5c 00000044 t cr_chunked_init
02092ea0 0000006c T Curl_httpchunk_init
02092f0c 00000068 T Curl_httpchunk_reset
02092f74 00000030 T Curl_httpchunk_free
02092fa4 00000014 T Curl_httpchunk_is_done
02092fb8 00000040 T Curl_httpchunk_read
02092ff8 000000c4 T Curl_httpchunk_add_reader
020930bc 000002e8 T Curl_input_ntlm
020933a4 00000050 T Curl_http_auth_cleanup_ntlm
020933f4 000000c4 t http_proxy_cf_destroy
020934b8 0000012c t http_proxy_cf_close
020935e4 0000048c t http_proxy_cf_connect
02093a70 00000068 T Curl_cf_http_proxy_get_host
02093ad8 000000e4 T Curl_http_proxy_get_destination
02093bbc 00000808 T Curl_http_proxy_create_CONNECT
020943c4 00000120 T Curl_cf_http_proxy_insert_after
020944e4 00000040 T Curl_is_ASCII_name
02094524 00000014 T Curl_idnconvert_hostname
02094538 00000008 T Curl_if2ip
02094540 000000a8 T curlx_nonblock
020945e8 000004d8 T Curl_check_noproxy
02094ac0 0000007c t socks_proxy_cf_close
02094b3c 0000004c t socks_proxy_cf_destroy
02094b88 000000c8 t socks_cf_adjust_pollset
02094c50 00000068 t socks_cf_get_host
02094cb8 00001e50 t socks_proxy_cf_connect
02096b08 00000090 T Curl_cf_socks_proxy_insert_after
02096b98 00000008 T Curl_auth_is_ntlm_supported
02096ba0 0000030c T Curl_auth_decode_ntlm_type2_message
02096eac 00000048 T Curl_auth_cleanup_ntlm
02096ef4 0000002c t mbedtls_session_free
02096f20 00000004 t mbedtls_close_all
02096f24 00000008 t mbedtls_init
02096f2c 00000004 t mbedtls_cleanup
02096f30 0000000c t mbedtls_get_internals
02096f3c 0000010c t mbed_send
02097048 000001c0 t mbed_recv
02097208 0000003c t mbedtls_sha256sum
02097244 0000010c t mbedtls_close
02097350 00000124 t mbedtls_random
02097474 0000016c t mbedtls_bio_cf_read
020975e0 00000150 t mbedtls_bio_cf_write
02097730 00000450 t mbed_verify_cb
02097b80 00000040 t mbedtls_data_pending
02097bc0 00000480 t mbedtls_shutdown
02098040 00000078 t mbedtls_version
020980b8 000011c8 t mbed_connect_step1
02099280 00000f3c t mbed_connect_common
0209a1bc 00000034 t mbedtls_connect_nonblocking
0209a1f0 00000034 t mbedtls_connect
0209a224 000001cc t getASN1Element
0209a3f0 00000110 t ssl_push_certinfo_dyn
0209a500 00000214 t OID2str.part.0.constprop.0
0209a714 00000c24 t ASN1tostr.constprop.0
0209b338 00000320 t encodeDN
0209b658 00000188 t do_pubkey_field
0209b7e0 00000434 T Curl_parseX509
0209bc14 000014e4 T Curl_extract_certinfo
0209d0f8 00000008 T Curl_conn_may_http3
0209d100 000000d0 t cf_h1_proxy_adjust_pollset
0209d1d0 00000228 t cf_h1_proxy_close
0209d3f8 0000024c t cf_h1_proxy_destroy
0209d644 0000291c t cf_h1_proxy_connect
0209ff60 00000090 T Curl_cf_h1_proxy_insert_after
0209fff0 000000d8 t cf_h2_proxy_data_pending
020a00c8 00000360 t proxy_h2_process_pending_input
020a0428 00000220 t cf_h2_proxy_is_alive
020a0648 000002dc t proxy_h2_progress_egress
020a0924 00000448 t proxy_h2_progress_ingress
020a0d6c 000000fc t proxy_h2_on_stream_close
020a0e68 00000138 t drain_tunnel
020a0fa0 00000720 t cf_h2_proxy_recv
020a16c0 00000074 t tunnel_recv_callback
020a1734 00000444 t cf_h2_proxy_adjust_pollset
020a1b78 000002d0 t cf_h2_proxy_shutdown
020a1e48 0000032c t proxy_h2_on_header
020a2174 000000b0 t on_session_send
020a2224 000001a4 t tunnel_send_callback
020a23c8 0000018c t cf_h2_proxy_query
020a2554 000000f8 t proxy_nw_in_reader
020a264c 000001f0 t cf_h2_proxy_cntrl
020a283c 000000fc t proxy_h2_nw_out_writer
020a2938 00000374 t proxy_h2_fr_print.constprop.0
020a2cac 00000378 t proxy_h2_on_frame_recv
020a3024 00000130 t proxy_h2_on_frame_send
020a3154 000004cc t cf_h2_proxy_send
020a3620 00000104 t cf_h2_proxy_destroy
020a3724 00000124 t cf_h2_proxy_close
020a3848 00001b8c t cf_h2_proxy_connect
020a53d4 00000180 T Curl_cf_h2_proxy_insert_after
020a5554 000000e8 t cf_haproxy_close
020a563c 000002e4 t cf_haproxy_connect
020a5920 00000084 t cf_haproxy_adjust_pollset
020a59a4 000000d8 t cf_haproxy_destroy
020a5a7c 0000013c T Curl_cf_haproxy_insert_after
020a5bb8 000002fc t cf_get_max_baller_time
020a5eb4 00000204 t cf_hc_query
020a60b8 00000120 t cf_hc_cntrl
020a61d8 000001a8 t cf_hc_data_pending
020a6380 00000264 t cf_hc_shutdown
020a65e4 00000154 t cf_hc_adjust_pollset
020a6738 0000036c t baller_connected
020a6aa4 00000190 t cf_hc_destroy
020a6c34 000001ac t cf_hc_close
020a6de0 0000095c t cf_hc_connect
020a773c 000002dc T Curl_cf_https_setup
020a7a18 00000058 T Curl_freeaddrinfo
020a7a70 00000264 T Curl_getaddrinfo_ex
020a7cd4 00000104 T Curl_ip2addr
020a7dd8 00000138 T Curl_str2addr
020a7f10 00000008 T Curl_read16_le
020a7f18 00000008 T Curl_read32_le
020a7f20 00000024 T Curl_dynhds_init
020a7f44 000000ac T Curl_dynhds_free
020a7ff0 000000a0 T Curl_dynhds_reset
020a8090 00000008 T Curl_dynhds_count
020a8098 00000008 T Curl_dynhds_set_opts
020a80a0 00000024 T Curl_dynhds_getn
020a80c4 00000100 T Curl_dynhds_get
020a81c4 0000010c T Curl_dynhds_cget
020a82d0 0000026c T Curl_dynhds_add
020a853c 00000284 T Curl_dynhds_cadd
020a87c0 000003c0 T Curl_dynhds_h1_add_line
020a8b80 000003cc T Curl_dynhds_h1_cadd_line
020a8f4c 000000e8 T Curl_dynhds_h1_dprint
020a9034 000000b4 T Curl_dynhds_to_nva
020a90e8 00000478 t start_req
020a9560 00000068 T Curl_h1_req_parse_init
020a95c8 00000060 T Curl_h1_req_parse_free
020a9628 00000588 T Curl_h1_req_parse_read
020a9bb0 00000110 T Curl_h1_req_write_head
020a9cc0 00000308 T Curl_cipher_suite_lookup_id
020a9fc8 000000e8 T Curl_cipher_suite_walk_str
020aa0b0 00000084 t stream_less
020aa134 000002d4 t session_inbound_frame_reset
020aa408 000000c4 t free_streams
020aa4cc 00000180 t session_ob_data_push
020aa64c 0000025c t session_call_error_callback
020aa8a8 00000128 t find_stream_on_goaway_func
020aa9d0 00000100 t session_headers_add_pad
020aaad0 0000016c t session_is_closing
020aac3c 00000110 t session_detach_stream_item
020aad4c 00000750 t session_new
020ab49c 00000274 t session_after_frame_sent2
020ab710 00000010 T nghttp2_is_fatal
020ab720 00000068 T nghttp2_session_get_stream
020ab788 00000060 T nghttp2_session_client_new3
020ab7e8 0000027c T nghttp2_session_del
020aba64 00000660 T nghttp2_session_open_stream
020ac0c4 00000390 T nghttp2_session_reprioritize_stream
020ac454 00000234 T nghttp2_session_add_item
020ac688 00000280 T nghttp2_session_add_rst_stream
020ac908 00000124 t update_remote_initial_window_size_func
020aca2c 00000190 T nghttp2_session_destroy_stream
020acbbc 00000460 T nghttp2_session_close_stream
020ad01c 000002ac T nghttp2_session_adjust_closed_stream
020ad2c8 000002f0 T nghttp2_session_adjust_idle_stream
020ad5b8 0000006c T nghttp2_session_check_request_allowed
020ad624 0000019c T nghttp2_session_pop_next_ob_item
020ad7c0 00000214 T nghttp2_session_update_local_settings
020ad9d4 0000014c T nghttp2_session_on_altsvc_received
020adb20 00000184 T nghttp2_session_on_data_received
020adca4 000001dc T nghttp2_session_update_recv_stream_window_size
020ade80 00000078 T nghttp2_session_want_read
020adef8 0000013c T nghttp2_session_want_write
020ae034 00000198 T nghttp2_session_add_ping
020ae1cc 00000248 T nghttp2_session_add_goaway
020ae414 000000b4 t session_terminate_session
020ae4c8 00000244 t session_update_consumed_size
020ae70c 00000230 t update_local_initial_window_size_func
020ae93c 00000190 T nghttp2_session_on_response_headers_received
020aeacc 0000027c T nghttp2_session_on_ping_received
020aed48 00000300 T nghttp2_session_on_goaway_received
020af048 000002dc T nghttp2_session_on_priority_received
020af324 000002e8 T nghttp2_session_on_rst_stream_received
020af60c 000001fc T nghttp2_session_update_recv_connection_window_size
020af808 000006b8 t session_after_frame_sent1
020afec0 00000358 T nghttp2_session_on_push_response_headers_received
020b0218 000004e0 T nghttp2_session_on_window_update_received
020b06f8 0000053c T nghttp2_session_on_priority_update_received
020b0c34 00000490 T nghttp2_session_on_request_headers_received
020b10c4 000002fc t session_process_headers_frame
020b13c0 00000504 T nghttp2_session_on_push_promise_received
020b18c4 00000d94 T nghttp2_session_on_settings_received
020b2658 00000134 T nghttp2_session_add_window_update
020b278c 0000062c T nghttp2_session_add_settings
020b2db8 000005c0 T nghttp2_session_pack_data
020b3378 00001918 t nghttp2_session_mem_send_internal
020b4c90 000000f0 T nghttp2_session_send
020b4d80 00000064 T nghttp2_session_get_stream_user_data
020b4de4 00000138 T nghttp2_session_set_stream_user_data
020b4f1c 00000100 T nghttp2_session_resume_data
020b501c 00000070 T nghttp2_session_get_stream_effective_recv_data_length
020b508c 00000064 T nghttp2_session_get_stream_effective_local_window_size
020b50f0 00000010 T nghttp2_session_get_local_window_size
020b5100 00000070 T nghttp2_session_get_stream_remote_window_size
020b5170 00000008 T nghttp2_session_get_remote_window_size
020b5178 0000009c T nghttp2_session_get_remote_settings
020b5214 00000300 T nghttp2_session_upgrade2
020b5514 000002e4 T nghttp2_session_consume
020b57f8 00003164 T nghttp2_session_mem_recv2
020b895c 0000002c T nghttp2_session_mem_recv
020b8988 00000030 T nghttp2_submit_ping
020b89b8 00000150 T nghttp2_submit_priority
020b8b08 00000040 T nghttp2_submit_rst_stream
020b8b48 00000054 T nghttp2_submit_goaway
020b8b9c 00000030 T nghttp2_submit_settings
020b8bcc 00000188 T nghttp2_submit_window_update
020b8d54 00000248 T nghttp2_session_set_local_window_size
020b8f9c 0000030c T nghttp2_submit_request
020b92a8 00000138 T nghttp2_submit_data_shared
020b93e0 000000a4 T nghttp2_pack_settings_payload
020b9484 00000040 T nghttp2_put_uint16be
020b94c4 00000040 T nghttp2_put_uint32be
020b9504 00000030 T nghttp2_get_uint16
020b9534 00000030 T nghttp2_get_uint32
020b9564 0000006c T nghttp2_downcase
020b95d0 00000138 T nghttp2_adjust_local_window_size
020b9708 000000d0 T nghttp2_increase_local_window_size
020b97d8 0000002c T nghttp2_should_send_window_update
020b9804 00000278 T nghttp2_strerror
020b9a7c 000000cc T nghttp2_check_header_name
020b9b48 00000088 T nghttp2_check_header_value
020b9bd0 000000bc T nghttp2_check_header_value_rfc9113
020b9c8c 00000088 T nghttp2_check_method
020b9d14 00000080 T nghttp2_check_path
020b9d94 00000050 T nghttp2_cpymem
020b9de4 00000028 T nghttp2_http2_strerror
020b9e0c 00000134 t hd_inflate_read_len
020b9f40 000010bc t lookup_token
020baffc 0000026c t emit_string
020bb268 0000020c t emit_indname_block
020bb474 0000019c t hd_context_shrink_table_size
020bb610 00000430 t add_hd_table_incremental
020bba40 00000100 t hd_inflate_commit_newname
020bbb40 00000204 t hd_inflate_commit_indname
020bbd44 000000d8 T nghttp2_hd_deflate_init2
020bbe1c 00000100 T nghttp2_hd_inflate_init
020bbf1c 000000e0 T nghttp2_hd_deflate_free
020bbffc 0000011c T nghttp2_hd_inflate_free
020bc118 00000064 T nghttp2_hd_deflate_change_table_size
020bc17c 00000070 T nghttp2_hd_inflate_change_table_size
020bc1ec 0000010c T nghttp2_hd_table_get
020bc2f8 00000a08 T nghttp2_hd_deflate_hd_bufs
020bcd00 00000084 T nghttp2_hd_deflate_bound
020bcd84 00000ac4 T nghttp2_hd_inflate_hd_nv
020bd848 00000068 T nghttp2_hd_inflate_end_headers
020bd8b0 0000008c T nghttp2_hd_huff_encode_count
020bd93c 0000024c T nghttp2_hd_huff_encode
020bdb88 0000000c T nghttp2_hd_huff_decode_context_init
020bdb94 000000c4 T nghttp2_hd_huff_decode
020bdc58 00000014 T nghttp2_hd_huff_decode_failure_state
020bdc6c 00000018 T nghttp2_priority_spec_init
020bdc84 00000018 T nghttp2_priority_spec_default_init
020bdc9c 00000034 T nghttp2_priority_spec_check_default
020bdcd0 0000002c T nghttp2_priority_spec_normalize_weight
020bdcfc 00000058 T nghttp2_option_new
020bdd54 0000002c T nghttp2_option_del
020bdd80 00000014 T nghttp2_option_set_no_auto_window_update
020bdd94 00000014 T nghttp2_option_set_no_rfc9113_leading_and_trailing_ws_validation
020bdda8 00000058 T nghttp2_session_callbacks_new
020bde00 0000002c T nghttp2_session_callbacks_del
020bde2c 00000008 T nghttp2_session_callbacks_set_send_callback
020bde34 00000008 T nghttp2_session_callbacks_set_on_frame_recv_callback
020bde3c 00000008 T nghttp2_session_callbacks_set_on_data_chunk_recv_callback
020bde44 00000008 T nghttp2_session_callbacks_set_on_frame_send_callback
020bde4c 00000008 T nghttp2_session_callbacks_set_on_stream_close_callback
020bde54 00000008 T nghttp2_session_callbacks_set_on_begin_headers_callback
020bde5c 00000008 T nghttp2_session_callbacks_set_on_header_callback
020bde64 00000008 T nghttp2_session_callbacks_set_error_callback
020bde6c 0000002c t default_realloc
020bde98 0000002c t default_calloc
020bdec4 0000002c t default_free
020bdef0 0000002c t default_malloc
020bdf1c 0000000c T nghttp2_mem_default
020bdf28 00000034 T nghttp2_mem_malloc
020bdf5c 00000034 T nghttp2_mem_free
020bdf90 0000002c T nghttp2_mem_free2
020bdfbc 00000038 T nghttp2_mem_calloc
020bdff4 00000038 T nghttp2_mem_realloc
020be02c 000000b4 T nghttp2_http_on_request_headers
020be0e0 000000ac T nghttp2_http_on_response_headers
020be18c 00000010 T nghttp2_http_on_trailer_headers
020be19c 00000054 T nghttp2_http_on_remote_end_stream
020be1f0 00000080 T nghttp2_http_on_data_chunk
020be270 00000100 T nghttp2_http_record_request_method
020be370 0000012c T nghttp2_http_parse_priority
020be49c 00000f7c T nghttp2_http_on_header
020bf418 00000098 T nghttp2_rcbuf_new
020bf4b0 000000c4 T nghttp2_rcbuf_new2
020bf574 00000018 T nghttp2_rcbuf_incref
020bf58c 0000009c T nghttp2_rcbuf_decref
020bf628 00000018 T nghttp2_extpri_to_uint8
020bf640 00000014 T nghttp2_extpri_from_uint8
020bf654 0000002c T nghttp2_ratelim_init
020bf680 0000014c T nghttp2_ratelim_update
020bf7cc 00000040 T nghttp2_ratelim_drain
020bf80c 00000074 T nghttp2_time_now_sec
020bf880 00000740 t parser_number
020bffc0 00000508 t parser_bare_item
020c04c8 00000224 T sf_parser_inner_list
020c06ec 000002e4 T sf_parser_param
020c09d0 000003e8 T sf_parser_dict
020c0db8 00000028 T sf_parser_init
020c0de0 000000d4 t bubble_down
020c0eb4 0000001c T nghttp2_pq_init
020c0ed0 00000048 T nghttp2_pq_free
020c0f18 00000150 T nghttp2_pq_push
020c1068 00000020 T nghttp2_pq_top
020c1088 000001f0 T nghttp2_pq_remove
020c1278 00000010 T nghttp2_pq_empty
020c1288 00000008 T nghttp2_pq_size
020c1290 00000120 t insert
020c13b0 00000018 T nghttp2_map_init
020c13c8 0000003c T nghttp2_map_free
020c1404 000000bc T nghttp2_map_each
020c14c0 00000364 T nghttp2_map_insert
020c1824 00000090 T nghttp2_map_find
020c18b4 00000108 T nghttp2_map_remove
020c19bc 00000008 T nghttp2_map_size
020c19c4 00000164 t frame_pack_headers_shared
020c1b28 00000074 T nghttp2_frame_pack_frame_hd
020c1b9c 00000084 T nghttp2_frame_unpack_frame_hd
020c1c20 0000001c T nghttp2_frame_hd_init
020c1c3c 00000080 T nghttp2_frame_headers_init
020c1cbc 00000038 T nghttp2_frame_headers_free
020c1cf4 00000038 T nghttp2_frame_priority_init
020c1d2c 00000004 T nghttp2_frame_priority_free
020c1d30 00000024 T nghttp2_frame_rst_stream_init
020c1d54 00000004 T nghttp2_frame_rst_stream_free
020c1d58 0000002c T nghttp2_frame_settings_init
020c1d84 00000038 T nghttp2_frame_settings_free
020c1dbc 00000038 T nghttp2_frame_push_promise_free
020c1df4 00000048 T nghttp2_frame_ping_init
020c1e3c 00000004 T nghttp2_frame_ping_free
020c1e40 00000034 T nghttp2_frame_goaway_init
020c1e74 00000038 T nghttp2_frame_goaway_free
020c1eac 0000002c T nghttp2_frame_window_update_init
020c1ed8 00000004 T nghttp2_frame_window_update_free
020c1edc 00000020 T nghttp2_frame_trail_padlen
020c1efc 00000020 T nghttp2_frame_data_init
020c1f1c 00000004 T nghttp2_frame_data_free
020c1f20 00000004 T nghttp2_frame_extension_free
020c1f24 00000040 T nghttp2_frame_altsvc_free
020c1f64 00000040 T nghttp2_frame_origin_free
020c1fa4 00000040 T nghttp2_frame_priority_update_free
020c1fe4 00000010 T nghttp2_frame_priority_len
020c1ff4 000001cc T nghttp2_frame_pack_headers
020c21c0 000000bc T nghttp2_frame_unpack_headers_payload
020c227c 00000148 T nghttp2_frame_pack_priority
020c23c4 00000074 T nghttp2_frame_unpack_priority_payload
020c2438 0000011c T nghttp2_frame_pack_rst_stream
020c2554 00000040 T nghttp2_frame_unpack_rst_stream_payload
020c2594 00000178 T nghttp2_frame_pack_settings
020c270c 000000a4 T nghttp2_frame_pack_settings_payload
020c27b0 0000000c T nghttp2_frame_unpack_settings_payload
020c27bc 00000064 T nghttp2_frame_unpack_settings_entry
020c2820 0000015c T nghttp2_frame_unpack_settings_payload2
020c297c 00000148 T nghttp2_frame_pack_push_promise
020c2ac4 00000050 T nghttp2_frame_unpack_push_promise_payload
020c2b14 00000120 T nghttp2_frame_pack_ping
020c2c34 00000014 T nghttp2_frame_unpack_ping_payload
020c2c48 0000012c T nghttp2_frame_pack_goaway
020c2d74 00000088 T nghttp2_frame_unpack_goaway_payload
020c2dfc 0000011c T nghttp2_frame_pack_window_update
020c2f18 00000044 T nghttp2_frame_unpack_window_update_payload
020c2f5c 000001ac T nghttp2_frame_pack_altsvc
020c3108 00000020 T nghttp2_frame_unpack_altsvc_payload
020c3128 00000198 T nghttp2_frame_pack_origin
020c32c0 00000250 T nghttp2_frame_unpack_origin_payload
020c3510 00000154 T nghttp2_frame_pack_priority_update
020c3664 000000d8 T nghttp2_frame_unpack_priority_update_payload
020c373c 000000a0 T nghttp2_frame_iv_copy
020c37dc 00000038 T nghttp2_nv_array_del
020c3814 00000204 T nghttp2_nv_array_copy
020c3a18 00000090 T nghttp2_iv_check
020c3aa8 00000164 T nghttp2_frame_add_pad
020c3c0c 0000001c T nghttp2_buf_init
020c3c28 0000004c T nghttp2_buf_free
020c3c74 00000014 T nghttp2_buf_reset
020c3c88 00000028 T nghttp2_buf_wrap_init
020c3cb0 000001ac T nghttp2_bufs_init3
020c3e5c 000001d4 T nghttp2_bufs_realloc
020c4030 000000ac T nghttp2_bufs_free
020c40dc 0000004c T nghttp2_bufs_len
020c4128 00000264 T nghttp2_bufs_add
020c438c 000001c4 T nghttp2_bufs_addb
020c4550 00000100 T nghttp2_bufs_reset
020c4650 00000030 T nghttp2_bufs_next_present
020c4680 00000070 t stream_less
020c46f0 0000014c t stream_obq_remove
020c483c 00000148 T nghttp2_stream_init
020c4984 00000030 T nghttp2_stream_free
020c49b4 00000010 T nghttp2_stream_shutdown
020c49c4 000001d0 T nghttp2_stream_reschedule
020c4b94 000001f0 T nghttp2_stream_change_weight
020c4d84 00000278 T nghttp2_stream_attach_item
020c4ffc 00000088 T nghttp2_stream_detach_item
020c5084 000000d0 T nghttp2_stream_defer_item
020c5154 00000218 T nghttp2_stream_resume_deferred_item
020c536c 00000028 T nghttp2_stream_check_deferred_item
020c5394 00000020 T nghttp2_stream_check_deferred_by_flow_control
020c53b4 00000040 T nghttp2_stream_update_remote_initial_window_size
020c53f4 00000040 T nghttp2_stream_update_local_initial_window_size
020c5434 00000018 T nghttp2_stream_promise_fulfilled
020c544c 00000030 T nghttp2_stream_dep_find_ancestor
020c547c 00000378 T nghttp2_stream_dep_insert
020c57f4 00000074 T nghttp2_stream_dep_add
020c5868 00000468 T nghttp2_stream_dep_remove
020c5cd0 000003dc T nghttp2_stream_dep_insert_subtree
020c60ac 0000023c T nghttp2_stream_dep_add_subtree
020c62e8 000000fc T nghttp2_stream_dep_remove_subtree
020c63e4 00000044 T nghttp2_stream_in_dep_tree
020c6428 00000098 T nghttp2_stream_next_outbound_item
020c64c0 0000002c T nghttp2_data_provider_wrap_v1
020c64ec 00000038 T nghttp2_outbound_item_init
020c6524 000001c0 T nghttp2_outbound_item_free
020c66e4 0000003c T nghttp2_outbound_queue_push
020c6720 00000048 T nghttp2_outbound_queue_pop
020c6768 0000006c t SaveErrorCode
020c67d8 00000510 t DecodeMetaBlockLength
020c6cec 00000154 t InverseMoveToFrontTransform
020c6e40 0000036c t InitializeCompoundDictionaryCopy
020c71ac 00000080 t BrotliCalculateRingBufferSize
020c7230 00000278 t SkipMetadataBlock
020c74ac 00000118 t BrotliEnsureRingBuffer
020c75c8 00000070 t WrapRingBuffer
020c763c 00000178 t CopyFromCompoundDictionary
020c77b8 000001bc t WriteRingBuffer
020c7978 00000278 t CopyUncompressedBlockToOutput
020c7bf4 00000220 t DecodeVarLenUint8
020c7e18 00000d00 t ReadHuffmanCode
020c8b1c 00000108 t SafeDecodeSymbol
020c8c28 000004dc t DecodeContextMap
020c9108 000002c8 t DecodeCommandBlockSwitch
020c93d4 000002d4 t DecodeDistanceBlockSwitch
020c96ac 00000448 t SafeDecodeLiteralBlockSwitch
020c9af8 00000308 t DecodeLiteralBlockSwitch
020c9e04 0000151c t ProcessCommands
020cb324 00000410 t SafeDecodeDistanceBlockSwitch.constprop.0
020cb738 00000404 t SafeDecodeCommandBlockSwitch.constprop.0
020cbb40 00001054 t SafeProcessCommands
020ccb98 00000164 T BrotliDecoderCreateInstance
020ccd00 00000078 T BrotliDecoderDestroyInstance
020ccd7c 00001818 T BrotliDecoderDecompressStream
020ce594 00000050 T BrotliDecoderHasMoreOutput
020ce5e4 00000008 T BrotliDecoderGetErrorCode
020ce5f0 00000154 T BrotliDecoderErrorString
020ce748 00000428 T BrotliBuildCodeLengthsHuffmanTable
020ceb74 00000534 T BrotliBuildHuffmanTable
020cf0ac 00000310 T BrotliBuildSimpleHuffmanTable
020cf3c0 000001d0 T BrotliDecoderStateInit
020cf590 0000007c T BrotliDecoderStateMetablockBegin
020cf60c 000000c4 T BrotliDecoderStateCleanupAfterMetablock
020cf6d4 000000b4 T BrotliDecoderStateCleanup
020cf788 000000cc T BrotliDecoderHuffmanTreeGroupInit
020cf854 00000008 T BrotliDecoderEnsureStaticInit
020cf85c 00000010 T BrotliInitBitReader
020cf86c 00000094 T BrotliWarmupBitReader
020cf904 00000180 T BrotliSafeReadBits32Slow
020cfa88 00000044 T BrotliDefaultAllocFunc
020cfad0 00000044 T BrotliDefaultFreeFunc
020cfb14 00000084 T BrotliSharedDictionaryDestroyInstance
020cfb98 00000048 T BrotliSharedDictionaryAttach
020cfbe4 00000158 T BrotliSharedDictionaryCreateInstance
020cfd3c 00000150 t Shift
020cfe90 00000038 T BrotliGetTransforms
020cfecc 00000698 T BrotliTransformDictionaryWord
020d0568 00000038 T BrotliGetDictionary
020d05a0 000000ac T mbedtls_ssl_list_ciphersuites
020d064c 00000030 T mbedtls_ssl_ciphersuite_from_id
020d067c 0000003c T mbedtls_ssl_get_ciphersuite_name
020d06b8 00000058 T mbedtls_ssl_get_ciphersuite_sig_pk_alg
020d0710 0000002c T mbedtls_ssl_get_ciphersuite_sig_alg
020d073c 00000030 T mbedtls_ssl_ciphersuite_uses_ec
020d076c 00000018 T mbedtls_ssl_ciphersuite_uses_psk
020d0784 00000074 t ssl_hs_is_proper_fragment
020d07f8 0000011c t ssl_check_ctr_renegotiate
020d0914 00000094 t ssl_buffering_free_slot.isra.0
020d09a8 00000078 T mbedtls_ssl_set_timer
020d0a20 00000bf8 T mbedtls_ssl_encrypt_buf
020d1618 00000bac T mbedtls_ssl_decrypt_buf
020d21c4 00000054 T mbedtls_ssl_flight_free
020d2218 00000160 T mbedtls_ssl_recv_flight_completed
020d2378 000000ec T mbedtls_ssl_send_flight_completed
020d2464 000000cc T mbedtls_ssl_update_handshake_status
020d2530 0000001c T mbedtls_ssl_dtls_replay_reset
020d254c 000000d0 T mbedtls_ssl_dtls_replay_check
020d261c 000003cc t ssl_parse_record_header
020d29e8 00000148 T mbedtls_ssl_dtls_replay_update
020d2b30 00000068 T mbedtls_ssl_update_out_pointers
020d2b98 00000244 T mbedtls_ssl_flush_output
020d2ddc 000000d4 t ssl_swap_epochs
020d2eb0 0000006c T mbedtls_ssl_reset_in_out_pointers
020d2f1c 0000001c T mbedtls_ssl_get_bytes_avail
020d2f38 000000c0 T mbedtls_ssl_get_record_expansion
020d2ff8 00000104 t ssl_get_remaining_payload_in_datagram
020d30fc 0000055c T mbedtls_ssl_write_record
020d3658 00000544 T mbedtls_ssl_write_handshake_msg
020d3b9c 000000f4 T mbedtls_ssl_write_change_cipher_spec
020d3c90 00000164 T mbedtls_ssl_send_alert_message
020d3df4 000001cc t ssl_write_real
020d3fc0 000004c8 T mbedtls_ssl_flight_transmit
020d4488 0000038c T mbedtls_ssl_prepare_handshake_record
020d4814 00000384 T mbedtls_ssl_handle_message_type
020d4b98 000007ec T mbedtls_ssl_fetch_input
020d5384 00001c04 T mbedtls_ssl_read_record
020d6f88 0000020c T mbedtls_ssl_parse_change_cipher_spec
020d7194 000006e0 T mbedtls_ssl_read
020d7874 0000021c T mbedtls_ssl_write
020d7a90 000000f0 T mbedtls_ssl_close_notify
020d7b80 00000060 T mbedtls_ssl_transform_free
020d7be0 00000100 T mbedtls_ssl_buffering_free
020d7ce0 0000003c T mbedtls_ssl_write_version
020d7d1c 00000040 T mbedtls_ssl_read_version
020d7d5c 00000008 t ssl_cookie_write_dummy
020d7d64 00000008 t ssl_cookie_check_dummy
020d7d6c 000002c0 t ssl_session_save
020d802c 000002b0 t tls_prf_generic
020d82dc 00000038 t tls_prf_sha256
020d8314 00000038 t tls_prf_sha384
020d834c 000004b0 t tls1_prf
020d87fc 00000170 t ssl_calc_finished_tls_sha256
020d896c 000000e4 t ssl_calc_verify_tls_sha256
020d8a50 00000170 t ssl_calc_finished_tls_sha384
020d8bc0 000000e4 t ssl_calc_verify_tls_sha384
020d8ca4 000001c4 t ssl_calc_finished_tls
020d8e68 0000010c t ssl_calc_verify_tls
020d8f74 000008b0 t ssl_populate_transform
020d9824 000000ec t ssl_write_hello_request
020d9910 00000324 t ssl_session_load
020d9c34 0000000c t ssl_update_checksum_sha256
020d9c40 0000000c t ssl_update_checksum_sha384
020d9c4c 0000005c t ssl_update_checksum_md5sha1
020d9ca8 00000084 t ssl_update_checksum_start
020d9d2c 0000014c T mbedtls_ssl_session_copy
020d9e78 00000410 T mbedtls_ssl_derive_keys
020da288 000002fc T mbedtls_ssl_psk_derive_premaster
020da584 00000090 T mbedtls_ssl_resend_hello_request
020da614 00000368 T mbedtls_ssl_write_certificate
020da97c 0000004c T mbedtls_ssl_optimize_checksum
020da9c8 0000005c T mbedtls_ssl_reset_checksum
020daa24 00000360 T mbedtls_ssl_write_finished
020dad84 000002a8 T mbedtls_ssl_parse_finished
020db02c 0000000c T mbedtls_ssl_session_init
020db038 0000000c T mbedtls_ssl_init
020db044 00000008 T mbedtls_ssl_conf_authmode
020db04c 0000000c T mbedtls_ssl_conf_verify
020db058 0000000c T mbedtls_ssl_conf_rng
020db064 00000014 T mbedtls_ssl_set_bio
020db078 00000084 T mbedtls_ssl_set_session
020db0fc 00000014 T mbedtls_ssl_conf_ciphersuites
020db110 00000008 T mbedtls_ssl_conf_cert_profile
020db118 00000098 T mbedtls_ssl_conf_own_cert
020db1b0 0000000c T mbedtls_ssl_conf_ca_chain
020db1bc 000000e8 T mbedtls_ssl_conf_dh_param_bin
020db2a4 00000128 T mbedtls_ssl_set_hostname
020db3cc 000000c0 T mbedtls_ssl_conf_alpn_protocols
020db48c 00000008 T mbedtls_ssl_get_alpn_protocol
020db494 0000000c T mbedtls_ssl_conf_max_version
020db4a0 0000000c T mbedtls_ssl_conf_min_version
020db4ac 00000008 T mbedtls_ssl_conf_renegotiation
020db4b4 00000008 T mbedtls_ssl_conf_session_tickets
020db4bc 00000070 T mbedtls_ssl_get_version
020db52c 000000c0 T mbedtls_ssl_get_output_max_frag_len
020db5ec 00000070 T mbedtls_ssl_get_current_mtu
020db65c 00000120 T mbedtls_ssl_get_max_out_record_payload
020db77c 00000024 T mbedtls_ssl_get_peer_cert
020db7a0 0000003c T mbedtls_ssl_get_session
020db7dc 00000018 T mbedtls_ssl_session_save
020db7f4 00000088 T mbedtls_ssl_session_load
020db87c 0000016c T mbedtls_ssl_handshake
020db9e8 000000e4 T mbedtls_ssl_handshake_free
020dbacc 000000b0 T mbedtls_ssl_handshake_wrapup_free_hs_transform
020dbb7c 000001d4 T mbedtls_ssl_handshake_wrapup
020dbd50 000001d0 t mbedtls_ssl_free.part.0
020dbf20 000002a0 t ssl_handshake_init
020dc1c0 00000148 T mbedtls_ssl_setup
020dc308 000002e0 T mbedtls_ssl_session_reset_int
020dc5e8 0000012c T mbedtls_ssl_start_renegotiation
020dc714 00000140 T mbedtls_ssl_renegotiate
020dc854 00000068 T mbedtls_ssl_session_free
020dc8bc 0000000c T mbedtls_ssl_free
020dc8c8 0000000c T mbedtls_ssl_config_init
020dc8d4 00000230 T mbedtls_ssl_config_defaults
020dcb04 000000b8 T mbedtls_ssl_config_free
020dcbbc 00000070 T mbedtls_ssl_sig_from_pk
020dcc2c 0000002c T mbedtls_ssl_sig_from_pk_alg
020dcc58 00000024 T mbedtls_ssl_pk_alg_from_sig
020dcc7c 00000028 T mbedtls_ssl_sig_hash_set_find
020dcca4 00000038 T mbedtls_ssl_sig_hash_set_add
020dccdc 0000000c T mbedtls_ssl_sig_hash_set_const_hash
020dcce8 00000020 T mbedtls_ssl_md_alg_from_hash
020dcd08 0000001c T mbedtls_ssl_hash_from_md_alg
020dcd24 00000044 T mbedtls_ssl_check_curve
020dcd68 00000044 T mbedtls_ssl_check_sig_hash
020dcdac 0000012c T mbedtls_ssl_check_cert_usage
020dced8 00000a80 T mbedtls_ssl_parse_certificate
020dd958 00000078 T mbedtls_ssl_set_calc_verify_md
020dd9d0 00000234 T mbedtls_ssl_get_key_exchange_md_ssl_tls
020ddc04 000001f0 T mbedtls_ssl_get_key_exchange_md_tls1_2
020dddf4 000001ec t mbedtls_debug_print_mpi.part.0
020ddfe0 000001c0 t mbedtls_debug_print_ecp.part.0
020de1a0 00000150 T mbedtls_debug_print_msg
020de2f0 000000dc T mbedtls_debug_print_ret
020de3cc 000002c4 T mbedtls_debug_print_buf
020de690 0000003c T mbedtls_debug_print_mpi
020de6cc 00000398 T mbedtls_debug_print_crt
020dea64 000000d8 T mbedtls_debug_printf_ecdh
020deb3c 000000ec t ssl_check_server_ecdh_params
020dec28 000002a4 t ssl_write_encrypted_pms
020deecc 000000f0 t ssl_validate_ciphersuite
020defbc 0000122c t ssl_write_client_hello
020e01e8 00003154 T mbedtls_ssl_handshake_client_step
020e333c 00000140 t ssl_parse_client_dh_public
020e347c 00002268 t ssl_parse_client_hello
020e56e4 000001d4 t ssl_parse_client_psk_identity
020e58b8 000002f4 t ssl_parse_encrypted_pms
020e5bac 00002768 T mbedtls_ssl_handshake_server_step
020e8314 00000104 t mbedtls_x509_crl_free.part.0
020e8418 000007b4 T mbedtls_x509_crl_parse_der
020e8bcc 00000194 T mbedtls_x509_crl_parse
020e8d60 00000074 T mbedtls_x509_crl_parse_file
020e8dd4 0000000c T mbedtls_x509_crl_init
020e8de0 0000000c T mbedtls_x509_crl_free
020e8dec 000000fc t x509_profile_check_key
020e8ee8 000001ac t mbedtls_x509_crt_free.part.0
020e9094 00000194 t x509_name_cmp
020e9228 0000021c t x509_crt_check_cn
020e9444 0000083c t x509_crt_verify_restartable_ca_cb.constprop.0.isra.0
020e9c80 00000268 T mbedtls_x509_parse_subject_alt_name
020e9ee8 00000ea0 t mbedtls_x509_crt_parse_der_internal
020ead88 00000010 T mbedtls_x509_crt_parse_der
020ead98 00000254 T mbedtls_x509_crt_parse
020eafec 00000074 T mbedtls_x509_crt_parse_file
020eb060 00000164 T mbedtls_x509_crt_parse_path
020eb1c4 00001a40 T mbedtls_x509_crt_info
020ecc04 00000144 T mbedtls_x509_crt_verify_info
020ecd48 00000040 T mbedtls_x509_crt_check_key_usage
020ecd88 000000c4 T mbedtls_x509_crt_check_extended_key_usage
020ece4c 00000004 T mbedtls_x509_crt_verify_restartable
020ece50 0000000c T mbedtls_x509_crt_init
020ece5c 0000000c T mbedtls_x509_crt_free
020ece68 000000c4 t x509_check_time
020ecf2c 00000098 t x509_get_current_time
020ecfc4 000000bc T mbedtls_x509_get_serial
020ed080 0000002c T mbedtls_x509_get_alg
020ed0ac 000003c8 T mbedtls_x509_get_rsassa_pss_params
020ed474 00000248 T mbedtls_x509_get_name
020ed6bc 00000424 T mbedtls_x509_get_time
020edae0 000000a4 T mbedtls_x509_get_sig
020edb84 0000010c T mbedtls_x509_get_sig_alg
020edc90 000000a4 T mbedtls_x509_get_ext
020edd34 00000298 T mbedtls_x509_dn_gets
020edfcc 0000024c T mbedtls_x509_serial_gets
020ee218 0000019c T mbedtls_x509_sig_alg_gets
020ee3b4 00000058 T mbedtls_x509_key_size_helper
020ee40c 0000005c T mbedtls_x509_time_is_past
020ee468 0000005c T mbedtls_x509_time_is_future
020ee4c4 00000388 t aes_gen_tables
020ee84c 000000c8 t mbedtls_gf128mul_x_ble
020ee914 0000000c T mbedtls_aes_init
020ee920 00000010 T mbedtls_aes_free
020ee930 00000040 T mbedtls_aes_xts_init
020ee970 00000048 T mbedtls_aes_xts_free
020ee9b8 00000374 T mbedtls_aes_setkey_enc
020eed2c 000001d4 T mbedtls_aes_setkey_dec
020eef00 00000098 T mbedtls_aes_xts_setkey_enc
020eef98 00000098 T mbedtls_aes_xts_setkey_dec
020ef030 00000514 T mbedtls_internal_aes_encrypt
020ef544 00000514 T mbedtls_internal_aes_decrypt
020efa58 00000018 T mbedtls_aes_crypt_ecb
020efa70 00000264 T mbedtls_aes_crypt_cbc
020efcd4 000003c4 T mbedtls_aes_crypt_xts
020f0098 000001a8 T mbedtls_aes_crypt_cfb128
020f0240 00000104 T mbedtls_aes_crypt_ofb
020f0344 00000180 T mbedtls_aes_crypt_ctr
020f04c4 000000ac t asn1_get_sequence_of_cb
020f0570 00000100 T mbedtls_asn1_get_len
020f0670 00000154 t asn1_get_tagged_int
020f07c4 00000034 T mbedtls_asn1_get_tag
020f07f8 000000a4 T mbedtls_asn1_get_bool
020f089c 0000000c T mbedtls_asn1_get_int
020f08a8 0000009c T mbedtls_asn1_get_mpi
020f0944 000000d8 T mbedtls_asn1_get_bitstring
020f0a1c 00000254 T mbedtls_asn1_traverse_sequence_of
020f0c70 000000a4 T mbedtls_asn1_get_bitstring_null
020f0d14 00000060 T mbedtls_asn1_get_sequence_of
020f0d74 00000198 T mbedtls_asn1_get_alg
020f0f0c 00000064 T mbedtls_asn1_get_alg_null
020f0f70 00000618 t mpi_mul_hlp
020f1588 00000118 t mpi_fill_random_internal
020f16a0 00000018 T mbedtls_mpi_init
020f16b8 00000060 T mbedtls_mpi_free
020f1718 000000d0 T mbedtls_mpi_grow
020f17e8 00000114 t mbedtls_mpi_resize_clear
020f18fc 00000158 T mbedtls_mpi_shrink
020f1a54 000001a0 T mbedtls_mpi_copy
020f1bf4 000000cc T mbedtls_mpi_lset
020f1cc0 00000034 T mbedtls_mpi_get_bit
020f1cf4 000000b0 T mbedtls_mpi_set_bit
020f1da4 00000098 T mbedtls_mpi_lsb
020f1e3c 000000f8 T mbedtls_mpi_bitlen
020f1f34 00000028 T mbedtls_mpi_size
020f1f5c 00000094 T mbedtls_mpi_read_binary_le
020f1ff0 00000104 T mbedtls_mpi_read_binary
020f20f4 00000120 T mbedtls_mpi_write_binary_le
020f2214 0000010c T mbedtls_mpi_write_binary
020f2320 000001c8 T mbedtls_mpi_shift_l
020f24e8 000001c8 T mbedtls_mpi_shift_r
020f26b0 000001b4 T mbedtls_mpi_cmp_abs
020f2864 000001e8 T mbedtls_mpi_cmp_mpi
020f2a4c 00000050 T mbedtls_mpi_cmp_int
020f2a9c 00000200 T mbedtls_mpi_add_abs
020f2c9c 00000258 T mbedtls_mpi_sub_abs
020f2ef4 00000120 t add_sub_mpi
020f3014 00000008 T mbedtls_mpi_add_mpi
020f301c 00000008 T mbedtls_mpi_sub_mpi
020f3024 00000054 T mbedtls_mpi_add_int
020f3078 00000054 T mbedtls_mpi_sub_int
020f30cc 00000310 T mbedtls_mpi_mul_mpi
020f33dc 00000178 T mbedtls_mpi_mul_int
020f3554 000006ec T mbedtls_mpi_div_mpi
020f3c40 00000138 T mbedtls_mpi_mod_mpi
020f3d78 000000b8 T mbedtls_mpi_mod_int
020f3e30 000000f8 t mpi_check_small_factors
020f3f28 00000038 T mbedtls_mpi_montmul_init
020f3f60 000001e8 T mbedtls_mpi_montmul
020f4148 000000b8 T mbedtls_mpi_get_mont_r2_unsafe
020f4200 000009cc T mbedtls_mpi_exp_mod
020f4bcc 00000574 t mpi_miller_rabin
020f5140 000004c4 T mbedtls_mpi_gcd
020f5604 000000a0 T mbedtls_mpi_fill_random
020f56a4 00000260 T mbedtls_mpi_random
020f5904 00000720 T mbedtls_mpi_inv_mod
020f6024 00000120 T mbedtls_mpi_is_prime_ext
020f6144 0000004c t add_pkcs_padding
020f6190 00000054 t add_one_and_zeros_padding
020f61e4 00000040 t add_zeros_and_len_padding
020f6224 0000001c t add_zeros_padding
020f6240 00000024 t get_no_padding
020f6264 000000d4 t get_zeros_and_len_padding
020f6338 000000e4 t get_pkcs_padding
020f641c 00000108 t get_one_and_zeros_padding
020f6524 00000164 t mbedtls_cipher_aead_encrypt
020f6688 00000140 t mbedtls_cipher_aead_decrypt
020f67c8 000000cc t get_zeros_padding
020f6894 00000038 T mbedtls_cipher_info_from_type
020f68cc 00000048 T mbedtls_cipher_info_from_values
020f6914 0000000c T mbedtls_cipher_init
020f6920 00000060 T mbedtls_cipher_free
020f6980 000000a8 T mbedtls_cipher_setup
020f6a28 0000007c T mbedtls_cipher_setkey
020f6aa4 000000fc T mbedtls_cipher_set_iv
020f6ba0 00000028 T mbedtls_cipher_reset
020f6bc8 00000504 T mbedtls_cipher_update
020f70cc 00000210 T mbedtls_cipher_finish
020f72dc 000000dc T mbedtls_cipher_set_padding_mode
020f73b8 000000ec T mbedtls_cipher_crypt
020f74a4 0000006c T mbedtls_cipher_auth_encrypt_ext
020f7510 00000054 T mbedtls_cipher_auth_decrypt_ext
020f7564 00000030 t chachapoly_ctx_free
020f7594 00000040 t chachapoly_ctx_alloc
020f75d4 00000040 t chachapoly_setkey_wrap
020f7614 00000030 t chacha20_ctx_free
020f7644 00000040 t chacha20_ctx_alloc
020f7684 00000040 t chacha20_setkey_wrap
020f76c4 00000030 t chacha20_stream_wrap
020f76f4 00000030 t des3_ctx_free
020f7724 00000040 t des3_ctx_alloc
020f7764 00000004 t des3_set3key_dec_wrap
020f7768 00000004 t des3_set3key_enc_wrap
020f776c 00000004 t des3_crypt_cbc_wrap
020f7770 0000000c t des3_crypt_ecb_wrap
020f777c 00000004 t des3_set2key_dec_wrap
020f7780 00000004 t des3_set2key_enc_wrap
020f7784 00000030 t des_ctx_free
020f77b4 00000040 t des_ctx_alloc
020f77f4 00000004 t des_setkey_dec_wrap
020f77f8 00000004 t des_setkey_enc_wrap
020f77fc 00000004 t des_crypt_cbc_wrap
020f7800 0000000c t des_crypt_ecb_wrap
020f780c 00000030 t ccm_ctx_free
020f783c 00000040 t ccm_ctx_alloc
020f787c 00000010 t ccm_camellia_setkey_wrap
020f788c 00000010 t ccm_aes_setkey_wrap
020f789c 00000030 t gcm_ctx_free
020f78cc 00000040 t gcm_ctx_alloc
020f790c 00000010 t gcm_camellia_setkey_wrap
020f791c 00000010 t gcm_aes_setkey_wrap
020f792c 00000030 t camellia_ctx_free
020f795c 00000040 t camellia_ctx_alloc
020f799c 00000004 t camellia_setkey_dec_wrap
020f79a0 00000004 t camellia_setkey_enc_wrap
020f79a4 00000004 t camellia_crypt_ctr_wrap
020f79a8 00000004 t camellia_crypt_cfb128_wrap
020f79ac 00000004 t camellia_crypt_cbc_wrap
020f79b0 00000004 t camellia_crypt_ecb_wrap
020f79b4 00000030 t blowfish_ctx_free
020f79e4 00000040 t blowfish_ctx_alloc
020f7a24 00000004 t blowfish_setkey_wrap
020f7a28 00000004 t blowfish_crypt_ctr_wrap
020f7a2c 00000004 t blowfish_crypt_cfb64_wrap
020f7a30 00000004 t blowfish_crypt_cbc_wrap
020f7a34 00000004 t blowfish_crypt_ecb_wrap
020f7a38 00000030 t arc4_ctx_free
020f7a68 00000040 t arc4_ctx_alloc
020f7aa8 00000038 t arc4_setkey_wrap
020f7ae0 00000004 t arc4_crypt_stream_wrap
020f7ae4 00000040 t xts_aes_ctx_alloc
020f7b24 00000004 t xts_aes_setkey_dec_wrap
020f7b28 00000004 t xts_aes_setkey_enc_wrap
020f7b2c 0000001c t aes_crypt_xts_wrap
020f7b48 00000030 t aes_ctx_free
020f7b78 00000040 t aes_ctx_alloc
020f7bb8 00000004 t aes_setkey_dec_wrap
020f7bbc 00000004 t aes_setkey_enc_wrap
020f7bc0 00000004 t aes_crypt_ctr_wrap
020f7bc4 00000004 t aes_crypt_ofb_wrap
020f7bc8 00000004 t aes_crypt_cfb128_wrap
020f7bcc 00000004 t aes_crypt_cbc_wrap
020f7bd0 00000004 t aes_crypt_ecb_wrap
020f7bd4 00000040 t xts_aes_ctx_free
020f7c14 00000048 T mbedtls_ct_memcmp
020f7c5c 00000010 T mbedtls_ct_uint_mask
020f7c6c 00000010 T mbedtls_ct_size_mask
020f7c7c 00000010 T mbedtls_ct_size_mask_ge
020f7c8c 00000018 T mbedtls_ct_size_bool_eq
020f7ca4 0000001c T mbedtls_ct_uint_if
020f7cc0 0000003c T mbedtls_ct_mpi_uint_cond_assign
020f7cfc 000000ac T mbedtls_ct_base64_dec_value
020f7da8 00000080 T mbedtls_ct_memcpy_offset
020f7e28 00000274 T mbedtls_ct_hmac
020f809c 0000010c T mbedtls_mpi_safe_cond_assign
020f81a8 00000128 T mbedtls_mpi_safe_cond_swap
020f82d0 000000dc T mbedtls_mpi_lt_mpi_ct
020f83ac 000002f8 T mbedtls_ct_rsaes_pkcs1_v15_unpadding
020f86a4 000002e4 t block_cipher_df
020f8988 000001b0 t ctr_drbg_update_internal
020f8b38 00000188 t mbedtls_ctr_drbg_reseed_internal
020f8cc0 00000044 T mbedtls_ctr_drbg_init
020f8d04 00000050 T mbedtls_ctr_drbg_free
020f8d54 00000108 T mbedtls_ctr_drbg_seed
020f8e5c 000001f8 T mbedtls_ctr_drbg_random_with_add
020f9054 0000000c T mbedtls_ctr_drbg_random
020f9060 0000000c T mbedtls_des_init
020f906c 00000010 T mbedtls_des_free
020f907c 0000000c T mbedtls_des3_init
020f9088 00000010 T mbedtls_des3_free
020f9098 00000338 T mbedtls_des_setkey
020f93d0 000000b8 t des3_set2key
020f9488 000000b8 t des3_set3key
020f9540 00000024 T mbedtls_des_setkey_enc
020f9564 00000068 T mbedtls_des_setkey_dec
020f95cc 00000038 T mbedtls_des3_set2key_enc
020f9604 0000003c T mbedtls_des3_set2key_dec
020f9640 00000038 T mbedtls_des3_set3key_enc
020f9678 0000003c T mbedtls_des3_set3key_dec
020f96b4 000002c0 T mbedtls_des_crypt_ecb
020f9974 00000208 T mbedtls_des_crypt_cbc
020f9b7c 000004cc T mbedtls_des3_crypt_ecb
020fa048 00000208 T mbedtls_des3_crypt_cbc
020fa250 000000a0 t dhm_read_bignum
020fa2f0 00000090 t dhm_check_range
020fa380 00000080 t mbedtls_dhm_free.part.0
020fa400 00000160 t dhm_make_common
020fa560 0000000c T mbedtls_dhm_init
020fa56c 000000f4 T mbedtls_dhm_read_params
020fa660 00000168 T mbedtls_dhm_make_params
020fa7c8 000000a4 T mbedtls_dhm_set_group
020fa86c 0000004c T mbedtls_dhm_read_public
020fa8b8 000000e0 T mbedtls_dhm_make_public
020fa998 000003f8 T mbedtls_dhm_calc_secret
020fad90 0000000c T mbedtls_dhm_free
020fad9c 000000fc t ecdh_compute_shared_restartable.constprop.0
020fae98 0000006c T mbedtls_ecdh_init
020faf04 00000030 T mbedtls_ecdh_setup
020faf34 00000074 T mbedtls_ecdh_free
020fafa8 00000134 T mbedtls_ecdh_make_params
020fb0dc 000000a8 T mbedtls_ecdh_read_params
020fb184 000000e0 T mbedtls_ecdh_get_params
020fb264 0000012c T mbedtls_ecdh_make_public
020fb390 00000068 T mbedtls_ecdh_read_public
020fb3f8 00000114 T mbedtls_ecdh_calc_secret
020fb50c 00000004 t ecp_drbg_random
020fb510 000000ec t ecp_drbg_seed
020fb5fc 00000168 t ecp_modp
020fb764 0000006c t mbedtls_mpi_mul_mod
020fb7d0 0000009c t ecp_safe_invert_jac
020fb86c 00000124 t ecp_select_comb
020fb990 000000bc t mbedtls_mpi_sub_mod
020fba4c 000000ac t mbedtls_mpi_shift_l_mod.constprop.0
020fbaf8 000000ec t ecp_randomize_mxz
020fbbe4 00000184 t ecp_normalize_jac
020fbd68 00000380 t ecp_normalize_jac_many
020fc0e8 00000184 t ecp_randomize_jac
020fc26c 000005d8 t ecp_double_jac
020fc844 0000057c t ecp_add_mixed
020fcdc0 000008d0 t ecp_mul_comb.isra.0
020fd690 00000064 T mbedtls_ecp_grp_id_list
020fd6f4 0000002c T mbedtls_ecp_curve_info_from_grp_id
020fd720 0000002c T mbedtls_ecp_curve_info_from_tls_id
020fd74c 00000028 T mbedtls_ecp_get_type
020fd774 00000038 T mbedtls_ecp_point_init
020fd7ac 00000094 T mbedtls_ecp_group_init
020fd840 00000048 T mbedtls_ecp_keypair_init
020fd888 00000048 T mbedtls_ecp_point_free
020fd8d0 00000100 T mbedtls_ecp_group_free
020fd9d0 00000058 T mbedtls_ecp_keypair_free
020fda28 00000074 T mbedtls_ecp_copy
020fda9c 00000008 T mbedtls_ecp_group_copy
020fdaa4 00000030 T mbedtls_ecp_is_zero
020fdad4 00000238 T mbedtls_ecp_point_write_binary
020fdd0c 000001e8 T mbedtls_ecp_point_read_binary
020fdef4 00000048 T mbedtls_ecp_tls_read_point
020fdf3c 0000006c T mbedtls_ecp_tls_write_point
020fdfa8 00000084 T mbedtls_ecp_tls_read_group_id
020fe02c 00000064 T mbedtls_ecp_tls_write_group
020fe090 000003bc T mbedtls_ecp_check_pubkey
020fe44c 000000e4 T mbedtls_ecp_check_privkey
020fe530 000008e4 T mbedtls_ecp_mul_restartable
020fee14 00000008 T mbedtls_ecp_mul
020fee1c 0000023c t mbedtls_ecp_mul_shortcuts
020ff058 0000015c T mbedtls_ecp_muladd_restartable
020ff1b4 00000148 T mbedtls_ecp_gen_privkey
020ff2fc 0000019c T mbedtls_ecp_check_pub_priv
020ff498 00000198 t ecp_mod_p448
020ff630 0000013c t ecp_mod_p255
020ff76c 00000104 t ecp_mod_p521
020ff870 00000794 t ecp_mod_p384
02100004 000001ec t ecp_mod_koblitz.constprop.0
021001f0 00000010 t ecp_mod_p192k1
02100200 00000010 t ecp_mod_p224k1
02100210 00000010 t ecp_mod_p256k1
02100220 000003f0 t ecp_mod_p224
02100610 00000634 t ecp_mod_p256
02100c44 00000298 t ecp_mod_p192
02100edc 0000077c T mbedtls_ecp_group_load
02101658 000000cc T mbedtls_hardware_poll
02101734 00000144 t entropy_update
02101878 0000017c t entropy_gather_internal.part.0
021019f4 0000029c t mbedtls_entropy_func.part.0
02101c90 000000c4 T mbedtls_entropy_init
02101d54 00000060 T mbedtls_entropy_free
02101db4 00000014 T mbedtls_entropy_func
02101dc8 00000064 T mbedtls_hardclock_poll
02101e2c 00000f18 T mbedtls_high_level_strerr
02102d44 00000468 T mbedtls_low_level_strerr
021031ac 00000178 T mbedtls_strerror
02103324 00000188 t gcm_mult
021034ac 0000000c T mbedtls_gcm_init
021034b8 0000021c T mbedtls_gcm_setkey
021036d4 000002e4 T mbedtls_gcm_starts
021039b8 0000024c T mbedtls_gcm_update
02103c04 00000188 T mbedtls_gcm_finish
02103d8c 000000d4 T mbedtls_gcm_crypt_and_tag
02103e60 000000bc T mbedtls_gcm_auth_decrypt
02103f1c 00000044 T mbedtls_gcm_free
02103f60 0000003c T mbedtls_hmac_drbg_init
02103f9c 0000019c T mbedtls_hmac_drbg_update_ret
02104138 00000164 t hmac_drbg_reseed_core
0210429c 000000f0 T mbedtls_hmac_drbg_seed_buf
0210438c 0000022c T mbedtls_hmac_drbg_random_with_add
021045b8 0000000c T mbedtls_hmac_drbg_random
021045c4 00000044 T mbedtls_hmac_drbg_free
02104608 0000000c T mbedtls_md_list
02104614 00000028 T mbedtls_md_info_from_type
0210463c 00000014 T mbedtls_md_init
02104650 000000f4 T mbedtls_md_free
02104744 000000c0 T mbedtls_md_clone
02104804 00000178 T mbedtls_md_setup
0210497c 00000078 T mbedtls_md_starts
021049f4 00000060 T mbedtls_md_update
02104a54 00000060 T mbedtls_md_finish
02104ab4 00000074 T mbedtls_md
02104b28 00000188 T mbedtls_md_hmac_starts
02104cb0 0000002c T mbedtls_md_hmac_update
02104cdc 000000e4 T mbedtls_md_hmac_finish
02104dc0 00000094 T mbedtls_md_hmac_reset
02104e54 00000020 T mbedtls_md_get_size
02104e74 00000018 T mbedtls_md_get_type
02104e8c 00000018 T mbedtls_md_get_name
02104ea4 0000000c T mbedtls_md5_init
02104eb0 00000010 T mbedtls_md5_free
02104ec0 00000024 T mbedtls_md5_clone
02104ee4 00000048 T mbedtls_md5_starts_ret
02104f2c 00000a3c T mbedtls_internal_md5_process
02105968 000001b0 T mbedtls_md5_update_ret
02105b18 00000170 T mbedtls_md5_finish_ret
02105c88 000000b8 T mbedtls_md5_ret
02105d40 00000004 T mbedtls_md5
02105d44 000000a4 T mbedtls_oid_get_attr_short_name
02105de8 000000a4 T mbedtls_oid_get_x509_ext_type
02105e8c 000000a4 T mbedtls_oid_get_extended_key_usage
02105f30 0000004c T mbedtls_oid_get_certificate_policies
02105f7c 000000a4 T mbedtls_oid_get_sig_alg_desc
02106020 000000b8 T mbedtls_oid_get_sig_alg
021060d8 000000a4 T mbedtls_oid_get_pk_alg
0210617c 00000048 T mbedtls_oid_get_oid_by_pk_alg
021061c4 000000a4 T mbedtls_oid_get_ec_grp
02106268 00000048 T mbedtls_oid_get_oid_by_ec_grp
021062b0 000000a4 T mbedtls_oid_get_cipher_alg
02106354 000000a4 T mbedtls_oid_get_md_alg
021063f8 00000048 T mbedtls_oid_get_oid_by_md
02106440 000000a4 T mbedtls_oid_get_md_hmac
021064e4 000000b8 T mbedtls_oid_get_pkcs12_pbe_alg
0210659c 000001e4 T mbedtls_oid_get_numeric_string
02106780 000001b4 t pem_pbkdf1
02106934 00000108 t pem_des3_decrypt
02106a3c 0000011c t pem_aes_decrypt
02106b58 00000014 T mbedtls_pem_init
02106b6c 00000798 T mbedtls_pem_read_buffer
02107304 00000054 T mbedtls_pem_free
02107358 00000010 T mbedtls_pk_init
02107368 0000005c T mbedtls_pk_free
021073c4 00000028 T mbedtls_pk_info_from_type
021073ec 0000008c T mbedtls_pk_setup
02107478 0000002c T mbedtls_pk_can_do
021074a4 0000012c T mbedtls_pk_verify_restartable
021075d0 00000008 T mbedtls_pk_verify
021075d8 00000234 T mbedtls_pk_verify_ext
0210780c 00000154 T mbedtls_pk_sign_restartable
02107960 00000028 T mbedtls_pk_sign
02107988 00000034 T mbedtls_pk_decrypt
021079bc 00000034 T mbedtls_pk_encrypt
021079f0 0000002c T mbedtls_pk_get_bitlen
02107a1c 00000054 T mbedtls_pk_debug
02107a70 00000028 T mbedtls_pk_get_name
02107a98 00000024 T mbedtls_pk_get_type
02107abc 00000020 t rsa_can_do
02107adc 00000038 t rsa_debug
02107b14 00000014 t eckey_can_do
02107b28 00000008 t eckey_get_bitlen
02107b30 00000020 t eckey_debug
02107b50 00000014 t eckeydh_can_do
02107b64 00000010 t ecdsa_can_do
02107b74 00000030 t rsa_free_wrap
02107ba4 00000048 t rsa_alloc_wrap
02107bec 00000004 t rsa_check_pair_wrap
02107bf0 000000dc t rsa_encrypt_wrap
02107ccc 000000dc t rsa_decrypt_wrap
02107da8 000000a4 t rsa_sign_wrap
02107e4c 000000c0 t rsa_verify_wrap
02107f0c 00000098 t rsa_get_bitlen
02107fa4 00000030 t eckey_free_wrap
02107fd4 00000040 t eckey_alloc_wrap
02108014 00000004 t eckey_check_pair
02108018 00000040 t ecdsa_alloc_wrap
02108058 00000030 t ecdsa_free_wrap
02108088 00000004 t ecdsa_sign_wrap
0210808c 00000108 t eckey_sign_wrap
02108194 00000040 t ecdsa_verify_wrap
021081d4 000000ac t eckey_verify_wrap
02108280 000002ec T mbedtls_pkcs5_pbkdf2_hmac
0210856c 000003d8 T mbedtls_pkcs5_pbes2_ext
02108944 00000034 T mbedtls_pkcs5_pbes2
02108978 00000178 t pk_get_rsapubkey
02108af0 0000005c t asn1_get_nonzero_mpi
02108b4c 000000a8 t pk_get_pk_alg
02108bf4 00000570 t pk_use_ecparams
02109164 00000318 t pk_parse_key_sec1_der
0210947c 00000344 t pk_parse_key_pkcs1_der
021097c0 00000254 t pk_parse_key_pkcs8_unencrypted_der
02109a14 00000244 t pk_parse_key_pkcs8_encrypted_der
02109c58 0000014c T mbedtls_pk_load_file
02109da4 00000280 T mbedtls_pk_parse_subpubkey
0210a024 00000474 T mbedtls_pk_parse_key
0210a498 000000d0 T mbedtls_pk_parse_keyfile
0210a568 00000098 t pk_write_ec_pubkey
0210a600 0000022c T mbedtls_pk_write_pubkey
0210a82c 00000244 T mbedtls_pk_write_pubkey_der
0210aa70 0000001c T mbedtls_platform_zeroize
0210aa8c 00000048 T mbedtls_platform_gmtime_r
0210aad4 0000000c T mbedtls_ripemd160_init
0210aae0 00000010 T mbedtls_ripemd160_free
0210aaf0 00000024 T mbedtls_ripemd160_clone
0210ab14 00000054 T mbedtls_ripemd160_starts_ret
0210ab68 0000193c T mbedtls_internal_ripemd160_process
0210c4a4 000001b0 T mbedtls_ripemd160_update_ret
0210c654 00000168 T mbedtls_ripemd160_finish_ret
0210c7bc 000000c4 T mbedtls_ripemd160_ret
0210c880 0000020c t mgf_mask
0210ca8c 00000218 t rsa_rsassa_pkcs1_v15_encode
0210cca4 0000008c t mbedtls_rsa_free.part.0
0210cd30 0000017c t rsa_check_context.isra.0
0210ceac 00000134 T mbedtls_rsa_import
0210cfe0 0000014c T mbedtls_rsa_import_raw
0210d12c 000002d0 T mbedtls_rsa_complete
0210d3fc 0000022c T mbedtls_rsa_export
0210d628 00000054 T mbedtls_rsa_init
0210d67c 00000008 T mbedtls_rsa_get_len
0210d684 000000a8 T mbedtls_rsa_check_pubkey
0210d72c 000000cc T mbedtls_rsa_check_privkey
0210d7f8 00000080 T mbedtls_rsa_check_pub_priv
0210d878 0000011c T mbedtls_rsa_public
0210d994 00000a34 T mbedtls_rsa_private
0210e3c8 00000358 t rsa_rsassa_pss_sign
0210e720 000002b8 T mbedtls_rsa_rsaes_oaep_encrypt
0210e9d8 00000288 T mbedtls_rsa_rsaes_pkcs1_v15_encrypt
0210ec60 00000054 T mbedtls_rsa_pkcs1_encrypt
0210ecb4 00000310 T mbedtls_rsa_rsaes_oaep_decrypt
0210efc4 00000110 T mbedtls_rsa_rsaes_pkcs1_v15_decrypt
0210f0d4 00000078 T mbedtls_rsa_pkcs1_decrypt
0210f14c 00000240 T mbedtls_rsa_rsassa_pkcs1_v15_sign
0210f38c 00000048 T mbedtls_rsa_pkcs1_sign
0210f3d4 00000354 T mbedtls_rsa_rsassa_pss_verify_ext
0210f728 000001b8 T mbedtls_rsa_rsassa_pkcs1_v15_verify
0210f8e0 000000dc T mbedtls_rsa_pkcs1_verify
0210f9bc 0000000c T mbedtls_rsa_free
0210f9c8 0000039c T mbedtls_rsa_deduce_primes
0210fd64 00000170 T mbedtls_rsa_deduce_private_exponent
0210fed4 00000264 T mbedtls_rsa_validate_crt
02110138 000003bc T mbedtls_rsa_validate_params
021104f4 00000148 T mbedtls_rsa_deduce_crt
0211063c 0000000c T mbedtls_sha1_init
02110648 00000010 T mbedtls_sha1_free
02110658 00000024 T mbedtls_sha1_clone
0211067c 00000054 T mbedtls_sha1_starts_ret
021106d0 0000129c T mbedtls_internal_sha1_process
0211196c 000001b0 T mbedtls_sha1_update_ret
02111b1c 0000018c T mbedtls_sha1_finish_ret
02111ca8 000000c4 T mbedtls_sha1_ret
02111d6c 0000000c T mbedtls_sha256_init
02111d78 00000010 T mbedtls_sha256_free
02111d88 00000024 T mbedtls_sha256_clone
02111dac 000000fc T mbedtls_sha256_starts_ret
02111ea8 00000af8 T mbedtls_internal_sha256_process
021129a0 000001b0 T mbedtls_sha256_update_ret
02112b50 00000204 T mbedtls_sha256_finish_ret
02112d54 00000180 T mbedtls_sha256_ret
02112ed4 00000004 T mbedtls_sha256
02112ed8 0000000c T mbedtls_sha512_init
02112ee4 00000010 T mbedtls_sha512_free
02112ef4 00000024 T mbedtls_sha512_clone
02112f18 000001dc T mbedtls_sha512_starts_ret
021130f4 00000b70 T mbedtls_internal_sha512_process
02113c64 000001d8 T mbedtls_sha512_update_ret
02113e3c 00000344 T mbedtls_sha512_finish_ret
02114180 00000260 T mbedtls_sha512_ret
021143e0 00000090 T mbedtls_timing_hardclock
02114470 0000000c T mbedtls_version_get_number
0211447c 0000000c T mbedtls_arc4_init
02114488 00000010 T mbedtls_arc4_free
02114498 00000094 T mbedtls_arc4_setup
0211452c 00000074 T mbedtls_arc4_crypt
021145a0 00000178 T mbedtls_asn1_write_len
02114718 0000002c T mbedtls_asn1_write_tag
02114744 00000124 T mbedtls_asn1_write_mpi
02114868 000000e4 T mbedtls_asn1_write_oid
0211494c 00000134 T mbedtls_asn1_write_algorithm_identifier_ext
02114a80 00000008 T mbedtls_asn1_write_algorithm_identifier
02114a88 000002c8 T mbedtls_base64_decode
02114d50 00000080 t blowfish_enc
02114dd0 0000000c T mbedtls_blowfish_init
02114ddc 00000010 T mbedtls_blowfish_free
02114dec 00000170 T mbedtls_blowfish_setkey
02114f5c 000000e8 T mbedtls_blowfish_crypt_ecb
02115044 000001d4 T mbedtls_blowfish_crypt_cbc
02115218 00000174 T mbedtls_blowfish_crypt_cfb64
0211538c 00000148 T mbedtls_blowfish_crypt_ctr
021154d4 000000f4 t camellia_feistel
021155c8 0000000c T mbedtls_camellia_init
021155d4 00000010 T mbedtls_camellia_free
021155e4 00000788 T mbedtls_camellia_setkey_enc
02115d6c 00000144 T mbedtls_camellia_setkey_dec
02115eb0 000001bc T mbedtls_camellia_crypt_ecb
0211606c 00000208 T mbedtls_camellia_crypt_cbc
02116274 00000174 T mbedtls_camellia_crypt_cfb128
021163e8 0000014c T mbedtls_camellia_crypt_ctr
02116534 000006ac t ccm_auth_crypt
02116be0 0000000c T mbedtls_ccm_init
02116bec 000000c0 T mbedtls_ccm_setkey
02116cac 00000044 T mbedtls_ccm_free
02116cf0 00000064 T mbedtls_ccm_encrypt_and_tag
02116d54 000000bc T mbedtls_ccm_auth_decrypt
02116e10 00000360 t chacha20_block
02117170 00000044 T mbedtls_chacha20_init
021171b4 00000010 T mbedtls_chacha20_free
021171c4 00000098 T mbedtls_chacha20_setkey
0211725c 00000068 T mbedtls_chacha20_starts
021172c4 00000264 T mbedtls_chacha20_update
02117528 00000058 T mbedtls_chachapoly_init
02117580 0000005c T mbedtls_chachapoly_free
021175dc 00000004 T mbedtls_chachapoly_setkey
021175e0 000000fc T mbedtls_chachapoly_starts
021176dc 00000168 T mbedtls_chachapoly_update
02117844 0000015c T mbedtls_chachapoly_finish
021179a0 00000118 T mbedtls_chachapoly_encrypt_and_tag
02117ab8 00000124 T mbedtls_chachapoly_auth_decrypt
02117bdc 00000108 t derive_mpi
02117ce4 000002e8 t ecdsa_sign_restartable.part.0
02117fcc 00000264 t ecdsa_verify_restartable.isra.0
02118230 00000240 t ecdsa_sign_det_restartable.isra.0
02118470 00000184 T mbedtls_ecdsa_write_signature_restartable
021185f4 00000028 T mbedtls_ecdsa_write_signature
0211861c 00000120 T mbedtls_ecdsa_read_signature_restartable
0211873c 00000008 T mbedtls_ecdsa_read_signature
02118744 00000088 T mbedtls_ecdsa_from_keypair
021187cc 00000004 T mbedtls_ecdsa_init
021187d0 0000000c T mbedtls_ecdsa_free
021187dc 00000520 T mbedtls_pkcs12_derivation
02118cfc 00000224 t pkcs12_pbe_derive_key_iv
02118f20 000000d8 T mbedtls_pkcs12_pbe_sha1_rc4_128
02118ff8 00000278 T mbedtls_pkcs12_pbe_ext
02119270 00000040 T mbedtls_pkcs12_pbe
021192b0 00000318 t poly1305_process
021195c8 00000008 T mbedtls_poly1305_init
021195d0 00000010 T mbedtls_poly1305_free
021195e0 000000cc T mbedtls_poly1305_starts
021196ac 00000114 T mbedtls_poly1305_update
021197c0 00000158 T mbedtls_poly1305_finish
02119918 00000110 t Mix_DoEffects
02119a28 000000b0 t _Mix_channel_done_playing
02119ad8 000004f8 t mix_channels
02119fd0 000000ec T add_chunk_decoder
0211a0bc 000002a4 T Mix_Init
0211a360 000000a0 T Mix_Playing
0211a400 00000094 t Mix_HaltChannel_locked
0211a494 00000104 T _Mix_UnregisterAllEffects_locked
0211a598 000001a0 T Mix_CloseAudio
0211a738 00000214 T Mix_OpenAudioDevice
0211a94c 0000000c T Mix_OpenAudio
0211a958 0000000c T Mix_LockAudio
0211a964 0000000c T Mix_UnlockAudio
0211a970 00000070 t music_internal_halt
0211a9e0 0000008c t music_internal_playing
0211aa6c 000000ec t add_music_decoder
0211ab58 00000450 t open_music_type.part.0
0211afa8 0000000c T meta_tags_init
0211afb4 0000005c T meta_tags_clear
0211b010 00000098 T meta_tags_set
0211b0a8 00000024 T meta_tags_get
0211b0cc 00000008 T get_num_music_interfaces
0211b0d4 00000014 T get_music_interface
0211b0e8 00000170 T music_pcm_getaudio
0211b258 0000025c T music_mixer
0211b4b4 00000120 T load_music_type
0211b5d4 0000001c T open_music_type
0211b5f0 0000014c T open_music
0211b73c 000001dc T detect_music_type
0211b918 00000264 T Mix_LoadMUSType_RW
0211bb7c 0000000c T Mix_LoadMUS_RW
0211bb88 00000100 T Mix_FreeMusic
0211bc88 000002b8 T Mix_FadeInMusicPos
0211bf40 00000010 T Mix_PlayMusic
0211bf50 000000b8 T Mix_VolumeMusic
0211c008 00000054 T Mix_HaltMusic
0211c05c 000000dc T Mix_SetMusicCMD
0211c138 00000100 T close_music
0211c238 0000000c T Mix_GetTimidityCfg
0211c244 000000c8 t MODPLUG_Load
0211c30c 0000001c t MODPLUG_Unload
0211c328 00000120 t MODPLUG_Open
0211c448 0000001c t MODPLUG_SetVolume
0211c464 00000008 t MODPLUG_GetVolume
0211c46c 00000040 t MODPLUG_Play
0211c4ac 00000034 t MODPLUG_Jump
0211c4e0 00000050 t MODPLUG_Seek
0211c530 00000070 t MODPLUG_Tell
0211c5a0 0000005c t MODPLUG_Duration
0211c5fc 00000070 t MODPLUG_Delete
0211c66c 000001d4 T MODPLUG_CreateFromRW
0211c840 00000008 t MODPLUG_Stop
0211c848 00000008 t MODPLUG_GetMetaTag
0211c850 00000010 t MODPLUG_GetAudio
0211c860 00000120 t MODPLUG_GetSome
0211c980 00000110 t MPG123_Load
0211ca90 0000001c t MPG123_Unload
0211caac 00000004 t rwops_cleanup
0211cab0 00000008 t MPG123_SetVolume
0211cab8 00000008 t MPG123_GetVolume
0211cac0 00000078 t MPG123_Duration
0211cb38 00000010 t MPG123_Close
0211cb48 000000b8 t MPG123_Delete
0211cc00 00000008 t MPG123_Stop
0211cc08 00000008 t MPG123_GetMetaTag
0211cc10 0000004c t MPG123_Open
0211cc5c 00000010 t MPG123_GetAudio
0211cc6c 00000004 t rwops_seek
0211cc70 0000000c t rwops_read
0211cc7c 000000f0 t MPG123_Seek
0211cd6c 000000fc t MPG123_Play
0211ce68 00000108 t MPG123_Tell
0211cf70 000002d4 t MPG123_GetSome
0211d244 0000048c t MPG123_CreateFromRW
0211d6d0 00000080 t bit_reverse
0211d750 00000028 t uint32_compare
0211d778 00000028 t point_compare
0211d7a0 00000180 t imdct_step3_iter0_loop
0211d920 00000198 t imdct_step3_inner_r_loop
0211dab8 00000278 t vorbis_finish_frame
0211dd30 00000008 t OGG_SetVolume
0211dd38 00000008 t OGG_GetVolume
0211dd40 00000070 t OGG_Tell
0211ddb0 00000058 t OGG_Duration
0211de08 00000038 t setup_temp_free
0211de40 00000070 t get8
0211deb0 00000044 t setup_temp_malloc
0211def4 0000005c t setup_malloc
0211df50 00000060 t float32_unpack
0211dfb0 00000008 t OGG_Stop
0211dfb8 00000008 t OGG_GetMetaTag
0211dfc0 00000010 t OGG_GetAudio
0211dfd0 00000138 t OGG_UpdateSection
0211e108 000000f8 t ilog
0211e200 00000070 t OGG_LoopStart
0211e270 00000070 t OGG_LoopEnd
0211e2e0 00000070 t OGG_LoopLength
0211e350 0000021c t set_ov_error.isra.0
0211e56c 000000bc t set_file_offset.isra.0
0211e628 0000017c t get_seek_page_info
0211e7a4 0000051c t vorbis_deinit
0211ecc0 000000b8 t OGG_Delete
0211ed78 00000160 t get32
0211eed8 000003ac t vorbis_find_page
0211f284 00000344 t start_page_no_capturepattern
0211f5c8 00000158 t start_page
0211f720 000000dc t next_segment
0211f7fc 000000b0 t get8_packet_raw
0211f8ac 00000240 t codebook_decode_scalar_raw
0211faec 00000198 t codebook_decode_start
0211fc84 00000090 t get32_packet
0211fd14 0000011c t get_bits
0211fe30 00000368 t codebook_decode_deinterleave_repeat
02120198 00002918 t vorbis_decode_packet_rest.constprop.0
02122ab0 0000008c t start_packet
02122b3c 00000680 t init_blocksize
021231bc 000001e4 t maybe_start_packet
021233a0 000002f0 t vorbis_decode_initial
02123690 000000b0 t vorbis_decode_packet
02123740 0000009c t vorbis_pump_first_frame
021237dc 00002290 t start_decoder
02125a6c 000001d8 T stb_vorbis_stream_length_in_samples
02125c44 000008f0 T stb_vorbis_seek_frame
02126534 00000148 T stb_vorbis_get_frame_float
0212667c 00000140 t OGG_Seek
021267bc 0000014c t OGG_Play
02126908 00000174 T stb_vorbis_open_rwops_section
02126a7c 00000510 t OGG_CreateFromRW
02126f8c 000001d0 T stb_vorbis_get_samples_float_interleaved
0212715c 0000027c t OGG_GetSome
021273d8 00000008 t TIMIDITY_GetVolume
021273e0 0000005c t TIMIDITY_Delete
0212743c 00000004 t TIMIDITY_Close
02127440 00000008 t TIMIDITY_Stop
02127448 0000004c t TIMIDITY_Duration
02127494 0000004c t TIMIDITY_Tell
021274e0 0000008c t TIMIDITY_Seek
0212756c 00000010 t TIMIDITY_GetAudio
0212757c 00000008 t TIMIDITY_IsPlaying
02127584 00000044 t TIMIDITY_Play
021275c8 0000000c t TIMIDITY_SetVolume
021275d4 0000007c t TIMIDITY_Open
02127650 0000018c t TIMIDITY_GetSome
021277dc 000001bc T TIMIDITY_CreateFromRW
02127998 00000008 t WAV_SetVolume
021279a0 00000008 t WAV_GetVolume
021279a8 00000080 t WAV_Duration
02127a28 00000090 t WAV_Delete
02127ab8 00000008 t WAV_Stop
02127ac0 00000008 t WAV_GetMetaTag
02127ac8 00000080 t WAV_Tell
02127b48 00000100 t WAV_Seek
02127c48 000000a0 t WAV_Play
02127ce8 00000010 t WAV_GetAudio
02127cf8 00000308 t WAV_GetSome
02128000 00000014 t fetch_pcm
02128014 00000118 t fetch_pcm24le
0212812c 000000dc t fetch_float64be
02128208 00000118 t fetch_pcm24be
02128320 000000f4 t fetch_float64le
02128414 000000d4 t ParseID3
021284e8 000000d8 t read_meta_field.constprop.0
021285c0 00001088 t WAV_CreateFromRW
02129648 00000108 t fetch_alaw
02129750 00000118 t fetch_ulaw
02129868 00000038 T _Mix_InitEffects
021298a0 00000004 T _Mix_DeinitEffects
021298a4 00000044 T _Mix_IsLoopTag
021298e8 0000024c T _Mix_ParseTime
02129b34 00000088 t reset_midi
02129bbc 0000022c t recompute_freq
02129de8 00000150 t recompute_amp
02129f38 000000d0 t adjust_volume
0212a008 000000dc t do_compute_data
0212a0e4 00000198 t compute_data
0212a27c 00000390 t start_note
0212a60c 00000108 t note_off
0212a714 000000a8 T Timidity_Start
0212a7bc 0000000c T Timidity_Stop
0212a7c8 00000008 T Timidity_IsActive
0212a7d0 000002f0 T Timidity_Seek
0212aac0 0000003c T Timidity_GetSongLength
0212aafc 0000002c T Timidity_GetSongTime
0212ab28 000007f8 T Timidity_PlaySome
0212b320 00000140 T Timidity_SetVolume
0212b460 000000a0 t Timidity_FreeSong.part.0
0212b500 000009d8 t read_config_file
0212bed8 000003f0 T Timidity_LoadSong
0212c2c8 0000000c T Timidity_FreeSong
0212c2d4 0000012c T Timidity_Exit
0212c400 000000c0 t init_alloc_banks
0212c4c0 00000090 t init_with_config
0212c550 0000007c T Timidity_Init
0212c5cc 000000f0 t get_id3v2_len
0212c6bc 00000038 t get_ape_len
0212c6f4 000000a0 t is_id3v2
0212c794 000000ac t is_apetag
0212c840 000000cc t parse_id3v1_ansi_string
0212c90c 000002f8 t id3v2_decode_string
0212cc04 000000c8 t is_musicmatch.constprop.0
0212cccc 000001c4 t get_lyrics3v1_len
0212ce90 0000072c t get_musicmatch_len
0212d5bc 000001a0 t probe_mmtag.constprop.0
0212d75c 00000704 t parse_ape
0212de60 00000a90 t parse_id3v2
0212e8f0 000000b8 T MP3_RWinit
0212e9a8 00000068 T MP3_RWread
0212ea10 0000010c T MP3_RWseek
0212eb1c 00000bec T mp3_read_tags
0212f708 000000d4 T read_id3v2_from_mem
0212f7dc 000000ac T _Eff_PositionDeinit
0212f888 000001cc T timi_openfile
0212fa54 0000009c T timi_add_pathlist
0212faf0 0000006c T timi_free_pathlist
0212fb5c 00000094 t free_instrument
0212fbf0 00000b18 t load_instrument.constprop.0
02130708 00000234 t fill_bank
0213093c 000000a8 T _timi_load_missing_instruments
021309e4 000000c0 T _timi_free_instruments
02130aa4 00000068 T _timi_set_default_instrument
02130b0c 00000114 T _timi_recompute_envelope
02130c20 000001a8 T _timi_apply_envelope_to_amp
02130dc8 0000019c t update_signal
02130f64 00000854 T _timi_mix_voice
021317b8 00000050 T timi_s32tos8
02131808 0000005c T timi_s32tou8
02131864 00000050 T timi_s32tos16
021318b4 0000005c T timi_s32tou16
02131910 00000054 T timi_s32tos16x
02131964 00000060 T timi_s32tou16x
021319c4 000000d8 T timi_s32tof32
02131a9c 00000068 T timi_s32tos32
02131b04 0000006c T timi_s32tos32x
02131b70 00000848 t read_track
021323b8 00000914 T _timi_read_midi_file
02132ccc 000002a0 t update_vibrato
02132f6c 00000ad0 T _timi_resample_voice
02133a3c 00000410 T _timi_pre_resample
02133e4c 00000120 T ModPlug::UpdateSettings(bool)
02133f6c 000000c4 T ModPlug_Load
02134030 0000005c T ModPlug_Unload
0213408c 0000002c T ModPlug_Read
021340b8 0000000c T ModPlug_GetName
021340c4 0000002c T ModPlug_GetLength
021340f0 00000008 T ModPlug_SetMasterVolume
021340f8 00000004 T ModPlug_SeekOrder
021340fc 000000ec T ModPlug_Seek
021341e8 00000010 T ModPlug_GetSettings
021341f8 00000034 T ModPlug_SetSettings
0213422c 00000038 T _muldiv(long, long, long)
02134264 00000040 T _muldivr(long, long, long)
021342a4 000000f4 T CSoundFile::InitPlayer(bool)
02134398 00000100 T CSoundFile::FadeSong(unsigned int)
02134498 00000074 T CSoundFile::GlobalFadeSong(unsigned int)
0213450c 000002b0 T CSoundFile::ProcessRow()
021347bc 00001a24 T CSoundFile::ReadNote()
021361e0 00000464 T CSoundFile::Read(void*, unsigned int)
02136644 00000100 T CSoundFile::CSoundFile()
02136644 00000100 T CSoundFile::CSoundFile()
02136744 0000016c T CSoundFile::Destroy()
021368b0 00000004 T CSoundFile::~CSoundFile()
021368b0 00000004 T CSoundFile::~CSoundFile()
021368b4 00000088 T CSoundFile::AllocatePattern(unsigned int, unsigned int)
0213693c 0000000c T CSoundFile::FreePattern(void*)
02136948 00000038 T CSoundFile::AllocateSample(unsigned int)
02136980 00000150 T CSoundFile::ResetMidiCfg()
02136ad0 000008e4 T CSoundFile::Create(unsigned char const*, unsigned int)
021373b4 0000009c T CSoundFile::SetWaveConfig(unsigned int, unsigned int, unsigned int, bool)
02137450 00000028 T CSoundFile::SetMixConfig(unsigned int, unsigned int)
02137478 00000058 T CSoundFile::SetResamplingMode(unsigned int)
021374d0 00000070 T CSoundFile::SetMasterVolume(unsigned int, bool)
02137540 00000044 T CSoundFile::GetMaxPosition() const
02137584 000002b4 T CSoundFile::SetCurrentPos(unsigned int)
02137838 00000180 T CSoundFile::SetCurrentOrder(unsigned int)
021379b8 000003f4 T CSoundFile::AdjustSampleLoop(_MODINSTRUMENT*)
02137dac 00000b74 T CSoundFile::ReadSample(_MODINSTRUMENT*, unsigned int, char const*, unsigned int)
02138920 000000a8 T CSoundFile::TransposeToFrequency(int, int)
021389c8 00000064 T CSoundFile::FrequencyToTranspose(unsigned int)
02138a2c 000000c8 T CSoundFile::FrequencyToTranspose(_MODINSTRUMENT*)
02138af4 0000018c T CSoundFile::SetPatternName(unsigned int, char const*)
02138c80 000001d4 T CSoundFile::DetectUnusedSamples(bool*)
02138e54 000000c0 T CSoundFile::DestroySample(unsigned int)
02138f14 0000068c t CSoundFile::InstrumentChange(_MODCHANNEL*, unsigned int, bool, bool, bool) [clone .part.0]
021395a0 00000114 t CSoundFile::ExtendedChannelEffect(_MODCHANNEL*, unsigned int) [clone .part.0]
021396b4 00000a78 T CSoundFile::GetLength(bool, bool)
0213a12c 00000130 T CSoundFile::GetNNAChannel(unsigned int) const
0213a25c 000000e8 T CSoundFile::FinePortamentoUp(_MODCHANNEL*, unsigned int)
0213a344 000000f0 T CSoundFile::FinePortamentoDown(_MODCHANNEL*, unsigned int)
0213a434 000000e8 T CSoundFile::ExtraFinePortamentoUp(_MODCHANNEL*, unsigned int)
0213a51c 000000f0 T CSoundFile::ExtraFinePortamentoDown(_MODCHANNEL*, unsigned int)
0213a60c 00000174 T CSoundFile::TonePortamento(_MODCHANNEL*, unsigned int)
0213a780 00000174 T CSoundFile::VolumeSlide(_MODCHANNEL*, unsigned int)
0213a8f4 00000118 T CSoundFile::PanningSlide(_MODCHANNEL*, unsigned int)
0213aa0c 000000f0 T CSoundFile::ChannelVolSlide(_MODCHANNEL*, unsigned int)
0213aafc 00000344 T CSoundFile::ProcessMidiMacro(unsigned int, char const*, unsigned int)
0213ae40 00000114 T CSoundFile::DoFreqSlide(_MODCHANNEL*, int)
0213af54 00000074 T CSoundFile::PortamentoUp(_MODCHANNEL*, unsigned int)
0213afc8 00000070 T CSoundFile::PortamentoDown(_MODCHANNEL*, unsigned int)
0213b038 0000014c T CSoundFile::KeyOff(unsigned int)
0213b184 00000488 T CSoundFile::CheckNNA(unsigned int, unsigned int, int, bool)
0213b60c 0000005c T CSoundFile::SetTempo(unsigned int)
0213b668 000000e0 T CSoundFile::PatternLoop(_MODCHANNEL*, unsigned int)
0213b748 000000fc T CSoundFile::GlobalVolSlide(unsigned int)
0213b844 00000138 T CSoundFile::IsSongFinished(unsigned int, unsigned int) const
0213b97c 00000174 T CSoundFile::SetSpeed(unsigned int)
0213baf0 00000268 T CSoundFile::IsValidBackwardJump(unsigned int, unsigned int, unsigned int, unsigned int) const
0213bd58 000001fc T CSoundFile::GetPeriodFromNote(unsigned int, int, unsigned int) const
0213bf54 00000824 T CSoundFile::NoteChange(unsigned int, int, bool, bool)
0213c778 000003b0 T CSoundFile::RetrigNote(unsigned int, unsigned int)
0213cb28 0000032c T CSoundFile::ExtendedMODCommands(unsigned int, unsigned int)
0213ce54 00000420 T CSoundFile::ExtendedS3MCommands(unsigned int, unsigned int)
0213d274 00001188 T CSoundFile::ProcessEffects()
0213e3fc 00000154 T CSoundFile::GetNoteFromPeriod(unsigned int) const
0213e550 000000d4 T CSoundFile::GetFreqFromPeriod(unsigned int, unsigned int, int) const
0213e624 000000dc T CSoundFile::CutOffToFrequency(unsigned int, int) const
0213e700 0000017c T CSoundFile::SetupChannelFilter(_MODCHANNEL*, bool, int) const
0213e87c 000004e8 T CSoundFile::InitializeDSP(bool)
0213ed64 00000638 T CSoundFile::ProcessStereoDSP(int)
0213f39c 00000054 T CSoundFile::SetReverbParameters(unsigned int, unsigned int)
0213f3f0 0000005c T CSoundFile::SetXBassParameters(unsigned int, unsigned int)
0213f44c 00000060 T CSoundFile::SetSurroundParameters(unsigned int, unsigned int)
0213f4ac 00000090 T CSoundFile::SetWaveConfigEx(bool, bool, bool, bool, bool, bool, bool)
0213f53c 000000bc T Mono8BitMix(_MODCHANNEL*, int*, int*)
0213f5f8 000000bc T Mono16BitMix(_MODCHANNEL*, int*, int*)
0213f6b4 000000d8 T Mono8BitLinearMix(_MODCHANNEL*, int*, int*)
0213f78c 000000d8 T Mono16BitLinearMix(_MODCHANNEL*, int*, int*)
0213f864 0000015c T Mono8BitSplineMix(_MODCHANNEL*, int*, int*)
0213f9c0 00000150 T Mono16BitSplineMix(_MODCHANNEL*, int*, int*)
0213fb10 000001f4 T Mono8BitFirFilterMix(_MODCHANNEL*, int*, int*)
0213fd04 000001e8 T Mono16BitFirFilterMix(_MODCHANNEL*, int*, int*)
0213feec 000000f4 T Mono8BitRampMix(_MODCHANNEL*, int*, int*)
0213ffe0 000000f4 T Mono16BitRampMix(_MODCHANNEL*, int*, int*)
021400d4 00000110 T Mono8BitLinearRampMix(_MODCHANNEL*, int*, int*)
021401e4 00000110 T Mono16BitLinearRampMix(_MODCHANNEL*, int*, int*)
021402f4 00000194 T Mono8BitSplineRampMix(_MODCHANNEL*, int*, int*)
02140488 00000180 T Mono16BitSplineRampMix(_MODCHANNEL*, int*, int*)
02140608 0000022c T Mono8BitFirFilterRampMix(_MODCHANNEL*, int*, int*)
02140834 00000220 T Mono16BitFirFilterRampMix(_MODCHANNEL*, int*, int*)
02140a54 000000b4 T FastMono8BitMix(_MODCHANNEL*, int*, int*)
02140b08 000000b4 T FastMono16BitMix(_MODCHANNEL*, int*, int*)
02140bbc 000000d0 T FastMono8BitLinearMix(_MODCHANNEL*, int*, int*)
02140c8c 000000d0 T FastMono16BitLinearMix(_MODCHANNEL*, int*, int*)
02140d5c 000000d0 T FastMono8BitRampMix(_MODCHANNEL*, int*, int*)
02140e2c 000000d0 T FastMono16BitRampMix(_MODCHANNEL*, int*, int*)
02140efc 000000ec T FastMono8BitLinearRampMix(_MODCHANNEL*, int*, int*)
02140fe8 000000ec T FastMono16BitLinearRampMix(_MODCHANNEL*, int*, int*)
021410d4 000000d0 T Stereo8BitMix(_MODCHANNEL*, int*, int*)
021411a4 000000c4 T Stereo16BitMix(_MODCHANNEL*, int*, int*)
02141268 0000010c T Stereo8BitLinearMix(_MODCHANNEL*, int*, int*)
02141374 00000100 T Stereo16BitLinearMix(_MODCHANNEL*, int*, int*)
02141474 000001ac T Stereo8BitSplineMix(_MODCHANNEL*, int*, int*)
02141620 00000190 T Stereo16BitSplineMix(_MODCHANNEL*, int*, int*)
021417b0 000002a4 T Stereo8BitFirFilterMix(_MODCHANNEL*, int*, int*)
02141a54 00000288 T Stereo16BitFirFilterMix(_MODCHANNEL*, int*, int*)
02141cdc 00000108 T Stereo8BitRampMix(_MODCHANNEL*, int*, int*)
02141de4 000000fc T Stereo16BitRampMix(_MODCHANNEL*, int*, int*)
02141ee0 00000144 T Stereo8BitLinearRampMix(_MODCHANNEL*, int*, int*)
02142024 00000140 T Stereo16BitLinearRampMix(_MODCHANNEL*, int*, int*)
02142164 000001f4 T Stereo8BitSplineRampMix(_MODCHANNEL*, int*, int*)
02142358 000001d0 T Stereo16BitSplineRampMix(_MODCHANNEL*, int*, int*)
02142528 000002e4 T Stereo8BitFirFilterRampMix(_MODCHANNEL*, int*, int*)
0214280c 000002b8 T Stereo16BitFirFilterRampMix(_MODCHANNEL*, int*, int*)
02142ac4 00000118 T FilterMono8BitMix(_MODCHANNEL*, int*, int*)
02142bdc 00000118 T FilterMono16BitMix(_MODCHANNEL*, int*, int*)
02142cf4 0000013c T FilterMono8BitLinearMix(_MODCHANNEL*, int*, int*)
02142e30 00000134 T FilterMono16BitLinearMix(_MODCHANNEL*, int*, int*)
02142f64 000001a8 T FilterMono8BitSplineMix(_MODCHANNEL*, int*, int*)
0214310c 000001a4 T FilterMono16BitSplineMix(_MODCHANNEL*, int*, int*)
021432b0 00000248 T FilterMono8BitFirFilterMix(_MODCHANNEL*, int*, int*)
021434f8 00000244 T FilterMono16BitFirFilterMix(_MODCHANNEL*, int*, int*)
0214373c 00000150 T FilterMono8BitRampMix(_MODCHANNEL*, int*, int*)
0214388c 00000150 T FilterMono16BitRampMix(_MODCHANNEL*, int*, int*)
021439dc 00000174 T FilterMono8BitLinearRampMix(_MODCHANNEL*, int*, int*)
02143b50 00000174 T FilterMono16BitLinearRampMix(_MODCHANNEL*, int*, int*)
02143cc4 000001e0 T FilterMono8BitSplineRampMix(_MODCHANNEL*, int*, int*)
02143ea4 000001d4 T FilterMono16BitSplineRampMix(_MODCHANNEL*, int*, int*)
02144078 00000280 T FilterMono8BitFirFilterRampMix(_MODCHANNEL*, int*, int*)
021442f8 00000274 T FilterMono16BitFirFilterRampMix(_MODCHANNEL*, int*, int*)
0214456c 00000180 T FilterStereo8BitMix(_MODCHANNEL*, int*, int*)
021446ec 00000174 T FilterStereo16BitMix(_MODCHANNEL*, int*, int*)
02144860 000001ac T FilterStereo8BitLinearMix(_MODCHANNEL*, int*, int*)
02144a0c 000001a0 T FilterStereo16BitLinearMix(_MODCHANNEL*, int*, int*)
02144bac 00000264 T FilterStereo8BitSplineMix(_MODCHANNEL*, int*, int*)
02144e10 00000240 T FilterStereo16BitSplineMix(_MODCHANNEL*, int*, int*)
02145050 0000033c T FilterStereo8BitFirFilterMix(_MODCHANNEL*, int*, int*)
0214538c 00000300 T FilterStereo16BitFirFilterMix(_MODCHANNEL*, int*, int*)
0214568c 000001b0 T FilterStereo8BitRampMix(_MODCHANNEL*, int*, int*)
0214583c 000001ac T FilterStereo16BitRampMix(_MODCHANNEL*, int*, int*)
021459e8 000001dc T FilterStereo8BitLinearRampMix(_MODCHANNEL*, int*, int*)
02145bc4 000001d0 T FilterStereo16BitLinearRampMix(_MODCHANNEL*, int*, int*)
02145d94 000002a4 T FilterStereo8BitSplineRampMix(_MODCHANNEL*, int*, int*)
02146038 00000280 T FilterStereo16BitSplineRampMix(_MODCHANNEL*, int*, int*)
021462b8 00000364 T FilterStereo8BitFirFilterRampMix(_MODCHANNEL*, int*, int*)
0214661c 00000338 T FilterStereo16BitFirFilterRampMix(_MODCHANNEL*, int*, int*)
02146954 00000344 T CzCUBICSPLINE::CzCUBICSPLINE()
02146954 00000344 T CzCUBICSPLINE::CzCUBICSPLINE()
02146c98 000002ac T CzWINDOWEDFIR::CzWINDOWEDFIR()
02146c98 000002ac T CzWINDOWEDFIR::CzWINDOWEDFIR()
02146f44 000000b8 T X86_Convert32To8(void*, int*, unsigned int, int*, int*)
02146ffc 0000008c T X86_Convert32To16(void*, int*, unsigned int, int*, int*)
02147088 000000c4 T X86_Convert32To24(void*, int*, unsigned int, int*, int*)
0214714c 0000008c T X86_Convert32To32(void*, int*, unsigned int, int*, int*)
021471d8 00000004 T X86_InterleaveFrontRear(int*, int*, unsigned int)
021471dc 00000088 T X86_MonoFromStereo(int*, unsigned int)
02147264 00000088 T X86_StereoFill(int*, unsigned int, int*, int*)
021472ec 0000008c T X86_EndChannelOfs(_MODCHANNEL*, int*, unsigned int)
02147378 0000089c T CSoundFile::CreateStereoMix(int)
02147c14 00000018 t swap_subblock(MMCMPSUBBLOCK*)
02147c2c 00000084 t MMCMPBITBUFFER::GetBits(unsigned int) [clone .part.0]
02147cb0 00000090 T _PPBITBUFFER::GetBits(unsigned int)
02147d40 00000504 T PP20_Unpack(unsigned char const**, unsigned int*)
02148244 00000a08 T MMCMP_Unpack(unsigned char const**, unsigned int*)
02148c4c 000019e0 T CSoundFile::ReadXM(unsigned char const*, unsigned int)
0214a62c 00000614 T CSoundFile::ReadWav(unsigned char const*, unsigned int)
0214ac40 00000090 t get_fci(char const*, int*)
0214acd0 000005d4 T CSoundFile::ReadUMX(unsigned char const*, unsigned int)
0214b2a4 0000080c T CSoundFile::ReadUlt(unsigned char const*, unsigned int)
0214bab0 0000063c T CSoundFile::ReadSTM(unsigned char const*, unsigned int)
0214c0ec 00000128 T CSoundFile::S3MConvert(_MODCOMMAND*, bool) const
0214c214 00000b54 T CSoundFile::ReadS3M(unsigned char const*, unsigned int)
0214cd68 00000684 T CSoundFile::ReadPTM(unsigned char const*, unsigned int)
0214d3ec 00000760 T CSoundFile::ReadOKT(unsigned char const*, unsigned int)
0214db4c 000005c8 T CSoundFile::ReadMTM(unsigned char const*, unsigned int)
0214e114 000001ac T CSoundFile::ConvertModCommand(_MODCOMMAND*) const
0214e2c0 00000da8 T CSoundFile::ReadMod(unsigned char const*, unsigned int)
0214f068 0000034c t MedConvert(_MODCOMMAND*, tagMMD0SONGHEADER const*)
0214f3b4 00000e30 T CSoundFile::ReadMed(unsigned char const*, unsigned int)
021501e4 0000023c T ConvertMDLCommand(_MODCOMMAND*, unsigned int, unsigned int)
02150420 00000314 T UnpackMDLTrack(_MODCOMMAND*, unsigned int, unsigned int, unsigned int, unsigned char const*, unsigned int)
02150734 00000f58 T CSoundFile::ReadMDL(unsigned char const*, unsigned int)
0215168c 00000064 T MDLReadBits(unsigned int&, unsigned int&, unsigned char*&, signed char)
021516f0 0000069c T CSoundFile::ITInstrToMPT(void const*, _INSTRUMENTHEADER*, unsigned int)
02151d8c 00000078 T ITReadBits(unsigned int&, unsigned int&, unsigned char*&, signed char)
02151e04 000002a8 T ITUnpack8Bit(signed char*, unsigned int, unsigned char*, unsigned int, bool)
021520ac 000002cc T ITUnpack16Bit(signed char*, unsigned int, unsigned char*, unsigned int, bool)
02152378 00000254 T CSoundFile::LoadMixPlugins(void const*, unsigned int)
021525cc 00001328 T CSoundFile::ReadIT(unsigned char const*, unsigned int)
021538f4 000007cc T CSoundFile::ReadFAR(unsigned char const*, unsigned int)
021540c0 000005f8 T CSoundFile::ReadDSM(unsigned char const*, unsigned int)
021546b8 00000e84 T CSoundFile::ReadDMF(unsigned char const*, unsigned int)
0215553c 00000244 T DMFNewNode(DMF_HTREE*)
02155780 000001e8 T DMFUnpack(unsigned char*, unsigned char*, unsigned char*, unsigned int)
02155968 00000b44 T CSoundFile::ReadDBM(unsigned char const*, unsigned int)
021564ac 000009f0 T CSoundFile::ReadAMS2(unsigned char const*, unsigned int)
02156e9c 000008bc T CSoundFile::ReadAMS(unsigned char const*, unsigned int)
02157758 00000284 T AMSUnpack(char const*, unsigned int, char*, unsigned int, char)
021579dc 000002b4 T AMF_Unpack(_MODCOMMAND*, unsigned char const*, unsigned int, unsigned int)
02157c90 00000b20 T CSoundFile::ReadAMF(unsigned char const*, unsigned int)
021587b0 00000694 T CSoundFile::Read669(unsigned char const*, unsigned int)
02158e44 00000158 t ConvertMT2Command(CSoundFile*, _MODCOMMAND*, _MT2COMMAND const*)
02158f9c 00000fb4 T CSoundFile::ReadMT2(unsigned char const*, unsigned int)
02159f50 00000024 T swap_PSMCHUNK(_PSMCHUNK*)
02159f74 00000024 T swap_PSMPATTERN(_PSMPATTERN*)
02159f98 00000040 T swap_PSMSAMPLE(_PSMSAMPLE*)
02159fd8 00000980 T CSoundFile::ReadPSM(unsigned char const*, unsigned int)
0215a958 00000108 t abc_brokenrithm(char const*, int*, int*, int*, int)
0215aa60 000000a4 t abc_pattracktime(_ABCHANDLE*, unsigned int)
0215ab04 00000158 t abc_globalslide(_ABCHANDLE*, unsigned int, int)
0215ac5c 000000a8 t abc_skip_word(char*)
0215ad04 00000178 t abc_parse_decorations(_ABCHANDLE*, _ABCTRACK*, char const*)
0215ae7c 0000022c t abc_MIDI_gchord(char const*, _ABCHANDLE*)
0215b0a8 00000130 t abc_beat_vol(_ABCHANDLE*, int, int)
0215b1d8 000000a4 t abc_MIDI_beatstring(_ABCHANDLE*, char const*)
0215b27c 00000298 t abc_substitute(_ABCHANDLE*, char*, char*)
0215b514 0000038c t abc_dumptracks(_ABCHANDLE*, char const*)
0215b8a0 00000088 t abc_message(char const*, char const*)
0215b928 0000031c t ABC_Key(char const*)
0215bc44 0000028c t abc_addchordname(char const*, int, int const*)
0215bed0 000002cc t abc_setup_chordnames()
0215c19c 00000220 t abc_extractkeyvalue(char*, unsigned int, char*, unsigned int, char const*) [clone .constprop.0]
0215c3bc 00000170 t abc_new_umacro(_ABCHANDLE*, char const*)
0215c52c 00000238 t abc_partpat_to_orderlist(unsigned char (*) [2], char const*, _ABCHANDLE*, unsigned char**, int) [clone .isra.0]
0215c764 000003f0 t abc_synchronise_tracks(_ABCHANDLE*)
0215cb54 00000868 t ABC_ReadPatterns(_MODCOMMAND**, unsigned short*, _ABCHANDLE*, int, int)
0215d3bc 000000d0 t ABC_CleanupMacros(_ABCHANDLE*)
0215d48c 000001a0 t abc_fgetbytes(MMFILE*, char*, unsigned int) [clone .part.0]
0215d62c 00000344 t abc_gets(_ABCHANDLE*, MMFILE*)
0215d970 00000118 t abc_MIDI_beat(_ABCHANDLE*, char const*)
0215da88 000000d4 t abc_MIDI_getnumber(char const*)
0215db5c 000000d4 t abc_MIDI_getprog(char const*)
0215dc30 000000d8 t abc_add_event(_ABCHANDLE*, _ABCTRACK*, _ABCEVENT*) [clone .isra.0]
0215dd08 00000084 t abc_add_partbreak(_ABCHANDLE*, _ABCTRACK*, unsigned int) [clone .isra.0]
0215dd8c 0000008c t abc_add_tempo_event(_ABCHANDLE*, _ABCTRACK*, unsigned int, int) [clone .isra.0]
0215de18 00000094 t abc_add_noteoff(_ABCHANDLE*, _ABCTRACK*, unsigned int) [clone .isra.0]
0215deac 000002e8 t abc_add_dronenote(_ABCHANDLE*, _ABCTRACK*, unsigned int, int, int) [clone .isra.0]
0215e194 00000308 t abc_add_chord(char const*, _ABCHANDLE*, _ABCTRACK*, unsigned int) [clone .isra.0]
0215e49c 00000088 t abc_add_setjumploop(_ABCHANDLE*, _ABCTRACK*, unsigned int, ABCEVENT_JUMPTYPE) [clone .isra.0]
0215e524 000000c8 t abc_add_sync(_ABCHANDLE*, _ABCTRACK*, unsigned int) [clone .isra.0]
0215e5ec 00000084 t abc_add_tocoda(_ABCHANDLE*, _ABCTRACK*, unsigned int) [clone .isra.0]
0215e670 000009a4 t abc_add_noteon(_ABCHANDLE*, int, char const*, unsigned int, char*, int, ABCEVENT_X_EFFECT, int)
0215f014 0000094c t abc_transpose(char const*)
0215f960 00000348 t abc_locate_track(_ABCHANDLE*, char const*, int)
0215fca8 00000568 t abc_add_gchord(_ABCHANDLE*, unsigned int, unsigned int)
02160210 000002a0 t abc_add_drum(_ABCHANDLE*, unsigned int, unsigned int)
021604b0 00000040 t abc_check_track(_ABCHANDLE*, _ABCTRACK*) [clone .part.0]
021604f0 0000017c t abc_getexpr(char const*, int*)
0216066c 00000114 t abc_M_field(char const*, int*, int*)
02160780 000000fc t abc_notelen(char const*, int*, int*)
0216087c 00000350 t abc_extract_tempo(char const*, int)
02160bcc 0000072c t abc_set_parts(char**, char*)
021612f8 00000b18 t abc_song_to_parts(_ABCHANDLE*, char**, unsigned char (*) [2])
02161e10 000014b4 t abc_MIDI_command(_ABCHANDLE*, char*, char)
021632c4 00000260 t abc_continuated(_ABCHANDLE*, MMFILE*, char*)
02163524 00000294 T CSoundFile::TestABC(unsigned char const*, unsigned int)
021637b8 00005628 T CSoundFile::ReadABC(unsigned char const*, unsigned int)
02168de0 00000088 t mid_message(char const*, char const*)
02168e68 0000072c t MID_ReadPatterns(_MODCOMMAND**, unsigned short*, _MIDHANDLE*, int, int)
02169594 0000001c t mid_read_long(_MIDHANDLE*) [clone .isra.0]
021695b0 0000009c t mid_sync_track(_MIDTRACK*, unsigned int)
0216964c 0000013c t mid_add_event(_MIDHANDLE*, _MIDTRACK*, _MIDEVENT*) [clone .isra.0]
02169788 000003c8 t mid_locate_track(_MIDHANDLE*, int, int)
02169b50 00000078 t mid_add_noteoff(_MIDHANDLE*, _MIDTRACK*)
02169bc8 000000cc t mid_add_wheel(_MIDHANDLE*, _MIDTRACK*, int)
02169c94 00000090 T CSoundFile::TestMID(unsigned char const*, unsigned int)
02169d24 00002454 T CSoundFile::ReadMID(unsigned char const*, unsigned int)
0216c178 00000100 t pat_sawtooth(int)
0216c278 00000120 t pat_setpat_attr(WaveHeader*, _MODINSTRUMENT*)
0216c398 000000c0 t mmreadUBYTES(unsigned char*, long, MMFILE*)
0216c458 00000114 t pat_build_path(char*, int)
0216c56c 000003fc t pat_setpat_inst(WaveHeader*, _INSTRUMENTHEADER*, int)
0216c968 000000ac t pat_square(int)
0216ca14 0000003c t pat_sinus(int)
0216ca50 000001c8 t pat_read_waveheader(__sFILE*, WaveHeader*, int) [clone .constprop.0]
0216cc18 000002fc t pat_readpat(int, char*, int)
0216cf14 00000170 t dec_pat_Decompress8Bit(short*, int, int) [clone .isra.0]
0216d084 000000c8 t pat_readpat_attr(int, WaveHeader*, int) [clone .constprop.0]
0216d14c 00000308 t PATsample(CSoundFile*, _MODINSTRUMENT*, int, int)
0216d454 00000040 T pat_resetsmp
0216d494 00000024 T pat_smptogm
0216d4b8 0000005c T pat_gmtosmp
0216d514 00000024 T pat_smplooped
0216d538 00000068 T pat_gm_name
0216d5a0 0000002c T pat_gm_drumnr
0216d5cc 000000a8 T pat_gm_drumnote
0216d674 0000069c T pat_init_patnames
0216dd10 00000088 T CSoundFile::TestPAT(unsigned char const*, unsigned int)
0216dd98 00000008 T pat_modnote
0216dda0 00000344 T PAT_Load_Instruments
0216e0e4 00000bb8 T CSoundFile::ReadPAT(unsigned char const*, unsigned int)
0216ec9c 00000004 T operator delete(void*, unsigned int)
0216eca0 00000004 T operator delete[](void*)
0216eca4 00000080 T operator new(unsigned int)
0216ed24 00000004 T operator new[](unsigned int)
0216ed28 0000000c T std::bad_alloc::what() const
0216ed34 00000010 T std::bad_alloc::~bad_alloc()
0216ed34 00000010 T std::bad_alloc::~bad_alloc()
0216ed44 00000040 T std::bad_alloc::~bad_alloc()
0216ed84 00000004 T operator delete(void*)
0216ed88 0000000c W __gnu_cxx::__concurrence_lock_error::what() const
0216ed94 0000000c W __gnu_cxx::__concurrence_unlock_error::what() const
0216eda0 00000010 W __gnu_cxx::__concurrence_lock_error::~__concurrence_lock_error()
0216eda0 00000010 W __gnu_cxx::__concurrence_lock_error::~__concurrence_lock_error()
0216edb0 00000040 W __gnu_cxx::__concurrence_lock_error::~__concurrence_lock_error()
0216edf0 00000010 W __gnu_cxx::__concurrence_unlock_error::~__concurrence_unlock_error()
0216edf0 00000010 W __gnu_cxx::__concurrence_unlock_error::~__concurrence_unlock_error()
0216ee00 00000040 W __gnu_cxx::__concurrence_unlock_error::~__concurrence_unlock_error()
0216ee40 00000154 t (anonymous namespace)::pool::free(void*) [clone .constprop.0]
0216ef94 00000104 t (anonymous namespace)::pool::allocate(unsigned int) [clone .constprop.0]
0216f098 00000064 T __cxa_allocate_exception
0216f0fc 00000030 T __cxa_free_exception
0216f12c 00000004 T std::exception::~exception()
0216f12c 00000004 T std::exception::~exception()
0216f130 000000a0 t get_adjusted_ptr(std::type_info const*, std::type_info const*, void**)
0216f1d0 0000013c t read_encoded_value_with_base(unsigned char, unsigned int, unsigned char const*, unsigned int*)
0216f30c 00000068 t base_of_encoded_value(unsigned char, _Unwind_Context*)
0216f374 0000011c t parse_lsda_header(_Unwind_Context*, unsigned char const*, lsda_header_info*)
0216f490 00000138 t check_exception_spec(lsda_header_info*, std::type_info const*, void*, long)
0216f5c8 00000830 T __gxx_personality_v0
0216fdf8 00000020 T __cxxabiv1::__terminate(void (*)())
0216fe18 00000018 T __cxxabiv1::__unexpected(void (*)())
0216fe30 00000018 T std::get_terminate()
0216fe48 00000018 T std::get_unexpected()
0216fe60 0000008c t __gxx_exception_cleanup(_Unwind_Reason_Code, _Unwind_Exception*)
0216feec 00000070 T __cxa_init_primary_exception
0216ff5c 00000068 T __cxa_throw
0216ffc4 00000018 T std::get_new_handler()
0216ffdc 00000010 T __cxxabiv1::__si_class_type_info::~__si_class_type_info()
0216ffdc 00000010 T __cxxabiv1::__si_class_type_info::~__si_class_type_info()
0216ffec 00000040 T __cxxabiv1::__si_class_type_info::~__si_class_type_info()
0217002c 000001d4 T __cxxabiv1::__si_class_type_info::__do_dyncast(int, __cxxabiv1::__class_type_info::__sub_kind, __cxxabiv1::__class_type_info const*, void const*, __cxxabiv1::__class_type_info const*, void const*, __cxxabiv1::__class_type_info::__dyncast_result&) const
02170200 000000b4 T __cxxabiv1::__si_class_type_info::__do_find_public_src(int, void const*, __cxxabiv1::__class_type_info const*, void const*) const
021702b4 00000094 T __cxxabiv1::__si_class_type_info::__do_upcast(__cxxabiv1::__class_type_info const*, void const*, __cxxabiv1::__class_type_info::__upcast_result&) const
02170348 00000004 T std::type_info::~type_info()
02170348 00000004 T std::type_info::~type_info()
0217034c 00000008 T std::type_info::__is_pointer_p() const
0217034c 00000008 T std::type_info::__is_function_p() const
02170354 0000007c T __cxxabiv1::__class_type_info::__do_upcast(__cxxabiv1::__class_type_info const*, void**) const
021703d0 00000018 T __cxxabiv1::__class_type_info::__do_find_public_src(int, void const*, __cxxabiv1::__class_type_info const*, void const*) const
021703e8 00000010 T __cxxabiv1::__class_type_info::~__class_type_info()
021703e8 00000010 T __cxxabiv1::__class_type_info::~__class_type_info()
021703f8 00000040 T __cxxabiv1::__class_type_info::~__class_type_info()
02170438 00000094 T __cxxabiv1::__class_type_info::__do_upcast(__cxxabiv1::__class_type_info const*, void const*, __cxxabiv1::__class_type_info::__upcast_result&) const
021704cc 00000104 T __cxxabiv1::__class_type_info::__do_catch(std::type_info const*, void**, unsigned int) const
021705d0 00000138 T __cxxabiv1::__class_type_info::__do_dyncast(int, __cxxabiv1::__class_type_info::__sub_kind, __cxxabiv1::__class_type_info const*, void const*, __cxxabiv1::__class_type_info const*, void const*, __cxxabiv1::__class_type_info::__dyncast_result&) const
02170708 000000c8 T __cxa_begin_catch
021707d0 00000068 t eh_globals_dtor(void*)
02170838 000000bc T __cxa_get_globals
021708f4 00000830 t swap_bytes
02171124 0000019c t conv_s16_to_s32
021712c0 00000270 t cap_fit
02171530 0000025c t enc_chan_fit
0217178c 00000028 T mpg123_rates
021717b4 0000005c T mpg123_encsize
02171810 00000870 T INT123_frame_output_format
02172080 00000088 T mpg123_format_none
02172108 00000230 T mpg123_fmt_all
02172338 000003d4 T mpg123_fmt2
0217270c 0000006c T mpg123_format
02172778 00000014 T INT123_invalidate_format
0217278c 00000044 T INT123_decoder_synth_bytes
021727d0 00000044 T INT123_samples_to_bytes
02172814 00000048 T INT123_bytes_to_samples
0217285c 000000a8 T INT123_outblock_bytes
02172904 00001388 T INT123_postprocess_buffer
02173c8c 00000110 t decode_the_frame
02173d9c 00000220 t frame_buffercheck.part.0.constprop.0
02173fbc 00000008 T mpg123_init
02173fc4 00000004 T mpg123_exit
02173fc8 000000b0 T mpg123_parnew
02174078 00000010 T mpg123_new
02174088 00000258 T INT123_decode_update
021742e0 000002f8 t get_next_frame
021745d8 000001d0 t do_the_seek
021747a8 000002d0 T mpg123_decode
02174a78 00000018 T mpg123_read
02174a90 000000d0 T mpg123_getformat
02174b60 000001bc T mpg123_tell
02174d1c 00000230 T mpg123_length
02174f4c 0000024c T mpg123_scan
02175198 00000330 T mpg123_seek
021754c8 00000080 T mpg123_close
02175548 0000007c T mpg123_open_handle
021755c4 00000074 T mpg123_replace_reader_handle
02175638 00000048 T mpg123_delete
02175680 00000048 T mpg123_plain_strerror
021756c8 00000060 T mpg123_strerror
02175728 000001d0 t fi_shrink
021758f8 00000038 T INT123_fi_init
02175930 00000078 T INT123_fi_exit
021759a8 00000178 T INT123_fi_resize
02175b20 00000130 T INT123_fi_add
02175c50 0000002c T INT123_fi_reset
02175c7c 0000000c T INT123_init_icy
02175c88 00000040 T INT123_clear_icy
02175cc8 00000040 T INT123_reset_icy
02175d08 000002a8 T INT123_synth_ntom_set_step
02175fb0 00000118 T INT123_ntom_set_ntom
021760c8 00000024 T INT123_ntom_frame_outsamples
021760ec 000000e8 T INT123_ntom_frmouts
021761d4 0000010c T INT123_ntom_ins2outs
021762e0 000000d8 T INT123_ntom_frameoff
021763b8 00000014 T mpg123_init_string
021763cc 0000004c T mpg123_free_string
02176418 000000a8 T mpg123_grow_string
021764c0 000000d4 T mpg123_move_string
02176594 0000005c T mpg123_same_string
021765f0 00000014 T INT123_safe_realloc
02176604 00000038 t bit_read_long
0217663c 00000864 t decode_header
02176ea0 000000c0 t forget_head_shift
02176f60 000000b8 t getbits.constprop.0
02177018 00000018 T INT123_frame_freq
02177030 00001e1c T INT123_read_frame
02178e4c 000000b8 T INT123_set_pointer
02178f04 00000050 T INT123_compute_bpf
02178f54 00000214 t frame_fixed_reset
02179168 00000230 t frame_fuzzy_find.constprop.0
02179398 00000144 T INT123_frame_outbuffer
021794dc 00000100 T INT123_frame_index_setup
021795dc 00000224 T INT123_frame_init_par
02179800 00000190 T INT123_frame_buffers
02179990 0000009c T INT123_frame_buffers_reset
02179a2c 00000084 T INT123_frame_fill_toc
02179ab0 00000058 T INT123_frame_reset
02179b08 000000f4 T INT123_frame_exit
02179bfc 000001b0 T INT123_frame_index_find
02179dac 000000d4 T INT123_frame_ins2outs
02179e80 000000c4 T INT123_frame_outs
02179f44 000000a8 T INT123_frame_expect_outsamples
02179fec 000000b8 T INT123_frame_offset
0217a0a4 000000d4 T INT123_frame_gapless_init
0217a178 000000c4 T INT123_frame_gapless_realinit
0217a23c 000001f4 T INT123_frame_gapless_update
0217a430 00000220 T INT123_frame_set_frameseek
0217a650 00000018 T INT123_frame_skip
0217a668 000000e4 T INT123_frame_set_seek
0217a74c 0000019c T INT123_do_rva
0217a8e8 000001d4 t next_text
0217aabc 00000294 t promote_framename
0217ad50 00000594 t convert_utf16bom
0217b2e4 00000410 t convert_latin1
0217b6f4 0000009c t convert_utf8
0217b790 00000214 t add_id3_text
0217b9a4 00000048 T INT123_init_id3
0217b9ec 00000320 T INT123_exit_id3
0217bd0c 00000070 T INT123_reset_id3
0217bd7c 00000288 T INT123_id3_to_utf8
0217c004 000001cc t store_id3_text.part.0
0217c1d0 00000170 T store_id3v2
0217c340 00002278 T INT123_parse_new_id3
0217e5b8 00000070 t synth_stereo_wrap
0217e628 00000008 T INT123_defdec
0217e630 00000028 T INT123_decclass
0217e658 000003ec T INT123_set_synth_functions
0217ea44 00000314 T INT123_frame_cpu_opt
0217ed58 0000000c t nix_lseek
0217ed64 000000f4 t plain_fullread
0217ee58 00000074 t generic_head_read
0217eecc 00000078 t generic_head_shift
0217ef44 00000050 t generic_read_frame_body
0217ef94 00000084 t generic_tell
0217f018 00000068 t feed_skip_bytes
0217f080 00000008 t feed_seek_frame
0217f088 00000010 t bad_init
0217f098 00000004 t bad_close
0217f09c 00000010 t bad_fullread
0217f0ac 00000010 t bad_head_read
0217f0bc 00000014 t bad_skip_bytes
0217f0d0 00000010 t bad_back_bytes
0217f0e0 00000014 t bad_tell
0217f0f4 0000003c t plain_read
0217f130 00000178 t bc_give
0217f2a8 00000048 t feed_read
0217f2f0 00000190 t bc_add
0217f480 00000528 t icy_fullread
0217f9a8 00000240 t buffered_fullread
0217fbe8 000001b0 t stream_seek_frame
0217fd98 00000004 t posix_lseek
0217fd9c 00000004 t posix_read
0217fda0 000001b8 t buffered_forget
0217ff58 00000040 t io_seek
0217ff98 000001d0 t stream_skip_bytes
02180168 0000009c t stream_back_bytes
02180204 00000370 t default_init
02180574 00000010 t bad_seek_frame
02180584 00000010 t bad_read_frame_body
02180594 00000010 t bad_head_shift
021805a4 00000004 t bad_rewind
021805a8 000000a0 t stream_rewind
02180648 00000278 t bc_fill_pool.isra.0
021808c0 00000088 t feed_init
02180948 000000bc t bc_reset
02180a04 0000008c t stream_close
02180a90 00000088 t feed_back_bytes
02180b18 0000003c T INT123_bc_prepare
02180b54 00000130 T INT123_bc_cleanup
02180c84 0000007c T INT123_feed_more
02180d00 00000078 T INT123_open_bad
02180d78 000000d8 T INT123_open_stream_handle
02180e50 000003b4 T INT123_make_decode_tables
02181204 00000c54 T INT123_make_conv16to8_table
02181e58 000000cc t getbits
02181f24 00002240 T INT123_do_layer1
02184164 000000cc t getbits
02184230 00000160 T INT123_init_layer12_stuff
02184390 0000003c T INT123_init_layer12_table
021843cc 00001c30 T INT123_do_layer2
02185ffc 0000034c t III_get_scale_factors_2
02186348 000003e8 t dct12
02186730 000000cc t getbits
021867fc 000019a4 t III_dequantize_sample
021881a0 00001550 t III_get_scale_factors_1.isra.0
021896f0 00000054 T INT123_init_layer3_gainpow2
02189744 00000530 T INT123_init_layer3_stuff
02189c74 00000610 T INT123_dct36
0218a284 00003330 T INT123_do_layer3
0218d5b4 000004a0 T INT123_synth_1to1_8bit
0218da54 000000d4 T INT123_synth_1to1_8bit_mono
0218db28 000000a8 T INT123_synth_1to1_8bit_m2s
0218dbd0 0000015c T INT123_synth_1to1_8bit_wrap
0218dd2c 00000134 T INT123_synth_1to1_8bit_wrap_mono
0218de60 00000134 T INT123_synth_1to1_8bit_wrap_m2s
0218df94 00000b0c T INT123_synth_2to1_8bit
0218eaa0 000000f8 T INT123_synth_2to1_8bit_mono
0218eb98 000000d8 T INT123_synth_2to1_8bit_m2s
0218ec70 000009c0 T INT123_synth_4to1_8bit
0218f630 000000b8 T INT123_synth_4to1_8bit_mono
0218f6e8 00000098 T INT123_synth_4to1_8bit_m2s
0218f780 00000a58 T INT123_synth_ntom_8bit
021901d8 00000174 T INT123_synth_ntom_8bit_mono
0219034c 000001b0 T INT123_synth_ntom_8bit_m2s
021904fc 00000460 T INT123_synth_1to1
0219095c 000000d4 T INT123_synth_1to1_mono
02190a30 000000a8 T INT123_synth_1to1_m2s
02190ad8 000012f8 T INT123_synth_2to1
02191dd0 000000f8 T INT123_synth_2to1_mono
02191ec8 000000d8 T INT123_synth_2to1_m2s
02191fa0 000009a8 T INT123_synth_4to1
02192948 000000b8 T INT123_synth_4to1_mono
02192a00 00000098 T INT123_synth_4to1_m2s
02192a98 00000eb0 T INT123_synth_ntom
02193948 00000194 T INT123_synth_ntom_mono
02193adc 0000016c T INT123_synth_ntom_m2s
02193c48 0000049c T INT123_synth_1to1_s32
021940e4 000000d4 T INT123_synth_1to1_s32_mono
021941b8 000000a8 T INT123_synth_1to1_s32_m2s
02194260 000013e8 T INT123_synth_2to1_s32
02195648 000000f8 T INT123_synth_2to1_s32_mono
02195740 000000d8 T INT123_synth_2to1_s32_m2s
02195818 00000a28 T INT123_synth_4to1_s32
02196240 000000b8 T INT123_synth_4to1_s32_mono
021962f8 00000098 T INT123_synth_4to1_s32_m2s
02196390 00000f04 T INT123_synth_ntom_s32
02197294 00000190 T INT123_synth_ntom_s32_mono
02197424 000001b0 T INT123_synth_ntom_s32_m2s
021975d4 00000390 T INT123_synth_1to1_real
02197964 000000d4 T INT123_synth_1to1_real_mono
02197a38 000000a8 T INT123_synth_1to1_real_m2s
02197ae0 00000d68 T INT123_synth_2to1_real
02198848 000000f8 T INT123_synth_2to1_real_mono
02198940 000000d8 T INT123_synth_2to1_real_m2s
02198a18 00000728 T INT123_synth_4to1_real
02199140 000000b8 T INT123_synth_4to1_real_mono
021991f8 00000098 T INT123_synth_4to1_real_m2s
02199290 000006ac T INT123_synth_ntom_real
0219993c 00000194 T INT123_synth_ntom_real_mono
02199ad0 0000016c T INT123_synth_ntom_real_m2s
02199c3c 00000004 T INT123_compat_close
02199c40 00000928 T INT123_dct64
0219a568 000000a0 T INT123_do_equalizer
0219a608 000000b4 T exp
0219a6bc 000000d4 T sin
0219a790 00000010 T exp2f
0219a7a0 0000018c T ceil
0219a92c 00000408 T __ieee754_rem_pio2
0219ad34 00000f28 T __kernel_rem_pio2
0219bc5c 00000198 T scalbn
0219bdf4 00000010 T exp2
0219be04 000000cc T __kernel_sin
0219bed0 000000d0 T cos
0219bfa0 000002f0 T __ieee754_exp
0219c290 00000158 T powf
0219c3e8 000000b4 T expf
0219c49c 00000084 T log
0219c520 000000d8 T sinf
0219c5f8 00000028 T finitef
0219c620 000001a0 T floor
0219c7c0 00000020 T finite
0219c7e0 00000300 T __ieee754_log
0219cae0 00000188 T __kernel_cos
0219cc68 000000cc T __kernel_sinf
0219cd34 00000028 T fabs
0219cd5c 00000040 t with_errno
0219cd9c 0000002c t xflow
0219cdc8 0000000c T __math_uflow
0219cdd4 0000000c T __math_oflow
0219cde0 00000434 T __ieee754_rem_pio2f
0219d214 00000020 T fabsf
0219d234 0000000c T nan
0219d240 00000158 T pow
0219d398 00000f54 T __kernel_rem_pio2f
0219e2ec 00000110 T floorf
0219e3fc 00000a34 T __ieee754_powf
0219ee30 00000174 T scalbnf
0219efa4 000002f4 T __ieee754_expf
0219f298 00000d18 T __ieee754_pow
0219ffb0 00000040 t with_errnof
0219fff0 0000001c t xflowf
021a000c 0000000c T __math_uflowf
021a0018 0000000c T __math_oflowf
021a0024 00000188 T __kernel_cosf
021a01ac 00000158 T __ieee754_sqrtf
021a0304 000002c8 T __ieee754_sqrt
021a05cc 0000008c t RWread
021a0658 00000214 t TTF_initFontMetrics
021a086c 00000e74 t Load_Glyph
021a16e0 000000d0 t UCS2_to_UTF8_len
021a17b0 000000f0 t UCS2_to_UTF8
021a18a0 00000218 t AllocateAlignedPixels
021a1ab8 000000a8 t Create_Surface_Solid
021a1b60 00000254 t Create_Surface_Shaded
021a1db4 000000ac t Create_Surface_Blended
021a1e60 000000e0 t Create_Surface_LCD.isra.0
021a1f40 000000c4 t clip_glyph.isra.0
021a2004 000001d0 t Draw_Line.isra.0
021a21d4 00000098 t Flush_Cache
021a226c 00000084 t TTF_CloseFont.part.0
021a22f0 000006fc t TTF_Size_Internal
021a29ec 000007f4 t Render_Line_64_Blended
021a31e0 000007bc t Render_Line_64_Blended_SP
021a399c 000039a0 t Render_Line
021a733c 00000490 t TTF_Render_Internal
021a77cc 0000007c T TTF_Init
021a7848 00000114 T TTF_SetFontSizeDPI
021a795c 000003b4 T TTF_OpenFontIndexDPIRW
021a7d10 00000010 T TTF_OpenFontRW
021a7d20 0000000c T TTF_CloseFont
021a7d2c 00000008 T TTF_FontHeight
021a7d34 00000014 T TTF_FontAscent
021a7d48 00000008 T TTF_FontDescent
021a7d50 0000003c T TTF_RenderUTF8_Blended
021a7d8c 000000ac T TTF_SetFontStyle
021a7e38 0000005c T TTF_SetFontOutline
021a7e94 00000068 T TTF_Quit
021a7efc 0000000c T TTF_WasInit
021a7f08 000000bc t IMG_string_equals
021a7fc4 000001c0 T IMG_LoadTyped_RW
021a8184 00000008 T IMG_Load_RW
021a818c 00000008 T IMG_isAVIF
021a8194 00000008 T IMG_LoadAVIF_RW
021a819c 00000134 t IMG_isICOCUR.part.0
021a82d0 000007b8 t LoadICOCUR_RW.constprop.0
021a8a88 000000ac T IMG_isBMP
021a8b34 00000010 T IMG_isICO
021a8b44 00000010 T IMG_isCUR
021a8b54 00000008 T IMG_LoadBMP_RW
021a8b5c 00000008 T IMG_LoadICO_RW
021a8b64 00000008 T IMG_LoadCUR_RW
021a8b6c 000000b8 t GetDataBlock
021a8c24 000000cc t ReadColorMap
021a8cf0 00000140 t GetCode.part.0
021a8e30 00000578 t LWZReadByte
021a93a8 00000250 t ReadImage.constprop.0
021a95f8 00000708 t IMG_LoadGIF_RW_Internal
021a9d00 000000e8 T IMG_isGIF
021a9de8 00000058 T IMG_LoadGIF_RW
021a9e40 000001c4 T IMG_isJPG
021aa004 00000004 T IMG_LoadJPG_RW
021aa008 00000008 T IMG_isJXL
021aa010 00000008 T IMG_LoadJXL_RW
021aa018 000000e8 T IMG_isLBM
021aa100 00000ad0 T IMG_LoadLBM_RW
021aabd0 000000ac T IMG_isPCX
021aac7c 000006dc T IMG_LoadPCX_RW
021ab358 000000c4 T IMG_isPNG
021ab41c 00000004 T IMG_LoadPNG_RW
021ab420 0000011c t ReadNumber
021ab53c 000000b4 T IMG_isPNM
021ab5f0 00000628 T IMG_LoadPNM_RW
021abc18 00000050 t qoi_read_32
021abc68 000003b0 T qoi_decode
021ac018 000000ac T IMG_isQOI
021ac0c4 0000010c T IMG_LoadQOI_RW
021ac1d0 00000094 t nsvg__xformMultiply
021ac264 00000100 t nsvg__xformInverse
021ac364 00000108 t nsvg__convertToPixels
021ac46c 000000e8 t nsvg__parseUnits
021ac554 00000024 t nsvg__cmpEdge
021ac578 00000070 t nsvg__applyOpacity
021ac5e8 000000a4 t nsvgDeleteRasterizer
021ac68c 000002a4 t nsvg__atof
021ac930 00000384 t nsvg__parseColor
021accb4 000000a8 t nsvg__addPoint
021acd5c 000000b4 t nsvg__lineTo
021ace10 0000011c t nsvg__addPathPoint
021acf2c 00000224 t nsvg__flattenCubicBez
021ad150 000000d8 t nsvg__appendPathPoint
021ad228 00000100 t nsvg__vecang
021ad328 000000e4 t nsvg__endElement
021ad40c 00000110 t nsvg__addEdge.part.0
021ad51c 00000110 t nsvg__fillScanline.constprop.0
021ad62c 00000aec t nsvg__rasterizeSortedEdges.constprop.0
021ae118 000001fc t nsvg__parseNumber.constprop.0
021ae314 000001b0 t nsvg__parseTransformArgs.constprop.0
021ae4c4 00000048 t nsvg__parseCoordinateRaw
021ae50c 00000108 t nsvg__getNextPathItem
021ae614 000005e8 t nsvg__initPaint.part.0.isra.0
021aebfc 00000290 t nsvg__roundCap.isra.0
021aee8c 00000390 t nsvg__curveBounds
021af21c 000002a8 t nsvg__addPath
021af4c4 0000024c t nsvg__getLocalBounds.isra.0
021af710 00000104 t nsvgDelete
021af814 00000464 t nsvg__createGradient
021afc78 00000438 t nsvg__addShape
021b00b0 000005dc t nsvg__parseTransform
021b068c 0000027c t nsvg__content
021b0908 00000228 t nsvg__prepareStroke
021b0b30 00000090 t nsvg__parseCoordinate
021b0bc0 00000b90 t nsvg__expandStroke
021b1750 00000de4 t nsvgRasterize.constprop.0
021b2534 00000c28 t nsvg__parseAttr
021b315c 0000022c t nsvg__parseGradientStop
021b3388 00000474 t nsvg__parseGradient
021b37fc 0000019c t nsvg__parsePoly
021b3998 0000023c t nsvg__parseNameValue.isra.0
021b3bd4 00000130 t nsvg__parseStyle
021b3d04 00000094 t nsvg__parseAttribs
021b3d98 000024d0 t nsvg__startElement
021b6268 00000330 t nsvg__parseElement.constprop.0
021b6598 000000b0 T IMG_isSVG
021b6648 00000b38 T IMG_LoadSizedSVG_RW
021b7180 0000000c T IMG_LoadSVG_RW
021b718c 0000008c t stbi__mad3sizes_valid
021b7218 00000084 t stbi__refill_buffer
021b729c 000003ec t stbi__idct_block
021b7688 00000008 t resample_row_1
021b7690 0000003c t stbi__resample_row_v_2
021b76cc 000000a0 t stbi__resample_row_hv_2
021b776c 0000013c t stbi__resample_row_generic
021b78a8 0000010c t stbi__YCbCr_to_RGB_row
021b79b4 0000004c t stbi__bitreverse16
021b7a00 0000007c t stbi__fill_bits
021b7a7c 00000178 t stbi__zhuffman_decode
021b7bf4 00000010 t IMG_LoadSTB_RW_skip
021b7c04 0000000c t IMG_LoadSTB_RW_read
021b7c10 000002e8 t stbi__zbuild_huffman
021b7ef8 00000218 t stbi__build_huffman
021b8110 0000010c t stbi__zexpand
021b821c 00000048 t stbi__malloc_mad2
021b8264 0000005c t stbi__skip
021b82c0 000000c8 t stbi__resample_row_h_2
021b8388 00000070 t IMG_LoadSTB_RW_eof
021b83f8 00000098 t stbi__free_jpeg_components.constprop.0
021b8490 00000070 t stbi__malloc_mad3
021b8500 000011ac t stbi__create_png_image_raw
021b96ac 000000f4 t stbi__get16be
021b97a0 000001dc t stbi__get32be
021b997c 00000110 t stbi__grow_buffer_unsafe
021b9a8c 00000134 t stbi__jpeg_huff_decode
021b9bc0 000000ac t stbi__extend_receive
021b9c6c 0000034c t stbi__jpeg_decode_block
021b9fb8 0000025c t stbi__jpeg_decode_block_prog_dc
021ba214 00001980 t stbi__parse_png_file.constprop.0
021bbb94 0000092c t stbi__process_marker
021bc4c0 00002b74 t stbi_load_from_callbacks.constprop.0
021bf034 000002d0 T IMG_LoadSTB_RW
021bf304 00000844 T IMG_LoadTGA_RW
021bfb48 00000008 T IMG_isTIF
021bfb50 00000008 T IMG_LoadTIF_RW
021bfb58 00000090 t load_xcf_tile_none
021bfbe8 00000350 t load_xcf_tile_rle
021bff38 00000128 t xcf_read_property
021c0060 000000e8 t read_string
021c0148 000000ac T IMG_isXCF
021c01f4 0000124c T IMG_LoadXCF_RW
021c1440 000001ac t get_next_line.part.0
021c15ec 000000f8 t get_colorhash.isra.0
021c16e4 00000998 t load_xpm
021c207c 000000ac T IMG_isXPM
021c2128 00000014 T IMG_LoadXPM_RW
021c213c 0000022c t get_header
021c2368 0000008c T IMG_isXV
021c23f4 0000018c T IMG_LoadXV_RW
021c2580 00000008 T IMG_isWEBP
021c2588 00000008 T IMG_LoadWEBP_RW
021c2590 00000010 T SDL_ExitProcess
021c25b0 0000033c T SDL_QuitSubSystem
021c28ec 00000278 t SDL_InitSubSystem.part.0
021c2b64 00000024 T SDL_InitSubSystem
021c2b88 00000024 T SDL_Init
021c2bac 00000090 T SDL_WasInit
021c2c3c 0000006c T SDL_Quit
021c2ca8 0000000c T SDL_GetPlatform
021c2cb4 00000090 t debug_print
021c2d44 000004c0 t SDL_PromptAssertion
021c3204 000001a0 T SDL_ReportAssertion
021c33a4 00000184 T SDL_AssertionsQuit
021c3528 00000180 T SDL_SetError
021c36a8 00000048 T SDL_GetError
021c36f0 00000028 T SDL_ClearError
021c3718 00000084 T SDL_Error
021c379c 00000204 T SDL_SetHintWithPriority
021c39a0 00000008 T SDL_SetHint
021c39a8 000000b0 T SDL_GetHint
021c3a58 0000005c T SDL_GetStringBoolean
021c3ab4 00000064 T SDL_GetHintBoolean
021c3b18 000000f4 T SDL_DelHintCallback
021c3c0c 000001f0 T SDL_AddHintCallback
021c3dfc 00000094 T SDL_ClearHints
021c3e90 00000074 t SDL_LogOutput
021c3f14 00000048 T SDL_LogInit
021c3f5c 0000009c T SDL_LogQuit
021c3ff8 0000007c T SDL_LogGetPriority
021c4074 00000234 T SDL_LogMessageV
021c42a8 00000090 T SDL_Log
021c4338 00000088 T SDL_LogDebug
021c43c0 00000088 T SDL_LogInfo
021c4448 00000088 T SDL_LogWarn
021c44d0 00000088 T SDL_LogCritical
021c4558 00000004 T SDL_AtomicCAS
021c456c 00000004 T SDL_AtomicSet
021c4580 00000004 T SDL_AtomicAdd
021c4594 00000050 T SDL_AtomicGet
021c45f4 000000a4 T SDL_AtomicLock
021c46a8 0000000c T SDL_AtomicUnlock
021c46c4 00000004 t SDL_AudioThreadInit_Default
021c46c8 00000008 t SDL_AudioGetDeviceBuf_Default
021c46d0 00000008 t SDL_AudioCaptureFromDevice_Default
021c46d8 00000004 t SDL_AudioDeinitialize_Default
021c46dc 00000008 t SDL_AudioOpenDevice_Default
021c46e4 000000bc t free_device_list
021c47a0 000001f8 t add_audio_device
021c4998 00000008 t SDL_BufferQueueFillCallback
021c49a0 00000074 t SDL_BufferQueueDrainCallback
021c4a14 000002dc t SDL_RunAudio
021c4cf0 00000118 t close_audio_device
021c4e08 000000c0 t SDL_AudioQuit.part.0
021c4ec8 00000004 t SDL_AudioCloseDevice_Default
021c4ecc 00000054 t SDL_AudioLockDevice_Default
021c4f20 00000004 t SDL_AudioFreeDeviceHandle_Default
021c4f24 00000004 t SDL_AudioThreadDeinit_Default
021c4f28 00000004 t SDL_AudioWaitDevice_Default
021c4f2c 00000004 t SDL_AudioPlayDevice_Default
021c4f30 00000004 t SDL_AudioFlushCapture_Default
021c4f34 00000054 t SDL_AudioUnlockDevice_Default
021c4f88 00000c78 t open_audio_device
021c5c00 000000b8 T SDL_AddAudioDevice
021c5cb8 000000dc t SDL_AudioDetectDevices_Default
021c5d94 000000fc T SDL_OpenedAudioDeviceDisconnected
021c5e90 000002b4 t SDL_CaptureAudio
021c6144 0000045c T SDL_AudioInit
021c65a0 00000008 T SDL_OpenAudioDevice
021c65a8 000000b8 T SDL_PauseAudioDevice
021c6660 00000044 T SDL_LockAudioDevice
021c66a4 00000044 T SDL_UnlockAudioDevice
021c66e8 00000058 T SDL_CloseAudioDevice
021c6740 00000014 T SDL_AudioQuit
021c6754 00000068 T SDL_CalculateAudioSpec
021c67bc 000000b0 t SDL_ConvertMonoToStereo
021c686c 000000c4 t SDL_ConvertMonoTo21
021c6930 000000d0 t SDL_ConvertMonoToQuad
021c6a00 00000084 t SDL_ConvertMonoTo41
021c6a84 00000088 t SDL_ConvertMonoTo51
021c6b0c 0000008c t SDL_ConvertMonoTo61
021c6b98 00000090 t SDL_ConvertMonoTo71
021c6c28 000000d0 t SDL_ConvertStereoToMono
021c6cf8 000000e8 t SDL_ConvertStereoTo21
021c6de0 0000009c t SDL_ConvertStereoToQuad
021c6e7c 000000a0 t SDL_ConvertStereoTo41
021c6f1c 000000a4 t SDL_ConvertStereoTo51
021c6fc0 000000a8 t SDL_ConvertStereoTo61
021c7068 000000ac t SDL_ConvertStereoTo71
021c7114 0000009c t SDL_Convert21ToMono
021c71b0 000000b0 t SDL_Convert21ToStereo
021c7260 000000dc t SDL_Convert21ToQuad
021c733c 000000cc t SDL_Convert21To41
021c7408 000000d0 t SDL_Convert21To51
021c74d8 000000d4 t SDL_Convert21To61
021c75ac 000000d8 t SDL_Convert21To71
021c7684 00000088 t SDL_ConvertQuadToMono
021c770c 000000ac t SDL_ConvertQuadToStereo
021c77b8 000000b8 t SDL_ConvertQuadTo21
021c7870 000000a8 t SDL_ConvertQuadTo41
021c7918 000000ac t SDL_ConvertQuadTo51
021c79c4 000000e0 t SDL_ConvertQuadTo61
021c7aa4 000000b4 t SDL_ConvertQuadTo71
021c7b58 000000b0 t SDL_Convert41ToMono
021c7c08 000000dc t SDL_Convert41ToStereo
021c7ce4 000000d4 t SDL_Convert41To21
021c7db8 000000cc t SDL_Convert41ToQuad
021c7e84 000000e0 t SDL_Convert41To51
021c7f64 00000114 t SDL_Convert41To61
021c8078 000000e8 t SDL_Convert41To71
021c8160 000000b4 t SDL_Convert51ToMono
021c8214 000000ec t SDL_Convert51ToStereo
021c8300 000000e0 t SDL_Convert51To21
021c83e0 000000e4 t SDL_Convert51ToQuad
021c84c4 000000d0 t SDL_Convert51To41
021c8594 0000010c t SDL_Convert51To61
021c86a0 000000e4 t SDL_Convert51To71
021c8784 000000cc t SDL_Convert61ToMono
021c8850 00000100 t SDL_Convert61ToStereo
021c8950 000000f4 t SDL_Convert61To21
021c8a44 00000108 t SDL_Convert61ToQuad
021c8b4c 000000fc t SDL_Convert61To41
021c8c48 00000100 t SDL_Convert61To51
021c8d48 000000fc t SDL_Convert61To71
021c8e44 000000b0 t SDL_Convert71ToMono
021c8ef4 00000150 t SDL_Convert71ToStereo
021c9044 000000ec t SDL_Convert71To21
021c9130 000000f0 t SDL_Convert71ToQuad
021c9220 000000dc t SDL_Convert71To41
021c92fc 000000d8 t SDL_Convert71To51
021c93d4 000000dc t SDL_Convert71To61
021c94b0 000003f4 t SDL_ResampleAudio
021c98a4 0000009c t SDL_SupportedAudioFormat
021c9940 00000014 t SDL_ResetAudioStreamResampler
021c9954 000002a4 t SDL_Convert_Byteswap
021c9bf8 00000008 t SDL_CleanupAudioStreamResampler
021c9c00 000001dc t SDL_ResampleCVT
021c9ddc 0000000c t SDL_ResampleCVT_c8
021c9de8 0000000c t SDL_ResampleCVT_c6
021c9df4 0000000c t SDL_ResampleCVT_c4
021c9e00 0000000c t SDL_ResampleCVT_c2
021c9e0c 0000000c t SDL_ResampleCVT_c1
021c9e18 000000a8 t SDL_ResampleAudioStream
021c9ec0 00000364 t SDL_AudioStreamPutInternal
021ca224 00000a00 T SDL_BuildAudioCVT
021cac24 00000224 T SDL_AudioStreamPut
021cae48 0000015c T SDL_AudioStreamFlush
021cafa4 0000007c T SDL_AudioStreamGet
021cb020 00000010 T SDL_AudioStreamAvailable
021cb030 00000084 T SDL_AudioStreamClear
021cb0b4 00000070 T SDL_FreeAudioStream
021cb124 00000358 T SDL_NewAudioStream
021cb47c 000000e8 t SDL_Convert_S8_to_F32_Scalar
021cb564 00000154 t SDL_Convert_U8_to_F32_Scalar
021cb6b8 000000e4 t SDL_Convert_S16_to_F32_Scalar
021cb79c 00000154 t SDL_Convert_U16_to_F32_Scalar
021cb8f0 00000148 t SDL_Convert_S32_to_F32_Scalar
021cba38 00000148 t SDL_Convert_F32_to_S8_Scalar
021cbb80 00000144 t SDL_Convert_F32_to_U8_Scalar
021cbcc4 00000148 t SDL_Convert_F32_to_S16_Scalar
021cbe0c 00000144 t SDL_Convert_F32_to_U16_Scalar
021cbf50 00000130 t SDL_Convert_F32_to_S32_Scalar
021cc080 000000d4 T SDL_ChooseAudioConverters
021cc154 000005c0 T SDL_MixAudioFormat
021cc714 0000008c t SDL_EventLoggingChanged
021cc7a0 000000f4 t SDL_CutEvent
021cc894 000013f4 t SDL_LogEvent
021cdc88 00000048 t SDL_AutoUpdateSensorsChanged
021cdcd0 000004f4 t SDL_PeepEventsInternal
021ce1c4 0000005c t SDL_AutoUpdateJoysticksChanged
021ce220 00000200 T SDL_StopEventLoop
021ce420 00000008 T SDL_PeepEvents
021ce428 00000098 T SDL_FlushEvents
021ce4c0 00000008 T SDL_FlushEvent
021ce4c8 0000022c T SDL_PushEvent
021ce6f4 000000a8 T SDL_AddEventWatch
021ce79c 00000164 T SDL_DelEventWatch
021ce900 000000a8 T SDL_FilterEvents
021ce9a8 000001e8 T SDL_EventState
021ceb90 000000c8 T SDL_StartEventLoop
021cec58 00000038 t SDL_PollSentinelChanged
021cec90 00000070 T SDL_SendAppEvent
021ced00 00000058 T SDL_SendKeymapChangedEvent
021ced58 000000c0 T SDL_EventsInit
021cee18 00000080 T SDL_EventsQuit
021cee98 00000188 t SDL_AddDollarGesture_one
021cf020 00000124 t dollarDifference
021cf144 000000e8 t SDL_AddDollarGesture
021cf22c 000003a8 t dollarNormalize.isra.0
021cf5d4 00000038 T SDL_GestureQuit
021cf60c 000000c8 T SDL_GestureAddTouch
021cf6d4 00000168 T SDL_GestureDelTouch
021cf83c 00000850 T SDL_GestureProcessEvent
021d008c 000002ec t SDL_SendKeyboardKeyInternal
021d0378 0000007c T SDL_ResetKeyboard
021d03f4 000001d0 T SDL_SetKeymap
021d05c4 00000038 T SDL_KeyboardInit
021d05fc 0000000c T SDL_GetKeyboardFocus
021d0608 000001c0 T SDL_SetKeyboardFocus
021d07c8 00000004 T SDL_KeyboardQuit
021d07cc 00000038 t SDL_MouseRelativeWarpMotionChanged
021d0804 00000038 t SDL_TouchMouseEventsChanged
021d083c 00000038 t SDL_MouseRelativeSystemScaleChanged
021d0874 00000068 t SDL_MouseTouchEventsChanged
021d08dc 00000074 t SDL_MouseRelativeSpeedScaleChanged
021d0950 00000074 t SDL_MouseNormalSpeedScaleChanged
021d09c4 0000005c t SDL_MouseDoubleClickRadiusChanged
021d0a20 0000005c t SDL_MouseDoubleClickTimeChanged
021d0a7c 0000010c t GetScaledMouseDelta
021d0b88 00000890 t SDL_PrivateSendMouseMotion
021d1418 00000128 T SDL_MouseInit
021d1540 0000000c T SDL_GetMouse
021d154c 0000000c T SDL_GetMouseFocus
021d1558 000000cc T SDL_GetMouseState
021d1624 000000c4 T SDL_PerformWarpMouseInWindow
021d16e8 00000008 T SDL_WarpMouseInWindow
021d16f0 0000000c T SDL_GetRelativeMouseMode
021d16fc 00000230 T SDL_UpdateMouseCapture
021d192c 0000005c t SDL_MouseAutoCaptureChanged
021d1988 00000094 T SDL_CaptureMouse
021d1a1c 000000d0 T SDL_SetCursor
021d1aec 00000098 T SDL_SetMouseFocus
021d1b84 000001ec T SDL_SetRelativeMouseMode
021d1d70 00000198 t SDL_UpdateMouseFocus.isra.0
021d1f08 0000066c t SDL_PrivateSendMouseButton
021d2574 00000008 T SDL_SendMouseButton
021d257c 000000b0 T SDL_SendMouseMotion
021d262c 000000c0 T SDL_FreeCursor
021d26ec 000001f8 T SDL_MouseQuit
021d28e4 00000068 T SDL_ShowCursor
021d294c 00000064 t SDL_HandleSIG
021d29b0 0000009c T SDL_QuitInit
021d2a4c 0000007c T SDL_QuitQuit
021d2ac8 00000014 T SDL_SendQuit
021d2adc 00000008 T SDL_TouchInit
021d2ae4 000000d8 T SDL_GetTouch
021d2bbc 00000158 t SDL_DelTouch.part.0
021d2d14 000001d0 T SDL_AddTouch
021d2ee4 00000714 T SDL_SendTouch
021d35f8 000003bc T SDL_SendTouchMotion
021d39b4 00000090 T SDL_TouchQuit
021d3a44 0000005c t RemovePendingSizeChangedAndResizedEvents
021d3aa0 00000040 t RemovePendingExposedEvents
021d3ae0 00000040 t RemovePendingMoveEvents
021d3b20 000004a4 T SDL_SendWindowEvent
021d3fc4 000000b0 t stdio_size
021d4074 00000014 t mem_size
021d4088 000000a4 t mem_seek
021d412c 00000030 t mem_writeconst
021d415c 00000078 t mem_write
021d41d4 000000b0 t mem_read
021d4284 00000074 t stdio_close
021d42f8 00000034 t mem_close
021d432c 000000bc t stdio_seek
021d43e8 00000088 t stdio_read
021d4470 00000088 t stdio_write
021d44f8 0000010c T SDL_RWFromFile
021d4604 00000110 T SDL_RWFromMem
021d4714 00000110 T SDL_RWFromConstMem
021d4824 000001b4 T SDL_LoadFile_RW
021d49d8 0000003c T SDL_LoadFile
021d4a14 0000000c T SDL_RWsize
021d4a20 0000000c T SDL_RWseek
021d4a2c 00000018 T SDL_RWtell
021d4a44 0000000c T SDL_RWread
021d4a50 0000000c T SDL_RWwrite
021d4a5c 0000000c T SDL_RWclose
021d4a68 00000044 T SDL_ReadLE16
021d4aac 00000040 T SDL_ReadBE16
021d4aec 00000044 T SDL_ReadLE32
021d4b30 00000040 T SDL_ReadBE32
021d4b70 0000003c T SDL_WriteLE16
021d4bac 0000003c T SDL_WriteLE32
021d4be8 0000002c T SDL_HapticInit
021d4c14 00000088 T SDL_HapticDestroyEffect
021d4c9c 00000170 T SDL_HapticClose
021d4e0c 00000048 T SDL_HapticQuit
021d4e54 000001e0 t SDL_PrivateMatchControllerMappingForGUID
021d5034 0000014c t SDL_LoadVIDPIDListFromHint
021d5180 00000010 t SDL_GameControllerIgnoreDevicesExceptChanged
021d5190 00000010 t SDL_GameControllerIgnoreDevicesChanged
021d51a0 00000180 t SDL_PrivateAppendToMappingString.part.0.constprop.0
021d5320 00000104 t SDL_PrivateGameControllerButton.isra.0
021d5424 000000bc T SDL_GameControllerGetAxisFromString
021d54e0 000003b4 t SDL_PrivateGameControllerParseElement
021d5894 00000258 t SDL_PrivateLoadButtonMapping
021d5aec 00000448 t SDL_PrivateAddMappingForGUID
021d5f34 000002c8 t SDL_PrivateGameControllerAddMapping
021d61fc 00000440 t SDL_CreateMappingForHIDAPIController
021d663c 00000084 t SDL_CreateMappingForRAWINPUTController
021d66c0 00000098 t SDL_CreateMappingForWGIController
021d6758 000002b8 t SDL_PrivateGetControllerMappingForGUID
021d6a10 00000528 t SDL_PrivateGetControllerMapping
021d6f38 00000268 T SDL_GameControllerAddMappingsFromRW
021d71a0 00000180 T SDL_GameControllerInitMappings
021d7320 00000098 T SDL_GameControllerInit
021d73b8 00000044 T SDL_IsGameController
021d73fc 000002c8 T SDL_GameControllerGetAxis
021d76c4 000001f8 T SDL_GameControllerGetButton
021d78bc 00000868 t SDL_GameControllerEventWatcher
021d8124 00000114 T SDL_GameControllerClose
021d8238 0000005c T SDL_GameControllerQuit
021d8294 00000114 T SDL_GameControllerQuitMappings
021d83a8 00000038 t SDL_JoystickAllowBackgroundEventsChanged
021d83e0 000000d4 t SDL_GetDriverAndJoystickIndex
021d84b4 00000244 t UpdateEventsForDeviceRemoval
021d86f8 00000060 T SDL_LockJoysticks
021d8758 000000ac T SDL_UnlockJoysticks
021d8804 00000004 T SDL_AssertJoysticksLocked
021d8808 00000090 T SDL_NumJoysticks
021d8898 00000010 T SDL_GetNextJoystickInstanceID
021d88a8 000000a0 T SDL_JoystickNameForIndex
021d8948 0000002c T SDL_PrivateJoystickValid
021d8974 000000ac T SDL_PrivateJoystickGetAutoGamepadMapping
021d8a20 00000114 T SDL_JoystickGetAxis
021d8b34 0000010c T SDL_JoystickGetHat
021d8c40 0000010c T SDL_JoystickGetButton
021d8d4c 000001a4 T SDL_JoystickRumble
021d8ef0 00000178 T SDL_JoystickRumbleTriggers
021d9068 00000204 T SDL_JoystickClose
021d926c 00000120 T SDL_JoystickQuit
021d938c 00000108 T SDL_JoystickInit
021d9494 000001f4 T SDL_PrivateJoystickAxis
021d9688 000000f8 T SDL_PrivateJoystickHat
021d9780 0000011c T SDL_PrivateJoystickButton
021d989c 00000128 T SDL_JoystickEventState
021d99c4 0000010c T SDL_GetJoystickGUIDInfo
021d9ad0 00000154 T SDL_CreateJoystickGUID
021d9c24 0000004c T SDL_CreateJoystickGUIDForName
021d9c70 0000000c T SDL_SetJoystickGUIDVersion
021d9c7c 0000000c T SDL_SetJoystickGUIDCRC
021d9c88 000002ac T SDL_GetJoystickGameControllerTypeFromVIDPID
021d9f34 000000dc T SDL_GetJoystickGameControllerTypeFromGUID
021da010 0000003c T SDL_IsJoystickXboxOneElite
021da04c 00000120 T SDL_IsJoystickXboxSeriesX
021da16c 00000020 T SDL_IsJoystickDualSenseEdge
021da18c 00000020 T SDL_IsJoystickNintendoSwitchJoyConPair
021da1ac 00000030 T SDL_IsJoystickSteamController
021da1dc 00000014 T SDL_IsJoystickWGI
021da1f0 00000014 T SDL_IsJoystickHIDAPI
021da204 00000014 T SDL_IsJoystickRAWINPUT
021da218 00000014 T SDL_IsJoystickVirtual
021da22c 00000138 T SDL_JoystickGetDeviceGUID
021da364 000001c4 T SDL_JoystickGetDeviceIndexFromInstanceID
021da528 00000298 t SDL_SetJoystickIDForPlayerIndex.isra.0
021da7c0 0000014c T SDL_PrivateJoystickAdded
021da90c 00000030 T SDL_JoystickGetGUIDFromString
021da93c 00000304 T SDL_PrivateJoystickTouchpad
021dac40 00000184 T SDL_PrivateJoystickForceRecentering
021dadc4 00000174 T SDL_PrivateJoystickRemoved
021daf38 00000260 T GuessControllerType
021db198 00000098 t FlushRenderCommands
021db230 00000094 t AllocateRenderCommand
021db2c4 00000148 t QueueCmdSetViewport
021db40c 00000108 t QueueCmdSetClipRect
021db514 00000218 t PrepQueueCmdDraw
021db72c 000001a0 t GetWindowViewportValues
021db8cc 00000330 t QueueCmdFillRects
021dbbfc 0000010c t RenderDrawPointsWithRectsF
021dbd08 000003bc t SDL_SetRenderTarget.part.0
021dc0c4 00000148 t SDL_DestroyTexture.part.0
021dc20c 0000011c T SDL_AllocateRenderVertices
021dc328 00000008 T SDL_GetNumRenderDrivers
021dc330 0000005c T SDL_GetRenderDriverInfo
021dc38c 0000000c T SDL_GetRenderer
021dc398 0000006c T SDL_GetRendererInfo
021dc404 00000114 T SDL_GetRendererOutputSize
021dc518 00000624 t UpdateLogicalSize.constprop.0
021dcb3c 00000928 t SDL_RendererEventWatch
021dd464 00000720 T SDL_CreateTexture
021ddb84 0000009c T SDL_QueryTexture
021ddc20 00000090 T SDL_SetTextureColorMod
021ddcb0 00000080 T SDL_SetTextureAlphaMod
021ddd30 0000010c T SDL_SetTextureBlendMode
021dde3c 00000254 T SDL_LockTexture
021de090 00000208 T SDL_UnlockTexture
021de298 00000494 T SDL_UpdateTexture
021de72c 0000055c T SDL_CreateTextureFromSurface
021dec88 0000002c T SDL_SetRenderTarget
021decb4 0000005c T SDL_GetRenderTarget
021ded10 00000058 T SDL_RenderGetLogicalSize
021ded68 000001a0 T SDL_RenderSetViewport
021def08 00000574 T SDL_CreateRenderer
021df47c 000000f0 T SDL_RenderSetLogicalSize
021df56c 000000e0 T SDL_RenderGetViewport
021df64c 0000017c T SDL_RenderSetClipRect
021df7c8 000000e0 T SDL_RenderGetClipRect
021df8a8 0000005c T SDL_RenderIsClipEnabled
021df904 00000064 T SDL_RenderSetScale
021df968 00000058 T SDL_RenderGetScale
021df9c0 0000006c T SDL_SetRenderDrawColor
021dfa2c 0000009c T SDL_GetRenderDrawColor
021dfac8 000000d4 T SDL_SetRenderDrawBlendMode
021dfb9c 00000118 T SDL_RenderClear
021dfcb4 00000198 T SDL_RenderDrawPoint
021dfe4c 000001b0 T SDL_RenderFillRectsF
021dfffc 00000130 T SDL_RenderFillRect
021e012c 000004a4 T SDL_RenderCopyF
021e05d0 000000b8 T SDL_RenderCopy
021e0688 00000640 T SDL_RenderCopyExF
021e0cc8 00000110 T SDL_RenderCopyEx
021e0dd8 00000124 T SDL_RenderPresent
021e0efc 00000038 T SDL_DestroyTexture
021e0f34 0000017c T SDL_DestroyRenderer
021e10b0 0000004c T SDL_GetBlendModeSrcColorFactor
021e10fc 00000044 T SDL_GetBlendModeDstColorFactor
021e1140 00000028 T SDL_GetBlendModeColorOperation
021e1168 00000034 T SDL_GetBlendModeSrcAlphaFactor
021e119c 00000044 T SDL_GetBlendModeDstAlphaFactor
021e11e0 00000028 T SDL_GetBlendModeAlphaOperation
021e1208 00000278 T SDL_SW_CreateYUVTexture
021e1480 00000554 T SDL_SW_UpdateYUVTexture
021e19d4 000000f0 T SDL_SW_LockYUVTexture
021e1ac4 00000288 T SDL_SW_CopyYUVToRGB
021e1d4c 00000054 T SDL_SW_DestroyYUVTexture
021e1da0 00000020 t SW_WindowEvent
021e1dc0 00000040 t SW_LockTexture
021e1e00 00000004 t SW_UnlockTexture
021e1e04 00000004 t SW_SetTextureScaleMode
021e1e08 0000002c t SW_SetRenderTarget
021e1e34 00000008 t SW_QueueSetViewport
021e1e3c 00000008 t SW_DestroyTexture
021e1e44 00000018 t SW_RenderPresent
021e1e5c 000000d0 t PrepTextureForCopy
021e1f2c 0000032c t SW_QueueGeometry
021e2258 000000ec t SW_QueueFillRects
021e2344 0000009c t SW_QueueDrawPoints
021e23e0 0000011c t SW_QueueCopyEx
021e24fc 000000c0 t SW_QueueCopy
021e25bc 00000130 t SW_UpdateTexture
021e26ec 000000ec t SW_CreateTexture
021e27d8 00000034 t SW_DestroyRenderer
021e280c 00000150 t SetDrawState.part.0
021e295c 00000080 t SW_GetOutputSize
021e29dc 0000011c t Blit_to_Screen.constprop.0
021e2af8 00000168 t SW_RenderReadPixels
021e2c60 00001124 t SW_RunCommandQueue
021e3d84 00000204 T SW_CreateRendererForSurface
021e3f88 000000e4 t SW_CreateRenderer
021e406c 000000f8 t computeSourceIncrements90
021e4164 000003a0 T SDLgfx_rotozoomSurfaceSizeTrig
021e4504 00000fc0 T SDLgfx_rotateSurface
021e54c4 0000001c T trianglepoint_2_fixedpoint
021e54e0 0000200c T SDL_SW_FillTriangle
021e74ec 000022d8 T SDL_SW_BlitTriangle
021e97c4 00000154 T WIIU_SDL_SupportsBlendMode
021e9918 00000150 T WIIU_SDL_RenderReadPixels
021e9a88 000000dc T WIIU_SDL_SetRenderTarget
021e9bb4 000000d0 T WIIU_SDL_DestroyRenderer
021e9ca4 00000138 T WIIU_SDL_CreateWindowTex
021e9ddc 00000288 T WIIU_SDL_CreateRenderer
021ea0d4 000000bc T WIIU_AllocRenderData
021ea1a0 0000003c T WIIU_TextureMarkUsed
021ea1ec 00000058 T WIIU_TextureInUse
021ea254 0000004c T WIIU_TextureWaitDone
021ea2c0 000000e0 T WIIU_FrameDone
021ea3e0 00000070 T WIIU_SDL_SetVSync
021ea470 00000104 T WIIU_SDL_RenderPresent
021ea5d4 00000580 t WIIU_SDL_SetDrawState
021eabc4 00000008 T WIIU_SDL_QueueSetViewport
021eabcc 00000008 T WIIU_SDL_QueueSetDrawColor
021eabd4 0000013c T WIIU_SDL_QueueDrawPoints
021ead30 00000108 T WIIU_SDL_QueueDrawLines
021eae58 000002f4 T WIIU_SDL_QueueGeometry
021eb16c 000003ec T WIIU_SDL_RunCommandQueue
021eb598 00000474 T WIIU_SDL_CreateTexture
021eba7c 0000016c T WIIU_SDL_LockTexture
021ebbf8 00000014 T WIIU_SDL_UnlockTexture
021ebc1c 00000028 T WIIU_SDL_SetTextureScaleMode
021ebc54 0000018c T WIIU_SDL_UpdateTexture
021ebdf0 00000148 T WIIU_SDL_DestroyTexture
021ebf58 00000044 T WIIU_SDL_WindowEvent
021ebf9c 000002ac t WiiU_LoadGFDShaderGroup.constprop.0.isra.0
021ec298 000000c0 t WiiU_CreateFetchShader.isra.0
021ec388 00000218 T WIIU_SDL_CreateShaders
021ec5a0 000000b0 T WIIU_SDL_DestroyShaders
021ec660 00000048 T WIIU_SDL_SelectShader
021ec6d8 00000014 T WIIU_SDL_GetShaderGroup
021ec6ec 0000006c T SDL_SensorInit
021ec758 0000011c T SDL_SensorClose
021ec874 000000a4 T SDL_SensorQuit
021ec918 00000070 T SDL_crc16
021ec988 00000020 T SDL_getenv
021ec9a8 000000fc t getlocale.constprop.0
021ecaa4 00000144 T SDL_iconv_open
021ecbe8 000009a0 T SDL_iconv
021ed588 000001f4 T SDL_iconv_string
021ed77c 00000004 t real_free
021ed780 00000004 t real_realloc
021ed784 00000004 t real_calloc
021ed788 00000004 t real_malloc
021ed78c 00000054 T SDL_GetOriginalMemoryFunctions
021ed7e0 00000064 T SDL_malloc
021ed844 00000074 T SDL_calloc
021ed8b8 000000a4 T SDL_realloc
021ed95c 00000048 T SDL_free
021ed9a4 00000004 T SDL_qsort
021ed9a8 00000004 T SDL_atan2
021ed9ac 00000004 T SDL_atan2f
021ed9b0 00000004 T SDL_acosf
021ed9b4 00000004 T SDL_ceil
021ed9b8 00000004 T SDL_ceilf
021ed9bc 00000004 T SDL_cos
021ed9c0 00000004 T SDL_cosf
021ed9c4 00000004 T SDL_exp
021ed9c8 00000008 T SDL_fabs
021ed9d0 00000008 T SDL_fabsf
021ed9d8 00000004 T SDL_floor
021ed9dc 00000004 T SDL_floorf
021ed9e0 00000004 T SDL_truncf
021ed9e4 00000004 T SDL_fmodf
021ed9e8 00000004 T SDL_log
021ed9ec 00000004 T SDL_pow
021ed9f0 00000004 T SDL_round
021ed9f4 00000004 T SDL_roundf
021ed9f8 00000004 T SDL_scalbn
021ed9fc 00000004 T SDL_sin
021eda00 00000004 T SDL_sinf
021eda04 00000004 T SDL_sqrt
021eda08 00000004 T SDL_sqrtf
021eda0c 00000004 T SDL_tanf
021eda10 00000010 T SDL_abs
021eda20 00000014 T SDL_isdigit
021eda34 00000014 T SDL_isspace
021eda48 00000020 T SDL_toupper
021eda68 00000004 T SDL_memcpy
021eda6c 00000004 T SDL_memset
021eda70 00000004 T SDL_memmove
021eda74 00000004 T SDL_memcmp
021eda78 00000004 T SDL_strlen
021eda7c 00000004 T SDL_strlcpy
021eda80 00000064 T SDL_utf8strlen
021edae4 00000004 T SDL_strlcat
021edae8 00000060 T SDL_strdup
021edb48 00000004 T SDL_strchr
021edb4c 00000004 T SDL_strrchr
021edb50 00000004 T SDL_strstr
021edb54 00000004 T SDL_itoa
021edb58 00000004 T SDL_atoi
021edb5c 00000004 T SDL_atof
021edb60 00000004 T SDL_strtol
021edb64 00000004 T SDL_strtoll
021edb68 00000004 T SDL_strcmp
021edb6c 00000004 T SDL_strncmp
021edb70 00000004 T SDL_strcasecmp
021edb74 00000004 T SDL_strncasecmp
021edb78 00000080 T SDL_sscanf
021edbf8 000000a4 T SDL_snprintf
021edc9c 00000018 T SDL_vsnprintf
021edcb4 00000144 T SDL_vasprintf
021eddf8 00000080 T SDL_asprintf
021ede78 00000004 T SDL_strtokr
021ede7c 0000004c t SDL_FreeErrBuf
021edec8 00000030 T SDL_TLSCreate
021edef8 00000070 T SDL_TLSGet
021edf68 000001b4 T SDL_TLSSet
021ee11c 000000a0 T SDL_TLSCleanup
021ee1bc 000000ec T SDL_Generic_GetTLSData
021ee2b8 00000148 T SDL_Generic_SetTLSData
021ee400 00000200 T SDL_GetErrBuf
021ee610 000000c8 T SDL_RunThread
021ee6d8 000000f0 T SDL_CreateThreadWithStackSize
021ee7c8 00000004 T SDL_CreateThreadInternal
021ee7cc 00000004 T SDL_SetThreadPriority
021ee7d0 0000006c T SDL_WaitThread
021ee83c 000002b4 t SDL_TimerThread
021eeaf0 00000114 T SDL_TimerQuit
021eec04 000000d0 T SDL_TimerInit
021eecd4 00000024 T SDL_GetTicks
021eecf8 00000fa0 T SDL_LoadBMP_RW
021efc98 000006f0 T SDL_SaveBMP_RW
021f0388 00000174 t SDL_FillRect1
021f04fc 00000114 t SDL_FillRect2
021f0610 000000f4 t SDL_FillRect3
021f0704 000000f0 t SDL_FillRect4
021f07f4 0000028c T SDL_FillRects
021f0a80 00000060 T SDL_FillRect
021f0ae0 00000060 t SDL_DitherColors.part.0
021f0b40 00000468 T SDL_GetPixelFormatName
021f0fa8 00000210 T SDL_PixelFormatEnumToMasks
021f11b8 00000504 T SDL_MasksToPixelFormatEnum
021f16bc 00000244 T SDL_InitFormat
021f1900 00000154 T SDL_AllocFormat
021f1a54 00000138 T SDL_FreeFormat
021f1b8c 000000cc T SDL_AllocPalette
021f1c58 00000150 T SDL_SetPixelFormatPalette
021f1da8 00000078 T SDL_FreePalette
021f1e20 000000a4 T SDL_FindColor
021f1ec4 000000fc t Map1to1
021f1fc0 00000064 t MapNto1.isra.0
021f2024 00000108 T SDL_DetectPalette
021f212c 000000cc T SDL_MapRGBA
021f21f8 0000011c T SDL_GetRGBA
021f2314 0000004c T SDL_AllocBlitMap
021f2360 0000009c T SDL_InvalidateAllBlitMap
021f23fc 00000068 T SDL_InvalidateMap
021f2464 0000051c T SDL_MapSurface
021f2980 00000078 T SDL_FreeBlitMap
021f29f8 000001a8 T SDL_GetSpanEnclosingRect
021f2ba0 0000018c T SDL_IntersectRect
021f2d2c 0000023c T SDL_EnclosePoints
021f2f68 00000648 T SDL_IntersectRectAndLine
021f35b0 0000013c T SDL_HasIntersectionF
021f36ec 00000094 t get_scaler_datas
021f3780 00000ae0 t SDL_UpperSoftStretch
021f4260 00000008 T SDL_SoftStretch
021f4268 00000008 T SDL_SoftStretchLinear
021f4270 000000a8 t SDL_CalculatePitch
021f4318 0000007c T SDL_SetSurfaceRLE
021f4394 00000124 T SDL_SetColorKey
021f44b8 00000020 T SDL_HasColorKey
021f44d8 00000058 T SDL_GetColorKey
021f4530 00000088 T SDL_SetSurfaceColorMod
021f45b8 00000054 T SDL_GetSurfaceColorMod
021f460c 00000070 T SDL_SetSurfaceAlphaMod
021f467c 0000002c T SDL_GetSurfaceAlphaMod
021f46a8 00000130 T SDL_SetSurfaceBlendMode
021f47d8 0000008c T SDL_GetSurfaceBlendMode
021f4864 0000007c T SDL_SetClipRect
021f48e0 00000034 T SDL_GetClipRect
021f4914 000000f4 T SDL_LowerBlit
021f4a08 000002a0 T SDL_UpperBlit
021f4ca8 0000007c T SDL_LockSurface
021f4d24 00000034 T SDL_UnlockSurface
021f4d58 00000594 T SDL_ConvertPixels
021f52ec 00000140 T SDL_FreeSurface
021f542c 00000314 T SDL_CreateRGBSurfaceWithFormat
021f5740 000000b4 T SDL_CreateRGBSurface
021f57f4 00000198 T SDL_CreateRGBSurfaceFrom
021f598c 00000184 T SDL_CreateRGBSurfaceWithFormatFrom
021f5b10 0000054c t SDL_PrivateLowerBlitScaled.part.0
021f605c 00000774 T SDL_PrivateUpperBlitScaled
021f67d0 00000a38 T SDL_ConvertSurface
021f7208 0000000c T SDL_DuplicateSurface
021f7214 00000094 T SDL_ConvertSurfaceFormat
021f72a8 00000074 t SDL_GetNumDisplayModesForDisplay
021f731c 000002d8 t SDL_GetClosestDisplayModeForDisplay
021f75f4 00000220 t SDL_SetDisplayModeForDisplay
021f7814 00000088 t cmpmodes
021f789c 0000000c T SDL_GetVideoDevice
021f78a8 0000013c T SDL_AddVideoDisplay
021f79e4 0000009c T SDL_AddBasicVideoDisplay
021f7a80 000000fc T SDL_GetIndexOfDisplay
021f7b7c 00000178 T SDL_GetDisplayBounds
021f7cf4 00000198 t GetRectDisplayIndex
021f7e8c 000001a8 T SDL_AddDisplayMode
021f8034 000000e8 T SDL_ResetDisplayModes
021f811c 000000b8 T SDL_GetDesktopDisplayMode
021f81d4 00000214 T SDL_GetWindowDisplayIndex
021f83e8 00000220 T SDL_GetWindowDisplayMode
021f8608 000000b4 T SDL_GetWindowPixelFormat
021f86bc 000000b8 T SDL_ToggleDragAndDropSupport
021f8774 00000024 T SDL_HasWindows
021f8798 00000080 T SDL_GetWindowID
021f8818 00000040 T SDL_GetWindowFromID
021f8858 00000080 T SDL_GetWindowFlags
021f88d8 00000100 T SDL_SetWindowTitle
021f89d8 000001c4 T SDL_SetWindowData
021f8b9c 00000080 t SDL_DestroyWindowTexture
021f8c1c 00000144 T SDL_GetWindowData
021f8d60 0000006c T SDL_GetWindowSize
021f8dcc 000000c0 T SDL_GetWindowSizeInPixels
021f8e8c 0000012c t SDL_UpdateWindowTexture
021f8fb8 000004dc t SDL_CreateWindowTexture
021f9494 000000bc T SDL_ShowWindow
021f9550 00000070 T SDL_RaiseWindow
021f95c0 00000070 T SDL_MaximizeWindow
021f9630 00000070 T SDL_RestoreWindow
021f96a0 00000088 T SDL_HasWindowSurface
021f9728 000000b4 T SDL_UpdateWindowSurfaceRects
021f97dc 000000ac T SDL_UpdateWindowSurface
021f9888 000000c8 T SDL_DestroyWindowSurface
021f9950 000002c0 T SDL_GetWindowSurface
021f9c10 0000018c T SDL_UpdateWindowGrab
021f9d9c 00000078 T SDL_SetWindowKeyboardGrab
021f9e14 00000078 T SDL_SetWindowMouseGrab
021f9e8c 000000c0 T SDL_SetWindowGrab
021f9f4c 000000a4 T SDL_GetWindowMouseRect
021f9ff0 000000b4 T SDL_OnWindowResized
021fa0a4 000003e8 t SDL_UpdateFullscreenMode
021fa48c 000000ec T SDL_HideWindow
021fa578 000000e4 T SDL_MinimizeWindow
021fa65c 0000010c T SDL_SetWindowFullscreen
021fa768 00000124 t SDL_FinishWindowCreation
021fa88c 00000008 T SDL_OnWindowHidden
021fa894 00000018 T SDL_OnWindowShown
021fa8ac 00000074 T SDL_OnWindowMoved
021fa920 0000001c T SDL_OnWindowMinimized
021fa93c 00000018 T SDL_OnWindowRestored
021fa954 00000024 T SDL_OnWindowEnter
021fa978 00000004 T SDL_OnWindowLeave
021fa97c 000000b8 T SDL_OnWindowFocusGained
021faa34 00000120 T SDL_OnWindowFocusLost
021fab54 00000044 T SDL_GetFocusWindow
021fab98 00000148 T SDL_GL_LoadLibrary
021face0 00000050 T SDL_GL_UnloadLibrary
021fad30 000000d8 T SDL_GL_ResetAttributes
021fae08 00000204 T SDL_GL_MakeCurrent
021fb00c 00000070 T SDL_GL_GetDrawableSize
021fb07c 000000d4 T SDL_StartTextInput
021fb150 0000000c T SDL_GetMessageBoxCount
021fb15c 000001fc T SDL_ShowMessageBox
021fb358 00000118 T SDL_Vulkan_LoadLibrary
021fb470 00000050 T SDL_Vulkan_UnloadLibrary
021fb4c0 00000264 t SDL_DestroyWindow.part.0
021fb724 0000004c T SDL_DestroyWindow
021fb770 00000244 t SDL_VideoQuit.part.0
021fb9b4 00000014 T SDL_VideoQuit
021fb9c8 000003d0 T SDL_VideoInit
021fbd98 0000074c T SDL_CreateWindow
021fc4e4 000000a0 t SDL_ConvertPixels_UYVY_to_YUY2
021fc4e4 000000a0 t SDL_ConvertPixels_YUY2_to_UYVY
021fc584 000000a0 t SDL_ConvertPixels_YUY2_to_YVYU
021fc584 000000a0 t SDL_ConvertPixels_YVYU_to_YUY2
021fc624 00000290 t SDL_ConvertPixels_SwapUVPlanes
021fc8b4 00000244 t SDL_ConvertPixels_PackUVPlanes_to_NV
021fcaf8 0000024c t SDL_ConvertPixels_SplitNV_to_UVPlanes
021fcd44 00000100 t SDL_ConvertPixels_SwapNV
021fce44 000001f8 t GetYUVPlanes.isra.0
021fd03c 00001d50 t SDL_ConvertPixels_ARGB8888_to_YUV
021fed8c 00000180 T SDL_CalculateYUVSize
021fef0c 000006e0 T SDL_ConvertPixels_YUV_to_RGB
021ff5ec 00000188 T SDL_ConvertPixels_RGB_to_YUV
021ff774 000015ec T SDL_ConvertPixels_YUV_to_YUV
02200d60 000005cc T yuv420_rgb565_std
0220132c 000005ac T yuv420_rgb24_std
022018d8 000005f0 T yuv420_rgba_std
02201ec8 000005f0 T yuv420_bgra_std
022024b8 000005e8 T yuv420_argb_std
02202aa0 000005e8 T yuv420_abgr_std
02203088 00000294 T yuv422_rgb565_std
0220331c 00000270 T yuv422_rgb24_std
0220358c 000002a8 T yuv422_rgba_std
02203834 000002a8 T yuv422_bgra_std
02203adc 00000290 T yuv422_argb_std
02203d6c 00000290 T yuv422_abgr_std
02203ffc 000005cc T yuvnv12_rgb565_std
022045c8 000005ac T yuvnv12_rgb24_std
02204b74 000005f0 T yuvnv12_rgba_std
02205164 000005f0 T yuvnv12_bgra_std
02205754 000005e8 T yuvnv12_argb_std
02205d3c 000005e8 T yuvnv12_abgr_std
02206324 00000010 t DUMMYAUDIO_OpenDevice
02206334 00000034 t DUMMYAUDIO_Init
02206368 00000068 t DUMMYAUDIO_CaptureFromDevice
022063d0 0000000c t DISKAUDIO_GetDeviceBuf
022063dc 00000004 t DISKAUDIO_FlushCapture
022063e0 0000007c t DISKAUDIO_Init
0220645c 00000048 t DISKAUDIO_DetectDevices
022064a4 0000004c t DISKAUDIO_CloseDevice
022064f0 0000000c t DISKAUDIO_WaitDevice
022064fc 000000d8 t DISKAUDIO_CaptureFromDevice
022065d4 00000064 t DISKAUDIO_PlayDevice
02206638 00000204 t DISKAUDIO_OpenDevice
0220683c 00000008 t VIRTUAL_JoystickInit
02206844 00000004 t VIRTUAL_JoystickDetect
02206848 00000008 t VIRTUAL_JoystickGetDevicePath
02206850 00000008 t VIRTUAL_JoystickGetDevicePlayerIndex
02206858 0000051c t VIRTUAL_JoystickGetGamepadMapping
02206d74 00000044 t VIRTUAL_JoystickClose
02206db8 0000006c t VIRTUAL_JoystickGetCapabilities
02206e24 00000044 t VIRTUAL_JoystickGetCount
02206e68 00000008 t VIRTUAL_JoystickSetSensorsEnabled
02206e70 00000110 t VIRTUAL_FreeHWData
02206f80 0000004c t VIRTUAL_JoystickQuit
02206fcc 00000108 t VIRTUAL_JoystickUpdate
022070d4 000000cc t VIRTUAL_JoystickSetLED
022071a0 000000b4 t VIRTUAL_JoystickRumble
02207254 000000b4 t VIRTUAL_JoystickRumbleTriggers
02207308 000000b4 t VIRTUAL_JoystickSendEffect
022073bc 000000dc t VIRTUAL_JoystickGetDeviceName
02207498 000000f4 t VIRTUAL_JoystickGetDeviceInstanceID
0220758c 00000114 t VIRTUAL_JoystickSetDevicePlayerIndex
022076a0 00000138 t VIRTUAL_JoystickOpen
022077d8 0000013c t VIRTUAL_JoystickGetDeviceGUID
02207914 00000008 t DUMMY_SetDisplayMode
0220791c 00000004 t DUMMY_VideoQuit
02207920 00000004 t DUMMY_DeleteDevice
02207924 00000088 t DUMMY_VideoInit
022079ac 000000d8 t DUMMY_CreateDevice
02207a84 00000008 t OFFSCREEN_SetDisplayMode
02207a8c 00000004 t OFFSCREEN_VideoQuit
02207a90 000000bc t OFFSCREEN_CreateDevice
02207b4c 00000004 t OFFSCREEN_DeleteDevice
02207b50 00000088 t OFFSCREEN_VideoInit
02207bd8 0000008c T OFFSCREEN_CreateWindow
02207c64 00000040 T OFFSCREEN_DestroyWindow
02207ca4 0000001c t WIIUAUDIO_GetDeviceBuf
02207cc0 0000005c t WIIUAUDIO_Init
02207d1c 0000003c t WIIUAUDIO_ThreadInit
02207d88 000000c4 t WIIUAUDIO_CloseDevice
02207e8c 00000274 t _WIIUAUDIO_framecallback
02208130 00000090 t WIIUAUDIO_WaitDevice
022081e0 000001d4 t WIIUAUDIO_PlayDevice
022083c4 000005f8 t WIIUAUDIO_OpenDevice
02208b1c 00000104 t WIIU_RemoveDevice
02208c20 00000054 t WIIU_JoystickGetCount
02208c74 0000011c t WIIU_JoystickGetDeviceName
02208d90 00000008 t WIIU_JoystickGetDevicePath
02208d98 00000020 t WIIU_JoystickGetDevicePlayerIndex
02208db8 00000004 t WIIU_JoystickSetDevicePlayerIndex
02208dbc 00000024 t WIIU_JoystickGetDeviceInstanceID
02208de0 00000008 t WIIU_JoystickGetCapabilities
02208de8 00000004 t WIIU_JoystickClose
02208dec 00000004 t WIIU_JoystickQuit
02208df0 00000008 t WIIU_JoystickGetGamepadMapping
02208df8 00000008 t WIIU_JoystickSetSensorsEnabled
02208e00 00000008 t WIIU_JoystickSendEffect
02208e08 00000008 t WIIU_JoystickSetLED
02208e10 00000008 t WIIU_JoystickRumble
02208e18 0000015c t WIIU_JoystickOpen
02208f84 0000015c t WIIU_JoystickGetDeviceGUID
022090e0 00000008 t WIIU_JoystickRumbleTriggers
022090e8 00000444 t WIIU_JoystickDetect
0220954c 0000005c t WIIU_JoystickInit
022095d8 00000b3c t WIIU_JoystickUpdate
0220a154 00000004 T SDL_SYS_GetTLSData
0220a158 00000004 T SDL_SYS_SetTLSData
0220a15c 0000005c T SDL_CreateMutex
0220a1c8 0000000c T SDL_DestroyMutex
0220a1d4 00000034 T SDL_LockMutex
0220a218 00000034 T SDL_UnlockMutex
0220a25c 0000002c t SDL_SemWaitTimeoutCallback
0220a2a8 00000080 T SDL_CreateSemaphore
0220a358 0000000c T SDL_DestroySemaphore
0220a364 00000108 T SDL_SemWaitTimeout
0220a4fc 0000003c T SDL_SemPost
0220a558 00000004 t thread_cleanup
0220a55c 00000030 t thread_deallocator
0220a58c 00000104 T SDL_SYS_CreateThread
0220a6f0 00000030 T SDL_SYS_SetupThread
0220a740 00000004 T SDL_ThreadID
0220a754 0000000c T SDL_SYS_WaitThread
0220a770 0000003c T SDL_SYS_SetThreadPriority
0220a7cc 00000048 T SDL_TicksInit
0220a824 00000010 T SDL_TicksQuit
0220a834 000000a0 T SDL_GetTicks64
0220a8f4 00000048 T SDL_Delay
0220a95c 00000004 t WIIU_SetWindowSize
0220a960 00000008 t WIIU_SetDisplayMode
0220a968 000000ec t WIIU_CreateDevice
0220aa54 00000034 t WIIU_DeleteDevice
0220aa88 0000000c t WIIU_GetDisplayModes
0220aa94 0000003c t WIIU_CreateSDLWindow
0220aad0 00000024 t WiiU_SaveCallback
0220ab04 00000138 t WIIU_ForegroundAcquired
0220ac6c 000002a4 t WIIU_VideoInit
0220afc0 00000064 t WIIU_PumpEvents
0220b044 000000b4 t WIIU_ForegroundReleased.part.0.isra.0
0220b128 000000b0 t WIIU_VideoQuit
0220b1f8 00000044 t WIIU_ForegroundReleased
0220b23c 00000004 t WIIU_DestroyWindow
0220b240 00000008 T SDL_SYS_HapticInit
0220b248 00000004 T SDL_SYS_HapticClose
0220b24c 00000004 T SDL_SYS_HapticQuit
0220b250 00000010 T SDL_SYS_HapticDestroyEffect
0220b260 00000008 t SDL_DUMMY_SensorInit
0220b268 00000004 t SDL_DUMMY_SensorDetect
0220b26c 00000008 t SDL_DUMMY_SensorGetDeviceName
0220b274 00000008 t SDL_DUMMY_SensorGetDeviceType
0220b27c 00000008 t SDL_DUMMY_SensorGetDeviceNonPortableType
0220b284 00000004 t SDL_DUMMY_SensorUpdate
0220b288 00000008 t SDL_DUMMY_SensorOpen
0220b290 00000008 t SDL_DUMMY_SensorGetDeviceInstanceID
0220b298 00000004 t SDL_DUMMY_SensorClose
0220b29c 00000008 t SDL_DUMMY_SensorGetCount
0220b2a4 00000004 t SDL_DUMMY_SensorQuit
0220b2a8 0000010c T SDL_NewDataQueue
0220b3b4 0000008c T SDL_FreeDataQueue
0220b440 00000190 T SDL_ClearDataQueue
0220b5d0 0000023c T SDL_WriteToDataQueue
0220b80c 00000140 T SDL_ReadFromDataQueue
0220b94c 00000058 T SDL_CountDataQueue
0220b9a4 00000164 T SDL_GUIDFromString
0220bb08 00000070 T SDL_ListAdd
0220bb78 0000003c T SDL_ListRemove
0220bbb4 00000044 T SDL_powerof2
0220bbf8 00000070 t SDL_GetCPUFeatures
0220bc68 00000024 T SDL_HasAltiVec
0220bc8c 00000024 T SDL_HasMMX
0220bcb0 00000024 T SDL_Has3DNow
0220bcd4 00000024 T SDL_HasSSE
0220bcf8 00000024 T SDL_HasSSE2
0220bd1c 00000024 T SDL_HasARMSIMD
0220bd40 000000c4 T SDL_SIMDAlloc
0220be04 00000010 T SDL_SIMDFree
0220be14 000000f4 T SDL_SendDisplayEvent
0220bf08 00000b28 t SDL_BlendFillRect_RGB555
0220ca30 00000b68 t SDL_BlendFillRect_RGB565
0220d598 000009c0 t SDL_BlendFillRect_RGB888
0220df58 00000aa4 t SDL_BlendFillRect_ARGB8888
0220e9fc 00002464 t SDL_BlendFillRect_RGB
02210e60 00001550 t SDL_BlendFillRect_RGBA
022123b0 00000238 T SDL_BlendFillRects
022125e8 00001d48 t SDL_BlendLine_RGB2
02214330 00001684 t SDL_BlendLine_RGB555
022159b4 000016c4 t SDL_BlendLine_RGB565
02217078 00001d48 t SDL_BlendLine_RGB4
02218dc0 0000213c t SDL_BlendLine_RGBA4
0221aefc 00001490 t SDL_BlendLine_RGB888
0221c38c 0000158c t SDL_BlendLine_ARGB8888
0221d918 000000ac t SDL_CalculateBlendLineFunc
0221d9c4 0000020c T SDL_BlendLines
0221dbd0 000002f4 t SDL_BlendPoint_RGB555
0221dec4 00000354 t SDL_BlendPoint_RGB565
0221e218 0000026c t SDL_BlendPoint_RGB888
0221e484 000002e8 t SDL_BlendPoint_ARGB8888
0221e76c 00000890 t SDL_BlendPoint_RGB
0221effc 00000544 t SDL_BlendPoint_RGBA
0221f540 0000019c T SDL_BlendPoint
0221f6dc 00000264 T SDL_BlendPoints
0221f940 00000670 t SDL_DrawLine4
0221ffb0 00000678 t SDL_DrawLine2
02220628 00000368 t SDL_DrawLine1
02220990 0000021c T SDL_DrawLines
02220bac 00000100 T SDL_DrawPoint
02220cac 00000130 T SDL_DrawPoints
02220ddc 00000100 t copy_opaque_16
02220edc 0000012c t uncopy_opaque_16
02221008 000000d4 t copy_transl_565
022210dc 000000d4 t copy_transl_555
022211b0 00000124 t uncopy_transl_16
022212d4 000000c0 t copy_32
02221394 00000118 t uncopy_32
022214ac 00000008 t getpix_8
022214b4 00000008 t getpix_16
022214bc 00000020 t getpix_24
022214dc 00000008 t getpix_32
022214e4 00000a94 t SDL_RLEAlphaBlit
02221f78 00002434 t SDL_RLEBlit
022243ac 000002e0 T SDL_UnRLESurface
0222468c 00001068 T SDL_RLESurface
022256f4 00000308 t SDL_SoftBlit
022259fc 00000490 T SDL_CalculateBlit
02225e8c 000001d4 t BlitBto1
02226060 00000140 t BlitBto2
022261a0 00000170 t BlitBto3
02226310 00000140 t BlitBto4
02226450 0000021c t BlitBto1Key
0222666c 00000164 t BlitBto2Key
022267d0 00000164 t BlitBto4Key
02226934 0000085c t BlitBtoNAlpha
02227190 0000089c t BlitBtoNAlphaKey
02227a2c 000000ac t Blit4bto4
02227ad8 000000c4 t Blit4bto4Key
02227b9c 000001f8 t BlitBto3Key
02227d94 00000104 T SDL_CalculateBlit0
02227e98 0000015c t Blit1to1
02227ff4 00000188 t Blit1to2
0222817c 0000021c t Blit1to3
02228398 000001a0 t Blit1to4
02228538 00000330 t Blit1to1Key
02228868 000001dc t Blit1to2Key
02228a44 00000274 t Blit1to3Key
02228cb8 000001dc t Blit1to4Key
02228e94 00001030 t Blit1toNAlpha
02229ec4 00001d10 t Blit1toNAlphaKey
0222bbd4 000000c0 T SDL_CalculateBlit1
0222bc94 00000968 t BlitNto1SurfaceAlpha
0222c5fc 00000a7c t BlitNto1PixelAlpha
0222d078 0000115c t BlitNto1SurfaceAlphaKey
0222e1d4 000003cc t BlitRGBtoRGBSurfaceAlpha
0222e5a0 00000350 t BlitRGBtoRGBPixelAlpha
0222e8f0 00000368 t BlitRGBtoBGRPixelAlpha
0222ec58 000002a8 t Blit16to16SurfaceAlpha128
0222ef00 00000224 t Blit565to565SurfaceAlpha
0222f124 00000224 t Blit555to555SurfaceAlpha
0222f348 000002f4 t BlitARGBto565PixelAlpha
0222f63c 000002f4 t BlitARGBto555PixelAlpha
0222f930 00001300 t BlitNtoNSurfaceAlpha
02230c30 0000132c t BlitNtoNSurfaceAlphaKey
02231f5c 00001648 t BlitNtoNPixelAlpha
022335a4 000002fc T SDL_CalculateBlitA
022338a0 00000434 t Blit_RGB888_index8
02233cd4 00000434 t Blit_RGB101010_index8
02234108 000001e8 t Blit_RGB888_RGB555
022342f0 000001e8 t Blit_RGB888_RGB565
022344d8 00000244 t Blit_RGB565_32
0223471c 0000000c t Blit_RGB565_ARGB8888
02234728 0000000c t Blit_RGB565_ABGR8888
02234734 0000000c t Blit_RGB565_RGBA8888
02234740 0000000c t Blit_RGB565_BGRA8888
0223474c 00000170 t Blit_RGB555_ARGB1555
022348bc 000022b0 t BlitNto1
02236b6c 000002dc t Blit4to4MaskAlpha
02236e48 00000248 t get_permutation
02237090 00001c64 t BlitNtoN
02238cf4 00000678 t BlitNtoNCopyAlpha
0223936c 0000166c t BlitNto1Key
0223a9d8 000001f8 t Blit2to2Key
0223abd0 00002850 t BlitNtoNKey
0223d420 00001db4 t BlitNtoNKeyCopyAlpha
0223f1d4 00000db4 t Blit2101010toN
0223ff88 00000fc8 t BlitNto2101010
02240f50 00000434 t Blit_3or4_to_3or4__same_rgb
02241384 00000670 t Blit_3or4_to_3or4__inversed_rgb
022419f4 000003cc T SDL_CalculateBlitN
02241dc0 000000b0 t SDL_Blit_RGB888_RGB888_Scale
02241e70 00000158 t SDL_Blit_RGB888_RGB888_Blend
02241fc8 000001c0 t SDL_Blit_RGB888_RGB888_Blend_Scale
02242188 000000d8 t SDL_Blit_RGB888_RGB888_Modulate
02242260 0000013c t SDL_Blit_RGB888_RGB888_Modulate_Scale
0224239c 000002a8 t SDL_Blit_RGB888_RGB888_Modulate_Blend
02242644 00000314 t SDL_Blit_RGB888_RGB888_Modulate_Blend_Scale
02242958 000000c4 t SDL_Blit_RGB888_BGR888_Scale
02242a1c 00000158 t SDL_Blit_RGB888_BGR888_Blend
02242b74 000001c0 t SDL_Blit_RGB888_BGR888_Blend_Scale
02242d34 000000d8 t SDL_Blit_RGB888_BGR888_Modulate
02242e0c 0000013c t SDL_Blit_RGB888_BGR888_Modulate_Scale
02242f48 000002a8 t SDL_Blit_RGB888_BGR888_Modulate_Blend
022431f0 0000031c t SDL_Blit_RGB888_BGR888_Modulate_Blend_Scale
0224350c 000000b4 t SDL_Blit_RGB888_ARGB8888_Scale
022435c0 00000168 t SDL_Blit_RGB888_ARGB8888_Blend
02243728 000001c8 t SDL_Blit_RGB888_ARGB8888_Blend_Scale
022438f0 000000f4 t SDL_Blit_RGB888_ARGB8888_Modulate
022439e4 00000160 t SDL_Blit_RGB888_ARGB8888_Modulate_Scale
02243b44 000002cc t SDL_Blit_RGB888_ARGB8888_Modulate_Blend
02243e10 00000340 t SDL_Blit_RGB888_ARGB8888_Modulate_Blend_Scale
02244150 00000004 t SDL_Blit_BGR888_RGB888_Scale
02244154 00000158 t SDL_Blit_BGR888_RGB888_Blend
022442ac 000001c0 t SDL_Blit_BGR888_RGB888_Blend_Scale
0224446c 000000d8 t SDL_Blit_BGR888_RGB888_Modulate
02244544 0000013c t SDL_Blit_BGR888_RGB888_Modulate_Scale
02244680 000002a8 t SDL_Blit_BGR888_RGB888_Modulate_Blend
02244928 00000314 t SDL_Blit_BGR888_RGB888_Modulate_Blend_Scale
02244c3c 00000004 t SDL_Blit_BGR888_BGR888_Scale
02244c40 00000158 t SDL_Blit_BGR888_BGR888_Blend
02244d98 000001c0 t SDL_Blit_BGR888_BGR888_Blend_Scale
02244f58 000000d8 t SDL_Blit_BGR888_BGR888_Modulate
02245030 0000013c t SDL_Blit_BGR888_BGR888_Modulate_Scale
0224516c 000002b0 t SDL_Blit_BGR888_BGR888_Modulate_Blend
0224541c 0000031c t SDL_Blit_BGR888_BGR888_Modulate_Blend_Scale
02245738 000000c8 t SDL_Blit_BGR888_ARGB8888_Scale
02245800 00000168 t SDL_Blit_BGR888_ARGB8888_Blend
02245968 000001c8 t SDL_Blit_BGR888_ARGB8888_Blend_Scale
02245b30 000000f4 t SDL_Blit_BGR888_ARGB8888_Modulate
02245c24 00000160 t SDL_Blit_BGR888_ARGB8888_Modulate_Scale
02245d84 000002dc t SDL_Blit_BGR888_ARGB8888_Modulate_Blend
02246060 00000338 t SDL_Blit_BGR888_ARGB8888_Modulate_Blend_Scale
02246398 000000b4 t SDL_Blit_ARGB8888_RGB888_Scale
0224644c 00000240 t SDL_Blit_ARGB8888_RGB888_Blend
0224668c 000002ac t SDL_Blit_ARGB8888_RGB888_Blend_Scale
02246938 00000004 t SDL_Blit_ARGB8888_RGB888_Modulate
0224693c 00000004 t SDL_Blit_ARGB8888_RGB888_Modulate_Scale
02246940 000002c0 t SDL_Blit_ARGB8888_RGB888_Modulate_Blend
02246c00 0000032c t SDL_Blit_ARGB8888_RGB888_Modulate_Blend_Scale
02246f2c 00000004 t SDL_Blit_ARGB8888_BGR888_Scale
02246f30 00000248 t SDL_Blit_ARGB8888_BGR888_Blend
02247178 000002ac t SDL_Blit_ARGB8888_BGR888_Blend_Scale
02247424 00000004 t SDL_Blit_ARGB8888_BGR888_Modulate
02247428 00000004 t SDL_Blit_ARGB8888_BGR888_Modulate_Scale
0224742c 000002b8 t SDL_Blit_ARGB8888_BGR888_Modulate_Blend
022476e4 0000032c t SDL_Blit_ARGB8888_BGR888_Modulate_Blend_Scale
02247a10 00000004 t SDL_Blit_ARGB8888_ARGB8888_Scale
02247a14 0000026c t SDL_Blit_ARGB8888_ARGB8888_Blend
02247c80 000002d0 t SDL_Blit_ARGB8888_ARGB8888_Blend_Scale
02247f50 00000110 t SDL_Blit_ARGB8888_ARGB8888_Modulate
02248060 00000174 t SDL_Blit_ARGB8888_ARGB8888_Modulate_Scale
022481d4 000002e4 t SDL_Blit_ARGB8888_ARGB8888_Modulate_Blend
022484b8 00000350 t SDL_Blit_ARGB8888_ARGB8888_Modulate_Blend_Scale
02248808 000000b4 t SDL_Blit_RGBA8888_RGB888_Scale
022488bc 00000240 t SDL_Blit_RGBA8888_RGB888_Blend
02248afc 000002ac t SDL_Blit_RGBA8888_RGB888_Blend_Scale
02248da8 000000d8 t SDL_Blit_RGBA8888_RGB888_Modulate
02248e80 0000013c t SDL_Blit_RGBA8888_RGB888_Modulate_Scale
02248fbc 000002c0 t SDL_Blit_RGBA8888_RGB888_Modulate_Blend
0224927c 0000032c t SDL_Blit_RGBA8888_RGB888_Modulate_Blend_Scale
022495a8 000000c4 t SDL_Blit_RGBA8888_BGR888_Scale
0224966c 00000248 t SDL_Blit_RGBA8888_BGR888_Blend
022498b4 000002ac t SDL_Blit_RGBA8888_BGR888_Blend_Scale
02249b60 000000d8 t SDL_Blit_RGBA8888_BGR888_Modulate
02249c38 0000013c t SDL_Blit_RGBA8888_BGR888_Modulate_Scale
02249d74 000002b8 t SDL_Blit_RGBA8888_BGR888_Modulate_Blend
0224a02c 0000032c t SDL_Blit_RGBA8888_BGR888_Modulate_Blend_Scale
0224a358 000000b4 t SDL_Blit_RGBA8888_ARGB8888_Scale
0224a40c 0000026c t SDL_Blit_RGBA8888_ARGB8888_Blend
0224a678 000002d0 t SDL_Blit_RGBA8888_ARGB8888_Blend_Scale
0224a948 00000110 t SDL_Blit_RGBA8888_ARGB8888_Modulate
0224aa58 00000174 t SDL_Blit_RGBA8888_ARGB8888_Modulate_Scale
0224abcc 000002e4 t SDL_Blit_RGBA8888_ARGB8888_Modulate_Blend
0224aeb0 00000350 t SDL_Blit_RGBA8888_ARGB8888_Modulate_Blend_Scale
0224b200 00000004 t SDL_Blit_ABGR8888_RGB888_Scale
0224b204 00000240 t SDL_Blit_ABGR8888_RGB888_Blend
0224b444 000002ac t SDL_Blit_ABGR8888_RGB888_Blend_Scale
0224b6f0 00000004 t SDL_Blit_ABGR8888_RGB888_Modulate
0224b6f4 00000004 t SDL_Blit_ABGR8888_RGB888_Modulate_Scale
0224b6f8 000002c0 t SDL_Blit_ABGR8888_RGB888_Modulate_Blend
0224b9b8 0000032c t SDL_Blit_ABGR8888_RGB888_Modulate_Blend_Scale
0224bce4 00000004 t SDL_Blit_ABGR8888_BGR888_Scale
0224bce8 00000248 t SDL_Blit_ABGR8888_BGR888_Blend
0224bf30 000002ac t SDL_Blit_ABGR8888_BGR888_Blend_Scale
0224c1dc 00000004 t SDL_Blit_ABGR8888_BGR888_Modulate
0224c1e0 00000004 t SDL_Blit_ABGR8888_BGR888_Modulate_Scale
0224c1e4 000002b8 t SDL_Blit_ABGR8888_BGR888_Modulate_Blend
0224c49c 0000032c t SDL_Blit_ABGR8888_BGR888_Modulate_Blend_Scale
0224c7c8 000000c8 t SDL_Blit_ABGR8888_ARGB8888_Scale
0224c890 0000026c t SDL_Blit_ABGR8888_ARGB8888_Blend
0224cafc 000002d0 t SDL_Blit_ABGR8888_ARGB8888_Blend_Scale
0224cdcc 00000110 t SDL_Blit_ABGR8888_ARGB8888_Modulate
0224cedc 00000174 t SDL_Blit_ABGR8888_ARGB8888_Modulate_Scale
0224d050 000002e4 t SDL_Blit_ABGR8888_ARGB8888_Modulate_Blend
0224d334 00000350 t SDL_Blit_ABGR8888_ARGB8888_Modulate_Blend_Scale
0224d684 00000004 t SDL_Blit_BGRA8888_RGB888_Scale
0224d688 00000240 t SDL_Blit_BGRA8888_RGB888_Blend
0224d8c8 000002ac t SDL_Blit_BGRA8888_RGB888_Blend_Scale
0224db74 000000d8 t SDL_Blit_BGRA8888_RGB888_Modulate
0224dc4c 0000013c t SDL_Blit_BGRA8888_RGB888_Modulate_Scale
0224dd88 000002c0 t SDL_Blit_BGRA8888_RGB888_Modulate_Blend
0224e048 0000032c t SDL_Blit_BGRA8888_RGB888_Modulate_Blend_Scale
0224e374 00000004 t SDL_Blit_BGRA8888_BGR888_Scale
0224e378 00000248 t SDL_Blit_BGRA8888_BGR888_Blend
0224e5c0 000002ac t SDL_Blit_BGRA8888_BGR888_Blend_Scale
0224e86c 000000d8 t SDL_Blit_BGRA8888_BGR888_Modulate
0224e944 0000013c t SDL_Blit_BGRA8888_BGR888_Modulate_Scale
0224ea80 000002b8 t SDL_Blit_BGRA8888_BGR888_Modulate_Blend
0224ed38 0000032c t SDL_Blit_BGRA8888_BGR888_Modulate_Blend_Scale
0224f064 000000b0 t SDL_Blit_BGRA8888_ARGB8888_Scale
0224f114 0000026c t SDL_Blit_BGRA8888_ARGB8888_Blend
0224f380 000002d0 t SDL_Blit_BGRA8888_ARGB8888_Blend_Scale
0224f650 00000110 t SDL_Blit_BGRA8888_ARGB8888_Modulate
0224f760 00000174 t SDL_Blit_BGRA8888_ARGB8888_Modulate_Scale
0224f8d4 000002e4 t SDL_Blit_BGRA8888_ARGB8888_Modulate_Blend
0224fbb8 00000350 t SDL_Blit_BGRA8888_ARGB8888_Modulate_Blend_Scale
0224ff08 00000234 T SDL_BlitCopy
0225013c 00000d14 T SDL_Blit_Slow
02250e50 00000004 T DUMMY_PumpEvents
02250e54 000000e4 T SDL_DUMMY_CreateWindowFramebuffer
02250f38 000000d8 T SDL_DUMMY_UpdateWindowFramebuffer
02251010 00000030 T SDL_DUMMY_DestroyWindowFramebuffer
02251040 00000004 T OFFSCREEN_PumpEvents
02251044 000000e4 T SDL_OFFSCREEN_CreateWindowFramebuffer
02251128 000000d8 T SDL_OFFSCREEN_UpdateWindowFramebuffer
02251200 00000030 T SDL_OFFSCREEN_DestroyWindowFramebuffer
02251230 00000130 T WIIU_GfxHeap_MEM1Init
022513b0 00000068 T WIIU_GfxHeap_MEM1Destroy
02251448 000000ec T WIIU_GfxHeap_ForegroundInit
02251574 00000064 T WIIU_GfxHeap_ForegroundDestroy
02251608 00000030 T WIIU_GfxHeap_ForegroundAlloc
02251648 0000001c T WIIU_GfxHeap_ForegroundFree
02251674 00000048 T WIIU_GfxHeap_GX2RAlloc
022516cc 00000034 T WIIU_GfxHeap_GX2RFree
02251710 00000290 T atanf
022519a0 00000078 T fmodf
02251a18 00000114 T ceilf
02251b2c 00000080 T truncf
02251bac 00000004 T atan2
02251bb0 00000104 T round
02251cb4 00000088 T acosf
02251d3c 0000027c T __ieee754_fmodf
02251fb8 000000d4 T cosf
0225208c 0000031c T __ieee754_acosf
022523a8 00000074 T sqrtf
0225241c 00000074 T sqrt
02252490 00000004 T atan2f
02252494 00000088 T tanf
0225251c 0000000c T nanf
02252528 000002b4 T __ieee754_atan2
022527dc 00000094 T roundf
02252870 000002ac T atan
02252b1c 00000270 T __ieee754_atan2f
02252d8c 000002b4 T __kernel_tanf
02253040 00000048 W __init_wut
02253088 00000038 W __fini_wut
022530c0 00000028 W __preinit_user
022530e8 0000000c T __wut_malloc_lock
02253104 0000000c T __wut_malloc_unlock
02253120 0000000c T __init_wut_malloc_lock
0225313c 00000034 T __wut__abort
02253190 00000150 T __wut__assert_func
02253310 00000004 T _sbrk_r
02253314 00000008 T __syscall_lock_init
0225331c 00000004 T __syscall_lock_acquire
02253320 00000004 T __syscall_lock_release
02253324 00000004 T __syscall_lock_close
02253328 00000008 T __syscall_lock_init_recursive
02253330 00000004 T __syscall_malloc_lock
02253334 00000004 T __syscall_malloc_unlock
02253338 00000004 T __syscall_getreent
0225333c 0000003c T __syscall_exit
02253378 00000004 T __syscall_gettod_r
0225337c 00000004 T __syscall_nanosleep
02253380 00000004 T __syscall_clock_gettime
02253384 00000010 T __syscall_abort
02253394 00000010 T __syscall_assert_func
022533a4 00000014 T __init_wut_newlib
022533b8 00000004 T __fini_wut_newlib
022533bc 000000a8 t __wut_thread_cleanup
02253464 00000104 T __wut_getreent
02253588 000000c8 T __wut_sbrk_r
02253660 00000088 T __init_wut_sbrk_heap
02253708 00000060 T __fini_wut_sbrk_heap
02253778 00000008 W wut_set_thread_specific
02253790 00000008 W wut_get_thread_specific
022537a8 00000054 T getaddrinfo
0225380c 00000004 T freeaddrinfo
02253820 0000006c T bind
0225389c 0000006c T connect
02253918 0000010c T fcntl
02253a44 0000006c T getsockname
02253ac0 00000094 T getsockopt
02253b64 00000058 T inet_ntop
02253bcc 00000058 T inet_pton
02253c34 0000027c T poll
02253ec0 00000080 T recv
02253f50 000003cc T select
0225432c 00000080 T send
022543bc 00000094 T setsockopt
02254460 000000d0 T socket
02254540 00000038 W __init_wut_socket
022545b8 00000030 W __fini_wut_socket
02254618 0000008c T __wut_get_nsysnet_fd
022546a4 00000088 T __wut_get_nsysnet_result
0225473c 00000010 T __wut_socket_open
0225474c 00000044 T __wut_socket_read
022547a0 00000044 T __wut_socket_write
022547f4 00000004 T __wut_alloc_from_defaultheap
022547f8 00000010 T __wut_alloc_from_defaultheap_ex
02254808 00000004 T __wut_free_to_defaultheap
0225480c 00000034 T __init_wut_defaultheap
02254840 00000070 T WHBAddLogHandler
022548b0 00000068 T WHBRemoveLogHandler
02254918 000000f0 T WHBLogPrint
02254a08 00000068 t cafeLogHandler
02254a80 0000000c T WHBLogCafeInit
02254a8c 0000000c T WHBLogCafeDeinit
02254a98 0000004c t udpLogHandler
02254ae4 000000c4 T WHBLogUdpInit
02254bc8 0000004c T WHBLogUdpDeinit
02254c14 00000094 t setLastError
02254ca8 000000c4 t _GFDCheckHeaderVersions
02254d6c 00000478 t _GFDGetGenericBlock
022551e4 000000f4 t _GFDGetBlockCount.part.0
022552d8 0000011c t _GFDGetBlockDataSize
022553f4 00000058 T GFDGetPixelShaderCount
0225544c 00000010 T GFDGetPixelShaderHeaderSize
0225545c 00000010 T GFDGetPixelShaderProgramSize
0225546c 00000058 T GFDGetPixelShader
022554c4 00000058 T GFDGetVertexShaderCount
0225551c 00000010 T GFDGetVertexShaderHeaderSize
0225552c 00000010 T GFDGetVertexShaderProgramSize
0225553c 00000048 T GFDGetVertexShader
02255584 00000008 T __gthr_impl_active
0225558c 00000004 T __gthr_impl_once
02255590 00000030 T __gthr_impl_key_delete
022555c0 00000030 T __gthr_impl_getspecific
022555f0 00000030 T __gthr_impl_setspecific
02255620 00000004 T __gthr_impl_mutex_init_function
02255624 00000004 T __gthr_impl_mutex_destroy
02255628 00000004 T __gthr_impl_mutex_lock
0225562c 00000004 T __gthr_impl_mutex_unlock
02255630 00000004 T __init_wut_stdcpp
02255634 00000004 T __fini_wut_stdcpp
02255638 0000006c T __wut_key_delete(__wut_key_t)
022556a4 00000074 T __wut_getspecific(__wut_key_t)
02255718 00000088 T __wut_setspecific(__wut_key_t, void const*)
022557a0 00000004 T __wut_mutex_init_function(OSMutex*)
022557b4 00000024 T __wut_mutex_lock(OSMutex*)
022557e8 00000024 T __wut_mutex_unlock(OSMutex*)
0225581c 00000008 T __wut_mutex_destroy(OSMutex*)
02255824 000000ac T __wut_once(unsigned int volatile*, void (*)())
02255900 000001d0 T __init_wut_devoptab
02255b20 0000008c T __fini_wut_devoptab
02255bcc 000000a0 T __wut_fsa_dirclose
02255c9c 000001ac T __wut_fsa_dirnext
02255e78 00000168 T __wut_fsa_diropen
02256020 000000a0 T __wut_fsa_dirreset
022560f0 000000d4 T __wut_fsa_fstat
022561f4 0000009c T __wut_fsa_fsync
022562c0 000000e0 T __wut_fsa_mkdir
022563b0 000004a4 T __wut_fsa_open
022568c4 000001b4 T __wut_fsa_read
02256aa8 00000114 T __wut_fsa_rename
02256bcc 000000c4 T __wut_fsa_rmdir
02256ca0 00000184 T __wut_fsa_seek
02256e64 00000118 T __wut_fsa_stat
02256f8c 00000168 T __wut_fsa_statvfs
02257104 000000c8 T __wut_fsa_ftruncate
0225720c 000000c4 T __wut_fsa_unlink
022572e0 00000040 T __wut_fsa_hashstring
02257320 0000035c T __wut_fsa_fixpath
0225767c 00000080 T __wut_fsa_translate_stat_mode
022576fc 00000144 T __wut_fsa_translate_stat
02257840 00000028 T __wut_fsa_translate_error
02257868 000001d4 T __wut_fsa_write
02257a6c 00000070 t nn::swkbd::allocForDynLoad(int, int, void**)
02257aec 00000010 t nn::swkbd::freeForDynLoad(void*)
02257b0c 00000610 T nn::swkbd::Create(nn::swkbd::CreateArg const&)
022581bc 00000010 T nn::swkbd::AppearInputForm(nn::swkbd::AppearArg const&)
022581cc 00000010 T nn::swkbd::CalcSubThreadFont()
022581dc 00000010 T nn::swkbd::CalcSubThreadPredict()
022581ec 00000010 T nn::swkbd::Calc(nn::swkbd::ControllerInfo const&)
022581fc 0000006c T nn::swkbd::Destroy()
02258288 00000010 T nn::swkbd::DisappearInputForm()
02258298 00000010 T nn::swkbd::DrawDRC()
022582a8 00000010 T nn::swkbd::DrawTV()
022582b8 00000010 T nn::swkbd::GetInputFormString()
022582c8 00000010 T nn::swkbd::GetStateInputForm()
022582d8 00000008 T nn::swkbd::GetWorkMemorySize(unsigned int)
022582e0 00000010 T nn::swkbd::IsDecideCancelButton(bool*)
022582f0 00000010 T nn::swkbd::IsDecideOkButton(bool*)
02258300 00000010 T nn::swkbd::IsNeedCalcSubThreadFont()
02258310 00000010 T nn::swkbd::IsNeedCalcSubThreadPredict()
02258320 00000010 T nn::swkbd::SetEnableOkButton(bool)
02258330 00000010 T nn::swkbd::SetInputFormString(char16_t const*)
02258340 000001e0 T __wut_clock_gettime
02258550 00000128 T __wut_gettod_r
02258698 000000cc T __wut_lock_init
02258784 000000c0 T __wut_lock_close
02258854 00000054 T __wut_lock_acquire
022588b8 00000054 T __wut_lock_release
0225891c 000000dc T __wut_nanosleep
02258a18 000000a8 T sendto
02258ad0 00000058 T shutdown
02258b38 00000038 T __wut_socket_close
02258b80 00000120 T __wut_fsa_chdir
02258cb0 000000e0 T __wut_fsa_chmod
02258da0 0000009c T __wut_fsa_close
02258e6c 0000002c t hb_buffer_t::assert_unicode() [clone .part.0]
02258e98 000001e4 W hb_buffer_t::reverse_range(unsigned int, unsigned int)
0225907c 00000068 T hb_segment_properties_equal
022590e4 00000068 T hb_segment_properties_overlay
0225914c 000001ec T hb_buffer_t::enlarge(unsigned int)
02259338 000000e8 T hb_buffer_t::make_room_for(unsigned int, unsigned int)
02259420 00000118 T hb_buffer_t::shift_forward(unsigned int)
02259538 00000088 T hb_buffer_t::clear()
022595c0 00000060 T hb_buffer_t::enter()
02259620 00000024 T hb_buffer_t::leave()
02259644 000000a8 T hb_buffer_t::add(unsigned int, unsigned int)
022596ec 00000020 T hb_buffer_t::clear_output()
0225970c 00000034 T hb_buffer_t::clear_positions()
02259740 000001a0 T hb_buffer_t::sync()
022598e0 000000a8 T hb_buffer_t::sync_so_far()
02259988 00000204 T hb_buffer_t::move_to(unsigned int)
02259b8c 00000054 T hb_buffer_t::set_masks(unsigned int, unsigned int, unsigned int, unsigned int)
02259be0 00000424 T hb_buffer_t::merge_clusters_impl(unsigned int, unsigned int)
0225a004 00000214 T hb_buffer_t::merge_out_clusters(unsigned int, unsigned int)
0225a218 000000f4 T hb_buffer_t::delete_glyph()
0225a30c 00000238 T hb_buffer_t::delete_glyphs_inplace(bool (*)(hb_glyph_info_t const*))
0225a544 000000bc T hb_buffer_create
0225a600 00000100 T hb_buffer_create_similar
0225a700 00000158 T hb_buffer_destroy
0225a858 00000014 T hb_buffer_set_direction
0225a86c 00000008 T hb_buffer_get_direction
0225a874 00000014 T hb_buffer_set_script
0225a888 00000038 T hb_buffer_set_segment_properties
0225a8c0 0000002c T hb_buffer_get_segment_properties
0225a8ec 00000014 T hb_buffer_set_flags
0225a900 00000008 T hb_buffer_get_flags
0225a908 00000010 T hb_buffer_clear_contents
0225a918 0000011c T hb_buffer_set_length
0225aa34 00000018 T hb_buffer_get_glyph_infos
0225aa4c 0000009c T hb_buffer_get_glyph_positions
0225aae8 0000017c T hb_buffer_reverse
0225ac64 00000680 T hb_buffer_add_utf8
0225b2e4 00000538 T hb_buffer_append
0225b81c 000001d4 T hb_buffer_t::sort(unsigned int, unsigned int, int (*)(hb_glyph_info_t const*, hb_glyph_info_t const*))
0225b9f0 00000234 T hb_buffer_diff
0225bc24 000000c8 T hb_buffer_t::message_impl(hb_font_t*, char const*, __va_list_tag*)
0225bcec 0000011c t hb_tag_from_string.part.0
0225be08 00000170 t lang_find_or_insert(char const*)
0225bf78 000000fc T _hb_options_init()
0225c074 00000028 T hb_tag_from_string
0225c09c 000000b0 T hb_language_from_string
0225c14c 00000004 T hb_language_to_string
0225c150 000000f8 T hb_language_matches
0225c248 000003a4 T hb_script_get_horizontal_direction
0225c5ec 00000010 t hb_font_get_nominal_glyph_nil(hb_font_t*, void*, unsigned int, unsigned int*, void*)
0225c5fc 00000010 t hb_font_get_variation_glyph_nil(hb_font_t*, void*, unsigned int, unsigned int, unsigned int*, void*)
0225c60c 00000008 t hb_font_get_glyph_h_advance_nil(hb_font_t*, void*, unsigned int, void*)
0225c614 00000008 t hb_font_get_glyph_v_advance_nil(hb_font_t*, void*, unsigned int, void*)
0225c61c 00000014 t hb_font_get_glyph_h_origin_nil(hb_font_t*, void*, unsigned int, int*, int*, void*)
0225c630 00000014 t hb_font_get_glyph_v_origin_nil(hb_font_t*, void*, unsigned int, int*, int*, void*)
0225c644 00000008 t hb_font_get_glyph_h_kerning_nil(hb_font_t*, void*, unsigned int, unsigned int, void*)
0225c64c 00000014 t hb_font_get_glyph_contour_point_nil(hb_font_t*, void*, unsigned int, unsigned int, int*, int*, void*)
0225c660 00000018 t hb_font_get_glyph_name_nil(hb_font_t*, void*, unsigned int, char*, unsigned int, void*)
0225c678 00000010 t hb_font_get_glyph_from_name_nil(hb_font_t*, void*, char const*, int, unsigned int*, void*)
0225c688 00000004 t hb_font_draw_glyph_nil(hb_font_t*, void*, unsigned int, hb_draw_funcs_t*, void*, void*)
0225c68c 00000004 t hb_font_paint_glyph_nil(hb_font_t*, void*, unsigned int, hb_paint_funcs_t*, void*, unsigned int, unsigned int, void*)
0225c690 00000044 t hb_draw_move_to_default(hb_draw_funcs_t*, void*, hb_draw_state_t*, float, float, void*)
0225c6d4 00000060 t hb_draw_line_to_default(hb_draw_funcs_t*, void*, hb_draw_state_t*, float, float, void*)
0225c734 0000006c t hb_draw_quadratic_to_default(hb_draw_funcs_t*, void*, hb_draw_state_t*, float, float, float, float, void*)
0225c7a0 00000078 t hb_draw_cubic_to_default(hb_draw_funcs_t*, void*, hb_draw_state_t*, float, float, float, float, float, float, void*)
0225c818 0000002c t hb_draw_close_path_default(hb_draw_funcs_t*, void*, hb_draw_state_t*, void*)
0225c844 0000015c t hb_font_draw_glyph_default(hb_font_t*, void*, unsigned int, hb_draw_funcs_t*, void*, void*)
0225c9a0 000001f8 t hb_font_paint_glyph_default(hb_font_t*, void*, unsigned int, hb_paint_funcs_t*, void*, unsigned int, unsigned int, void*)
0225cb98 0000001c t hb_font_get_glyph_extents_nil(hb_font_t*, void*, unsigned int, hb_glyph_extents_t*, void*)
0225cbb4 00000030 t hb_font_get_font_h_extents_nil(hb_font_t*, void*, hb_font_extents_t*, void*)
0225cbe4 000000d8 t _hb_font_funcs_set_middle(hb_font_funcs_t*, void*, void (*)(void*))
0225ccbc 00000124 t _hb_font_create(hb_face_t*)
0225cde0 000001a4 t hb_font_get_glyph_extents_default(hb_font_t*, void*, unsigned int, hb_glyph_extents_t*, void*)
0225cf84 00000008 t hb_font_get_glyph_v_kerning_nil(hb_font_t*, void*, unsigned int, unsigned int, void*)
0225cf8c 00000030 t hb_font_get_font_v_extents_nil(hb_font_t*, void*, hb_font_extents_t*, void*)
0225cfbc 00000038 t hb_font_get_variation_glyph_default(hb_font_t*, void*, unsigned int, unsigned int, unsigned int*, void*)
0225cff4 00000168 t hb_font_get_nominal_glyphs_default(hb_font_t*, void*, unsigned int, unsigned int const*, unsigned int, unsigned int*, unsigned int, void*)
0225d15c 00000090 t hb_font_get_glyph_h_kerning_default(hb_font_t*, void*, unsigned int, unsigned int, void*)
0225d1ec 00000090 t hb_font_get_glyph_v_kerning_default(hb_font_t*, void*, unsigned int, unsigned int, void*)
0225d27c 000001c4 t hb_font_get_glyph_h_advances_default(hb_font_t*, void*, unsigned int, unsigned int const*, unsigned int, int*, unsigned int, void*)
0225d440 00000040 t hb_font_get_glyph_name_default(hb_font_t*, void*, unsigned int, char*, unsigned int, void*)
0225d480 00000080 t hb_font_get_glyph_from_name_default(hb_font_t*, void*, char const*, int, unsigned int*, void*)
0225d500 00000134 t hb_font_get_font_h_extents_default(hb_font_t*, void*, hb_font_extents_t*, void*)
0225d634 00000134 t hb_font_get_font_v_extents_default(hb_font_t*, void*, hb_font_extents_t*, void*)
0225d768 000000e4 t hb_font_get_glyph_v_advance_default(hb_font_t*, void*, unsigned int, void*)
0225d84c 000001c4 t hb_font_get_glyph_v_advances_default(hb_font_t*, void*, unsigned int, unsigned int const*, unsigned int, int*, unsigned int, void*)
0225da10 000000e4 t hb_font_get_glyph_h_advance_default(hb_font_t*, void*, unsigned int, void*)
0225daf4 000000b0 t hb_font_get_nominal_glyph_default(hb_font_t*, void*, unsigned int, unsigned int*, void*)
0225dba4 00000130 t hb_font_get_glyph_h_origin_default(hb_font_t*, void*, unsigned int, int*, int*, void*)
0225dcd4 00000130 t hb_font_get_glyph_v_origin_default(hb_font_t*, void*, unsigned int, int*, int*, void*)
0225de04 00000130 t hb_font_get_glyph_contour_point_default(hb_font_t*, void*, unsigned int, unsigned int, int*, int*, void*)
0225df34 000003c0 W OT::VariationStore::sanitize(hb_sanitize_context_t*) const
0225e2f4 00000218 W OT::avarV2Tail::sanitize(hb_sanitize_context_t*, void const*) const
0225e50c 00000258 W OT::SegmentMaps::map(int, unsigned int, unsigned int) const
0225e764 0000011c W OT::avar::sanitize(hb_sanitize_context_t*) const
0225e880 00000120 W OT::fvar::sanitize(hb_sanitize_context_t*) const
0225e9a0 00000080 T hb_font_funcs_create
0225ea20 0000000c T hb_font_funcs_get_empty
0225ea2c 00000438 T hb_font_funcs_destroy
0225ee64 00000018 T hb_font_funcs_make_immutable
0225ee7c 00000158 T hb_font_funcs_set_font_h_extents_func
0225efd4 00000158 T hb_font_funcs_set_font_v_extents_func
0225f12c 00000158 T hb_font_funcs_set_nominal_glyph_func
0225f284 00000158 T hb_font_funcs_set_nominal_glyphs_func
0225f3dc 00000158 T hb_font_funcs_set_variation_glyph_func
0225f534 00000158 T hb_font_funcs_set_glyph_v_advance_func
0225f68c 00000158 T hb_font_funcs_set_glyph_h_advances_func
0225f7e4 00000158 T hb_font_funcs_set_glyph_v_advances_func
0225f93c 00000158 T hb_font_funcs_set_glyph_v_origin_func
0225fa94 00000158 T hb_font_funcs_set_glyph_h_kerning_func
0225fbec 00000158 T hb_font_funcs_set_glyph_extents_func
0225fd44 00000158 T hb_font_funcs_set_glyph_contour_point_func
0225fe9c 00000158 T hb_font_funcs_set_glyph_name_func
0225fff4 00000158 T hb_font_funcs_set_glyph_from_name_func
0226014c 00000158 T hb_font_funcs_set_draw_glyph_func
022602a4 00000158 T hb_font_funcs_set_paint_glyph_func
022603fc 00000088 T hb_font_t::has_func(unsigned int)
02260484 00000070 T hb_font_get_glyph
022604f4 0000003c T hb_font_get_nominal_glyph
02260530 00000030 T hb_font_get_glyph_h_advance
02260560 00000048 T hb_font_get_glyph_extents
022605a8 0000003c T hb_font_draw_glyph
022605e4 00000198 T hb_font_destroy
0226077c 00000008 T hb_font_get_face
02260784 000000fc T hb_font_set_funcs
02260880 00000264 T hb_font_set_scale
02260ae4 00000168 W hb_table_lazy_loader_t<OT::fvar, 18u, true>::create(hb_face_t*)
02260c4c 000002a4 W hb_table_lazy_loader_t<OT::avar, 19u, true>::create(hb_face_t*)
02260ef0 000006b4 t hb_font_set_var_coords_normalized.part.0
022615a4 00000010 T hb_font_set_var_coords_normalized
022615b4 0000058c T hb_font_set_variations
02261b40 00000098 T hb_font_create
02261bd8 000004f0 T hb_parse_double(char const**, char const*, double*, bool)
022620c8 00000008 W OT::ColorLine<OT::NoVariable>::static_get_extend(hb_color_line_t*, void*, void*)
022620d0 00000008 W OT::ColorLine<OT::Variable>::static_get_extend(hb_color_line_t*, void*, void*)
022620d8 00000034 t _hb_ot_font_destroy(void*)
0226210c 0000005c W OT::cff1::accelerator_t::gname_t::cmp(void const*, void const*)
02262168 00000094 t hb_ot_get_font_v_extents(hb_font_t*, void*, hb_font_extents_t*, void*)
022621fc 000000a0 t hb_ot_get_font_h_extents(hb_font_t*, void*, hb_font_extents_t*, void*)
0226229c 0000002c t int _hb_cmp_method<unsigned int, OT::CmapSubtableLongGroup const>(void const*, void const*)
022622c8 0000002c t CFF::CFFIndex<OT::IntType<unsigned short, 2u> >::offset_at(unsigned int) const [clone .part.0]
022622f4 00000254 t OT::glyf_impl::CompositeGlyphRecord::get_transformation(float (&) [4], contour_point_t&) const [clone .isra.0]
02262548 0000009c W bool OT::cmap::accelerator_t::get_glyph_from<OT::CmapSubtableFormat12>(void const*, unsigned int, unsigned int*)
022625e4 00000618 t void sort_r_simple<>(void*, unsigned int, unsigned int, int (*)(void const*, void const*)) [clone .constprop.0]
02262bfc 000011a8 t void sort_r_simple<void*>(void*, unsigned int, unsigned int, int (*)(void const*, void const*, void*), void*) [clone .constprop.0]
02263da4 000003f0 t OT::glyf_impl::Glyph::get_extents_without_var_scaled(hb_font_t*, OT::glyf_accelerator_t const&, hb_glyph_extents_t*) const [clone .part.0] [clone .isra.0]
02264194 00000024 W hb_draw_funcs_t::emit_close_path(void*, hb_draw_state_t&)
022641b8 0000009c W hb_draw_funcs_t::start_path(void*, hb_draw_state_t&)
02264254 000008c4 W OT::VarData::get_delta(unsigned int, int const*, unsigned int, OT::VarRegionList const&, float*) const
02264b18 00000100 W OT::CmapSubtableFormat4::accelerator_t::get_glyph(unsigned int, unsigned int*) const
02264c18 00000004 W OT::CmapSubtableFormat4::accelerator_t::get_glyph_func(void const*, unsigned int, unsigned int*)
02264c1c 000001ec W OT::VariationSelectorRecord::get_glyph(unsigned int, unsigned int*, void const*) const
02264e08 000001bc W OT::VariationSelectorRecord::sanitize(hb_sanitize_context_t*, void const*) const
02264fc4 00000334 W OT::CmapSubtable::get_glyph(unsigned int, unsigned int*) const
022652f8 00000004 W bool OT::cmap::accelerator_t::get_glyph_from<OT::CmapSubtable>(void const*, unsigned int, unsigned int*)
022652fc 000000e4 t bool OT::cmap::accelerator_t::get_glyph_from_symbol<OT::CmapSubtable, &(_hb_arabic_pua_trad_map(unsigned int))>(void const*, unsigned int, unsigned int*)
022653e0 000000e0 t bool OT::cmap::accelerator_t::get_glyph_from_symbol<OT::CmapSubtable, &(_hb_arabic_pua_simp_map(unsigned int))>(void const*, unsigned int, unsigned int*)
022654c0 00000080 t bool OT::cmap::accelerator_t::get_glyph_from_symbol<OT::CmapSubtable, &OT::_hb_symbol_pua_map>(void const*, unsigned int, unsigned int*)
02265540 00000348 W OT::CmapSubtable::sanitize(hb_sanitize_context_t*) const
02265888 0000009c W OT::cmap::find_subtable(unsigned int, unsigned int) const
02265924 000001cc W OT::cmap::sanitize(hb_sanitize_context_t*) const
02265af0 00000108 W OT::DeltaSetIndexMap::sanitize(hb_sanitize_context_t*) const
02265bf8 0000019c W OT::VarStoreInstancer::operator()(unsigned int, unsigned short) const
02265d94 00000310 W OT::ColorLine<OT::Variable>::static_get_color_stops(hb_color_line_t*, void*, unsigned int, unsigned int*, hb_color_stop_t*, void*)
022660a4 0000030c W OT::ColorLine<OT::NoVariable>::static_get_color_stops(hb_color_line_t*, void*, unsigned int, unsigned int*, hb_color_stop_t*, void*)
022663b0 000002dc W OT::TupleVariationData::unpack_points(OT::IntType<unsigned char, 1u> const*&, hb_vector_t<unsigned int, false>&, OT::IntType<unsigned char, 1u> const*)
0226668c 000019b4 t OT::gvar::accelerator_t::apply_deltas_to_points(unsigned int, hb_array_t<int>, hb_array_t<contour_point_t>, bool) const [clone .isra.0]
02268040 00000110 W OT::gvar::sanitize_shallow(hb_sanitize_context_t*) const
02268150 0000038c W OT::gvar::accelerator_t::accelerator_t(hb_face_t*)
02268150 0000038c W OT::gvar::accelerator_t::accelerator_t(hb_face_t*)
022684dc 00000128 W OT::glyf_impl::SimpleGlyph::trim_padding() const
02268604 000005d8 W OT::glyf_impl::SimpleGlyph::get_contour_points(contour_point_vector_t&, bool) const
02268bdc 000000e8 W OT::glyf_impl::Glyph::get_composite_iterator() const
02268cc4 00000224 W OT::glyf_accelerator_t::glyph_for_gid(unsigned int, bool) const
02268ee8 000001bc W CFF::Encoding::sanitize(hb_sanitize_context_t*) const
022690a4 000001b4 W CFF::Charset::sanitize(hb_sanitize_context_t*, unsigned int*) const
02269258 0000039c W OT::post::accelerator_t::accelerator_t(hb_face_t*)
02269258 0000039c W OT::post::accelerator_t::accelerator_t(hb_face_t*)
022695f4 0000036c W OT::post::accelerator_t::get_glyph_from_name(char const*, int, unsigned int*) const
02269960 000000e8 W OT::IndexSubtableRecord::get_image_data(unsigned int, void const*, unsigned int*, unsigned int*, unsigned int*) const
02269a48 000001ac W OT::IndexSubtableArray::sanitize(hb_sanitize_context_t*, unsigned int) const
02269bf4 000001f4 W OT::CBLC::sanitize(hb_sanitize_context_t*) const
02269de8 00000150 W OT::CBLC::choose_strike(hb_font_t*) const
02269f38 00000328 W OT::CBDT::accelerator_t::accelerator_t(hb_face_t*)
02269f38 00000328 W OT::CBDT::accelerator_t::accelerator_t(hb_face_t*)
0226a260 000007dc W OT::CBDT::accelerator_t::get_extents(hb_font_t*, unsigned int, hb_glyph_extents_t*, bool) const
0226aa3c 00000260 W OT::CBDT::accelerator_t::reference_png(hb_font_t*, unsigned int) const
0226ac9c 00000204 W hb_paint_extents_context_t::hb_paint_extents_context_t()
0226ac9c 00000204 W hb_paint_extents_context_t::hb_paint_extents_context_t()
0226aea0 00000220 W OT::Affine2x3::paint_glyph(OT::hb_paint_context_t*, unsigned int) const
0226b0c0 000001b0 W OT::ClipBoxFormat2::get_clip_box(OT::ClipBoxData&, OT::VarStoreInstancer const&) const
0226b270 000001a4 W OT::ClipList::sanitize(hb_sanitize_context_t*) const
0226b414 00000134 W OT::ClipList::get_extents(unsigned int, hb_glyph_extents_t*, OT::VarStoreInstancer const&) const
0226b548 000000a8 W OT::COLR::get_base_glyph_paint(unsigned int) const
0226b5f0 0000015c W OT::SBIXStrike::get_glyph_blob(unsigned int, hb_blob_t*, unsigned int, int*, int*, unsigned int, unsigned int*) const
0226b74c 000001d8 W OT::sbix::accelerator_t::choose_strike(hb_font_t*) const
0226b924 00000534 W OT::sbix::accelerator_t::get_png_extents(hb_font_t*, unsigned int, hb_glyph_extents_t*, bool) const
0226be58 00000198 W OT::sbix::sanitize(hb_sanitize_context_t*) const
0226bff0 000000cc W OT::SVG::accelerator_t::reference_blob_for_glyph(unsigned int) const
0226c0bc 000002b4 T hb_ot_font_set_funcs
0226c370 00000410 W hb_hashmap_t<unsigned int, unsigned int, true>::alloc(unsigned int)
0226c780 00000344 W CFF::opset_t<CFF::number_t>::process_op(unsigned int, CFF::interp_env_t<CFF::number_t>&)
0226cac4 00000300 W CFF::dict_opset_t::process_op(unsigned int, CFF::interp_env_t<CFF::number_t>&)
0226cdc4 000009d8 W CFF::cff1_top_dict_opset_t::process_op(unsigned int, CFF::cff1_top_dict_interp_env_t&, CFF::cff1_top_dict_values_t&)
0226d79c 0000023c W CFF::FDSelect3_4<OT::IntType<unsigned short, 2u>, OT::IntType<unsigned char, 1u> >::sanitize(hb_sanitize_context_t*, unsigned int) const
0226d9d8 00000248 W CFF::FDSelect3_4<OT::IntType<unsigned int, 4u>, OT::IntType<unsigned short, 2u> >::sanitize(hb_sanitize_context_t*, unsigned int) const
0226dc20 000001fc W CFF::parsed_values_t<CFF::op_str_t>::add_op(unsigned int, CFF::byte_str_ref_t const&, CFF::op_str_t const&)
0226de1c 000001fc W CFF::parsed_values_t<CFF::dict_val_t>::add_op(unsigned int, CFF::byte_str_ref_t const&, CFF::dict_val_t const&)
0226e018 000001f8 W OT::cff1::accelerator_templ_t<CFF::cff1_private_dict_opset_t, CFF::cff1_private_dict_values_base_t<CFF::dict_val_t> >::glyph_to_sid(unsigned int, CFF::code_pair_t*) const
0226e210 000001a8 W CFF::CFFIndex<OT::IntType<unsigned short, 2u> >::operator[](unsigned int) const
0226e3b8 000001a0 W OT::cff1::accelerator_templ_t<CFF::cff1_private_dict_opset_t, CFF::cff1_private_dict_values_base_t<CFF::dict_val_t> >::sid_to_glyph(unsigned int) const
0226e558 0000045c W OT::cff1::accelerator_t::get_glyph_from_name(char const*, int, unsigned int*) const
0226e9b4 00000310 W OT::hmtxvmtx<OT::hmtx, OT::hhea, OT::HVAR>::accelerator_t::get_advance_with_var_unscaled(unsigned int, hb_font_t*, float*) const
0226ecc4 000000f0 W hb_hashmap_t<unsigned int, unsigned int, true>::fini()
0226edb4 000020c8 W bool OT::glyf_impl::Glyph::get_points<OT::glyf_accelerator_t>(hb_font_t*, OT::glyf_accelerator_t const&, contour_point_vector_t&, contour_point_vector_t*, head_maxp_info_t*, unsigned int*, bool, bool, bool, hb_array_t<int>, hb_map_t*, unsigned int, unsigned int*) const
02270e7c 000005b0 W bool OT::glyf_accelerator_t::get_points<OT::glyf_accelerator_t::points_aggregator_t>(hb_font_t*, unsigned int, OT::glyf_accelerator_t::points_aggregator_t) const
0227142c 00001578 W bool OT::glyf_accelerator_t::get_points<OT::glyf_impl::path_builder_t>(hb_font_t*, unsigned int, OT::glyf_impl::path_builder_t) const
022729a4 00000038 W OT::OffsetTo<OT::DeltaSetIndexMap, OT::IntType<unsigned int, 4u>, true>::neuter(hb_sanitize_context_t*) const
022729dc 000002d4 W OT::HVARVVAR::sanitize(hb_sanitize_context_t*) const
02272cb0 00000408 W CFF::dict_interpreter_t<CFF::cff2_top_dict_opset_t, CFF::cff2_top_dict_values_t, CFF::interp_env_t<CFF::number_t> >::interpret(CFF::cff2_top_dict_values_t&)
022730b8 000001a4 W CFF::CFFIndex<OT::IntType<unsigned int, 4u> >::sanitize(hb_sanitize_context_t*) const
0227325c 00000370 W hb_vector_t<CFF::cff2_private_dict_values_base_t<CFF::dict_val_t>, false>::resize(int, bool, bool)
022735cc 000002d8 W hb_vector_t<CFF::cff2_font_dict_values_t, false>::push()
022738a4 00001184 W OT::cff2::accelerator_templ_t<CFF::cff2_private_dict_opset_t, CFF::cff2_private_dict_values_base_t<CFF::dict_val_t> >::accelerator_templ_t(hb_face_t*)
022738a4 00001184 W OT::cff2::accelerator_templ_t<CFF::cff2_private_dict_opset_t, CFF::cff2_private_dict_values_base_t<CFF::dict_val_t> >::accelerator_templ_t(hb_face_t*)
02274a28 00000190 W CFF::CFFIndex<OT::IntType<unsigned short, 2u> >::sanitize(hb_sanitize_context_t*) const
02274bb8 00000364 W hb_vector_t<CFF::cff1_private_dict_values_base_t<CFF::dict_val_t>, false>::resize(int, bool, bool)
02274f1c 000002e4 W hb_vector_t<CFF::cff1_font_dict_values_t, false>::push()
02275200 00000388 W CFF::dict_interpreter_t<CFF::cff1_font_dict_opset_t, CFF::cff1_font_dict_values_t, CFF::interp_env_t<CFF::number_t> >::interpret(CFF::cff1_font_dict_values_t&)
02275588 000004e8 W CFF::dict_interpreter_t<CFF::cff1_private_dict_opset_t, CFF::cff1_private_dict_values_base_t<CFF::dict_val_t>, CFF::interp_env_t<CFF::number_t> >::interpret(CFF::cff1_private_dict_values_base_t<CFF::dict_val_t>&)
02275a70 0000009c W CFF::CFFIndex<OT::IntType<unsigned short, 2u> >::offset_at(unsigned int) const
02275b0c 00001174 W OT::cff1::accelerator_templ_t<CFF::cff1_private_dict_opset_t, CFF::cff1_private_dict_values_base_t<CFF::dict_val_t> >::accelerator_templ_t(hb_face_t*)
02275b0c 00001174 W OT::cff1::accelerator_templ_t<CFF::cff1_private_dict_opset_t, CFF::cff1_private_dict_values_base_t<CFF::dict_val_t> >::accelerator_templ_t(hb_face_t*)
02276c80 000004e0 t hb_ot_get_glyph_from_name(hb_font_t*, void*, char const*, int, unsigned int*, void*)
02277160 000003bc W hb_lazy_loader_t<OT::cff2_accelerator_t, hb_face_lazy_loader_t<OT::cff2_accelerator_t, 17u>, hb_face_t, 17u, OT::cff2_accelerator_t>::get_stored() const
0227751c 000003c4 W hb_lazy_loader_t<OT::cff1_accelerator_t, hb_face_lazy_loader_t<OT::cff1_accelerator_t, 16u>, hb_face_t, 16u, OT::cff1_accelerator_t>::get_stored() const
022778e0 000003f0 t hb_ot_get_glyph_name(hb_font_t*, void*, unsigned int, char*, unsigned int, void*)
02277cd0 00000260 W OT::PaintLinearGradient<OT::NoVariable>::paint_glyph(OT::hb_paint_context_t*, unsigned int) const
02277f30 00000260 W OT::PaintLinearGradient<OT::Variable>::paint_glyph(OT::hb_paint_context_t*, unsigned int) const
02278190 00000260 W OT::PaintRadialGradient<OT::NoVariable>::paint_glyph(OT::hb_paint_context_t*, unsigned int) const
022783f0 00000260 W OT::PaintRadialGradient<OT::Variable>::paint_glyph(OT::hb_paint_context_t*, unsigned int) const
02278650 00000228 W OT::PaintSweepGradient<OT::NoVariable>::paint_glyph(OT::hb_paint_context_t*, unsigned int) const
02278878 00000228 W OT::PaintSweepGradient<OT::Variable>::paint_glyph(OT::hb_paint_context_t*, unsigned int) const
02278aa0 00000b10 t OT::hb_paint_context_t::return_t OT::Paint::dispatch<OT::hb_paint_context_t>(OT::hb_paint_context_t*) const [clone .isra.0]
022795b0 00000504 W OT::PaintColrLayers::paint_glyph(OT::hb_paint_context_t*) const
02279ab4 000001ec W OT::PaintTranslate::paint_glyph(OT::hb_paint_context_t*, unsigned int) const
02279ca0 00000208 W OT::PaintScale::paint_glyph(OT::hb_paint_context_t*, unsigned int) const
02279ea8 00000230 W OT::PaintSkew::paint_glyph(OT::hb_paint_context_t*, unsigned int) const
0227a0d8 000003c8 W OT::PaintGlyph::paint_glyph(OT::hb_paint_context_t*) const
0227a4a0 000003b8 W OT::PaintScaleUniformAroundCenter::paint_glyph(OT::hb_paint_context_t*, unsigned int) const
0227a858 000003f4 W OT::PaintRotateAroundCenter::paint_glyph(OT::hb_paint_context_t*, unsigned int) const
0227ac4c 000003e0 W OT::PaintScaleAroundCenter::paint_glyph(OT::hb_paint_context_t*, unsigned int) const
0227b02c 0000040c W OT::PaintSkewAroundCenter::paint_glyph(OT::hb_paint_context_t*, unsigned int) const
0227b438 0000083c W OT::PaintColrGlyph::paint_glyph(OT::hb_paint_context_t*) const
0227bc74 00000b74 W OT::COLR::paint_glyph(hb_font_t*, unsigned int, hb_paint_funcs_t*, void*, unsigned int, unsigned int, bool) const
0227c7e8 000004b0 W OT::COLR::get_extents(hb_font_t*, unsigned int, hb_glyph_extents_t*) const
0227cc98 00000138 W hb_table_lazy_loader_t<OT::OS2, 6u, true>::create(hb_face_t*)
0227cdd0 00000620 W OT::cmap::accelerator_t::accelerator_t(hb_face_t*)
0227cdd0 00000620 W OT::cmap::accelerator_t::accelerator_t(hb_face_t*)
0227d3f0 00000254 t hb_ot_get_variation_glyph(hb_font_t*, void*, unsigned int, unsigned int, unsigned int*, void*)
0227d644 000001e0 t hb_ot_get_nominal_glyph(hb_font_t*, void*, unsigned int, unsigned int*, void*)
0227d824 00000254 t hb_ot_get_nominal_glyphs(hb_font_t*, void*, unsigned int, unsigned int const*, unsigned int, unsigned int*, unsigned int, void*)
0227da78 000000d8 W hb_table_lazy_loader_t<OT::head, 1u, true>::create(hb_face_t*)
0227db50 00000134 W hb_table_lazy_loader_t<OT::VORG, 13u, true>::create(hb_face_t*)
0227dc84 000002b8 W hb_lazy_loader_t<OT::sbix_accelerator_t, hb_face_lazy_loader_t<OT::sbix_accelerator_t, 38u>, hb_face_t, 38u, OT::sbix_accelerator_t>::create(hb_face_t*)
0227df3c 000001ac W hb_lazy_loader_t<OT::SVG_accelerator_t, hb_face_lazy_loader_t<OT::SVG_accelerator_t, 39u>, hb_face_t, 39u, OT::SVG_accelerator_t>::create(hb_face_t*)
0227e0e8 000000c8 W hb_table_lazy_loader_t<OT::hhea, 4u, true>::create(hb_face_t*)
0227e1b0 000000c8 W hb_table_lazy_loader_t<OT::vhea, 11u, true>::create(hb_face_t*)
0227e278 00000124 W hb_table_lazy_loader_t<OT::maxp, 2u, true>::create(hb_face_t*)
0227e39c 0000055c W OT::hmtxvmtx<OT::hmtx, OT::hhea, OT::HVAR>::accelerator_t::accelerator_t(hb_face_t*)
0227e39c 0000055c W OT::hmtxvmtx<OT::hmtx, OT::hhea, OT::HVAR>::accelerator_t::accelerator_t(hb_face_t*)
0227e8f8 00000764 t hb_ot_get_glyph_h_advances(hb_font_t*, void*, unsigned int, unsigned int const*, unsigned int, int*, unsigned int, void*)
0227f05c 00000664 W OT::hmtxvmtx<OT::vmtx, OT::vhea, OT::VVAR>::accelerator_t::accelerator_t(hb_face_t*)
0227f05c 00000664 W OT::hmtxvmtx<OT::vmtx, OT::vhea, OT::VVAR>::accelerator_t::accelerator_t(hb_face_t*)
0227f6c0 00000798 t hb_ot_get_glyph_v_advances(hb_font_t*, void*, unsigned int, unsigned int const*, unsigned int, int*, unsigned int, void*)
0227fe58 000005dc W OT::glyf_accelerator_t::glyf_accelerator_t(hb_face_t*)
0227fe58 000005dc W OT::glyf_accelerator_t::glyf_accelerator_t(hb_face_t*)
02280434 00000768 t hb_ot_draw_glyph(hb_font_t*, void*, unsigned int, hb_draw_funcs_t*, void*, void*)
02280b9c 00000b3c t hb_ot_get_glyph_v_origin(hb_font_t*, void*, unsigned int, int*, int*, void*)
022816d8 00000124 W OT::NoVariable<OT::PaintLinearGradient<OT::NoVariable> >::sanitize(hb_sanitize_context_t*) const
022817fc 0000012c W OT::Variable<OT::PaintLinearGradient<OT::Variable> >::sanitize(hb_sanitize_context_t*) const
02281928 00000124 W OT::NoVariable<OT::PaintRadialGradient<OT::NoVariable> >::sanitize(hb_sanitize_context_t*) const
02281a4c 0000012c W OT::Variable<OT::PaintRadialGradient<OT::Variable> >::sanitize(hb_sanitize_context_t*) const
02281b78 00000124 W OT::NoVariable<OT::PaintSweepGradient<OT::NoVariable> >::sanitize(hb_sanitize_context_t*) const
02281c9c 0000012c W OT::Variable<OT::PaintSweepGradient<OT::Variable> >::sanitize(hb_sanitize_context_t*) const
02281dc8 000001cc W OT::PaintTransform<OT::Variable>::sanitize(hb_sanitize_context_t*) const
02281f94 00000250 W hb_sanitize_context_t::return_t OT::Paint::dispatch<hb_sanitize_context_t>(hb_sanitize_context_t*) const
022821e4 000001d8 W OT::LayerList::sanitize(hb_sanitize_context_t*) const
022823bc 00000200 W OT::BaseGlyphList::sanitize(hb_sanitize_context_t*) const
022825bc 000003fc W OT::COLR::sanitize(hb_sanitize_context_t*) const
022829b8 000002a4 W hb_table_lazy_loader_t<OT::COLR, 35u, true>::create(hb_face_t*)
02282c5c 0000070c t hb_ot_paint_glyph(hb_font_t*, void*, unsigned int, hb_paint_funcs_t*, void*, unsigned int, unsigned int, void*)
02283368 00000454 t hb_ot_get_glyph_extents(hb_font_t*, void*, unsigned int, hb_glyph_extents_t*, void*)
022837bc 000001c4 W OT::PaintTransform<OT::NoVariable>::sanitize(hb_sanitize_context_t*) const
02283980 00000210 W OT::PaintComposite::sanitize(hb_sanitize_context_t*) const
02283b90 00000120 t hb_outline_recording_pen_close_path(hb_draw_funcs_t*, void*, hb_draw_state_t*, void*)
02283cb0 00000158 t hb_outline_recording_pen_move_to(hb_draw_funcs_t*, void*, hb_draw_state_t*, float, float, void*)
02283e08 00000158 t hb_outline_recording_pen_line_to(hb_draw_funcs_t*, void*, hb_draw_state_t*, float, float, void*)
02283f60 000002ac t hb_outline_recording_pen_quadratic_to(hb_draw_funcs_t*, void*, hb_draw_state_t*, float, float, float, float, void*)
0228420c 00000410 t hb_outline_recording_pen_cubic_to(hb_draw_funcs_t*, void*, hb_draw_state_t*, float, float, float, float, float, float, void*)
0228461c 0000058c T hb_outline_t::replay(hb_draw_funcs_t*, void*) const
02284ba8 00000108 T hb_outline_t::control_area() const
02284cb0 000004dc T hb_outline_t::embolden(float, float, float, float)
0228518c 00000148 T hb_outline_recording_pen_get_funcs()
022852d4 00000018 t hb_paint_extents_pop_transform(hb_paint_funcs_t*, void*, void*)
022852ec 0000024c t hb_paint_extents_push_transform(hb_paint_funcs_t*, void*, float, float, float, float, float, float, void*)
02285538 00000170 t hb_paint_extents_push_group(hb_paint_funcs_t*, void*, void*)
022856a8 000000cc t hb_draw_extents_line_to(hb_draw_funcs_t*, void*, hb_draw_state_t*, float, float, void*)
02285774 000000cc t hb_draw_extents_move_to(hb_draw_funcs_t*, void*, hb_draw_state_t*, float, float, void*)
02285840 000002f8 t hb_paint_extents_push_clip_rectangle(hb_paint_funcs_t*, void*, float, float, float, float, void*)
02285b38 0000019c t hb_paint_extents_paint_sweep_gradient(hb_paint_funcs_t*, void*, hb_color_line_t*, float, float, float, float, void*)
02285cd4 0000019c t hb_paint_extents_paint_linear_gradient(hb_paint_funcs_t*, void*, hb_color_line_t*, float, float, float, float, float, float, void*)
02285e70 0000019c t hb_paint_extents_paint_color(hb_paint_funcs_t*, void*, int, unsigned int, void*)
0228600c 0000019c t hb_paint_extents_paint_radial_gradient(hb_paint_funcs_t*, void*, hb_color_line_t*, float, float, float, float, float, float, void*)
022861a8 00000518 t hb_paint_extents_paint_image(hb_paint_funcs_t*, void*, hb_blob_t*, unsigned int, unsigned int, unsigned int, float, hb_glyph_extents_t*, void*)
022866c0 00000018 t hb_paint_extents_pop_clip(hb_paint_funcs_t*, void*, void*)
022866d8 00000414 t hb_paint_extents_push_clip_glyph(hb_paint_funcs_t*, void*, unsigned int, hb_font_t*, void*)
02286aec 00000178 t hb_draw_extents_quadratic_to(hb_draw_funcs_t*, void*, hb_draw_state_t*, float, float, float, float, void*)
02286c64 0000022c t hb_draw_extents_cubic_to(hb_draw_funcs_t*, void*, hb_draw_state_t*, float, float, float, float, float, float, void*)
02286e90 000002d0 t hb_paint_extents_pop_group(hb_paint_funcs_t*, void*, hb_paint_composite_mode_t, void*)
02287160 000001f0 T hb_paint_extents_get_funcs()
02287350 00000170 W OT::MVAR::sanitize(hb_sanitize_context_t*) const
022874c0 000000e0 W OT::MVAR::get_var(unsigned int, int const*, unsigned int) const
022875a0 000002a4 W hb_table_lazy_loader_t<OT::MVAR, 22u, true>::create(hb_face_t*)
02287844 00001840 T _hb_ot_metrics_get_position_common(hb_font_t*, hb_ot_metrics_tag_t, int*)
02289084 0000002c t _hb_glyph_info_is_default_ignorable(hb_glyph_info_t const*)
022890b0 00000354 t _hb_glyph_info_set_unicode_props(hb_glyph_info_t*, hb_buffer_t*)
02289404 0000002c t hb_buffer_t::allocate_var(unsigned int, unsigned int) [clone .part.0]
02289430 0000002c t hb_buffer_t::deallocate_var(unsigned int, unsigned int) [clone .part.0]
0228945c 000000a0 W hb_buffer_t::message(hb_font_t*, char const*, ...)
022894fc 000009d8 T hb_ot_shape_planner_t::hb_ot_shape_planner_t(hb_face_t*, hb_segment_properties_t const&)
022894fc 000009d8 T hb_ot_shape_planner_t::hb_ot_shape_planner_t(hb_face_t*, hb_segment_properties_t const&)
02289ed4 00000818 T hb_ot_shape_planner_t::compile(hb_ot_shape_plan_t&, hb_ot_shape_plan_key_t const&)
0228a6ec 000003ec T hb_ot_shape_plan_t::init0(hb_face_t*, hb_shape_plan_key_t const*)
0228aad8 000000e4 T hb_ot_shape_plan_t::fini()
0228abbc 000000f4 T hb_ot_shape_plan_t::position(hb_font_t*, hb_buffer_t*) const
0228acb0 00000008 T _hb_ot_shaper_face_data_create
0228acb8 00000004 T _hb_ot_shaper_face_data_destroy
0228acbc 00000008 T _hb_ot_shaper_font_data_create
0228acc4 00000004 T _hb_ot_shaper_font_data_destroy
0228acc8 00002394 T _hb_ot_shape
0228d05c 00000634 W OT::avar::map_coords(int*, unsigned int) const
0228d690 0000023c T hb_ot_var_named_instance_get_design_coords
0228d8cc 000003bc T hb_ot_var_normalize_coords
0228dc88 0000044c T hb_shape_plan_key_t::init(bool, hb_face_t*, hb_segment_properties_t const*, hb_feature_t const*, unsigned int, int const*, unsigned int, char const* const*)
0228e0d4 000000ac T hb_shape_plan_key_t::user_features_match(hb_shape_plan_key_t const*)
0228e180 000000ac T hb_shape_plan_key_t::equal(hb_shape_plan_key_t const*)
0228e22c 000001bc T hb_shape_plan_create2
0228e3e8 000001b8 T hb_shape_plan_destroy
0228e5a0 000002a0 T hb_shape_plan_execute
0228e840 000002ac T hb_shape_plan_create_cached2
0228eaec 00000200 T hb_shape_full
0228ecec 00000008 T hb_shape
0228ecf4 000001ec W hb_shapers_lazy_loader_t::create()
0228eee0 000000a8 T _hb_shapers_get()
0228ef88 0000011c T hb_face_t::load_upem() const
0228f0a4 00000110 T hb_face_t::load_num_glyphs() const
0228f1b4 00000378 T _glyf_get_advance_with_var_unscaled(hb_font_t*, unsigned int, bool)
0228f52c 0000020c T _glyf_get_leading_bearing_with_var_unscaled(hb_font_t*, unsigned int, bool, int*)
0228f738 00000008 t hb_unicode_combining_class_nil(hb_unicode_funcs_t*, unsigned int, void*)
0228f740 00000008 t hb_unicode_eastasian_width_nil(hb_unicode_funcs_t*, unsigned int, void*)
0228f748 00000008 t hb_unicode_general_category_nil(hb_unicode_funcs_t*, unsigned int, void*)
0228f750 00000008 t hb_unicode_mirroring_nil(hb_unicode_funcs_t*, unsigned int, void*)
0228f758 0000000c t hb_unicode_script_nil(hb_unicode_funcs_t*, unsigned int, void*)
0228f764 00000008 t hb_unicode_compose_nil(hb_unicode_funcs_t*, unsigned int, unsigned int, unsigned int*, void*)
0228f76c 00000008 t hb_unicode_decompose_nil(hb_unicode_funcs_t*, unsigned int, unsigned int*, unsigned int*, void*)
0228f774 00000008 t hb_unicode_decompose_compatibility_nil(hb_unicode_funcs_t*, unsigned int, unsigned int*, void*)
0228f77c 00000004 T hb_unicode_funcs_get_default
0228f780 00000148 T hb_unicode_funcs_create
0228f8c8 0000000c T hb_unicode_funcs_get_empty
0228f8d4 00000050 T hb_unicode_funcs_reference
0228f924 000001f0 T hb_unicode_funcs_destroy
0228fb14 00000018 T hb_unicode_funcs_make_immutable
0228fb2c 000000fc T hb_unicode_funcs_set_combining_class_func
0228fc28 000000fc T hb_unicode_funcs_set_general_category_func
0228fd24 000000fc T hb_unicode_funcs_set_mirroring_func
0228fe20 000000fc T hb_unicode_funcs_set_script_func
0228ff1c 000000fc T hb_unicode_funcs_set_compose_func
02290018 000000fc T hb_unicode_funcs_set_decompose_func
02290114 00000080 T _hb_unicode_is_emoji_Extended_Pictographic(unsigned int)
02290194 00000020 t _hb_ft_color_line_get_extend(hb_color_line_t*, void*, void*)
022901b4 00000050 t _hb_ft_font_destroy(void*)
02290204 000000e0 t _hb_ft_reference_table(hb_face_t*, unsigned int, void*)
022902e4 000000d0 t hb_ft_get_glyph_contour_point(hb_font_t*, void*, unsigned int, unsigned int, int*, int*, void*)
022903b4 0000012c t hb_ft_get_glyph_from_name(hb_font_t*, void*, char const*, int, unsigned int*, void*)
022904e0 000002b0 t hb_ft_get_glyph_v_origin(hb_font_t*, void*, unsigned int, int*, int*, void*)
02290790 0000043c t hb_ft_get_glyph_extents(hb_font_t*, void*, unsigned int, hb_glyph_extents_t*, void*)
02290bcc 00000060 t hb_ft_get_glyph_h_kerning(hb_font_t*, void*, unsigned int, unsigned int, void*)
02290c2c 000001c8 t hb_ft_get_glyph_v_advance(hb_font_t*, void*, unsigned int, void*)
02290df4 00000220 t hb_ft_get_font_h_extents(hb_font_t*, void*, hb_font_extents_t*, void*)
02291014 00000060 t hb_ft_get_variation_glyph(hb_font_t*, void*, unsigned int, unsigned int, unsigned int*, void*)
02291074 000000ac t hb_ft_get_nominal_glyphs(hb_font_t*, void*, unsigned int, unsigned int const*, unsigned int, unsigned int*, unsigned int, void*)
02291120 0000006c t hb_ft_get_glyph_name(hb_font_t*, void*, unsigned int, char*, unsigned int, void*)
0229118c 000001f0 t hb_ft_font_changed.part.0
0229137c 00000304 t hb_ft_get_glyph_h_advances(hb_font_t*, void*, unsigned int, unsigned int const*, unsigned int, int*, unsigned int, void*)
02291680 00000290 t _hb_ft_color_line_get_color_stops(hb_color_line_t*, void*, unsigned int, unsigned int*, hb_color_stop_t*, void*)
02291910 0000032c t hb_ft_draw_glyph(hb_font_t*, void*, unsigned int, hb_draw_funcs_t*, void*, void*)
02291c3c 00000198 t _hb_ft_move_to(FT_Vector_ const*, void*)
02291dd4 00000260 t _hb_ft_cubic_to(FT_Vector_ const*, FT_Vector_ const*, FT_Vector_ const*, void*)
02292034 00000150 t _hb_ft_line_to(FT_Vector_ const*, void*)
02292184 000001a4 t _hb_ft_conic_to(FT_Vector_ const*, FT_Vector_ const*, void*)
02292328 0000002c T hb_ft_font_set_load_flags
02292354 00000184 W hb_ft_font_funcs_lazy_loader_t::create()
022924d8 00000164 t _hb_ft_font_set_funcs(hb_font_t*, FT_FaceRec_*, bool)
0229263c 000000e0 T hb_ft_face_create
0229271c 000000a0 T hb_ft_font_create
022927bc 00000018 T hb_ft_font_changed
022927d4 00002158 t _hb_ft_paint(hb_ft_paint_context_t*, FT_Opaque_Paint_)
0229492c 00000b54 t hb_ft_paint_glyph_colr(hb_font_t*, void*, unsigned int, hb_paint_funcs_t*, void*, unsigned int, unsigned int, void*) [clone .isra.0]
02295480 00000250 t hb_ft_paint_glyph(hb_font_t*, void*, unsigned int, hb_paint_funcs_t*, void*, unsigned int, unsigned int, void*)
022956d0 0000020c W hb_blob_t* hb_sanitize_context_t::sanitize_blob<OT::OS2>(hb_blob_t*)
022958dc 000002e4 t hb_ft_get_nominal_glyph(hb_font_t*, void*, unsigned int, unsigned int*, void*)
02295bc0 00000014 t is_deleted_glyph(hb_glyph_info_t const*)
02295bd4 0000002c t hb_sanitize_context_t::reset_object() [clone .part.0]
02295c00 0000002c t bool hb_buffer_t::replace_glyphs<unsigned int>(unsigned int, unsigned int, unsigned int const*) [clone .part.0]
02295c2c 0000002c t bool hb_buffer_t::replace_glyphs<OT::HBGlyphID16>(unsigned int, unsigned int, OT::HBGlyphID16 const*) [clone .part.0]
02295c58 00000268 t AAT::Lookup<OT::IntType<unsigned int, 4u> >::get_value_or_null(unsigned int, unsigned int) const [clone .part.0]
02295ec0 00000790 W hb_buffer_t::_set_glyph_flags(unsigned int, unsigned int, unsigned int, bool, bool)
02296650 000001f4 W hb_font_t::get_glyph_v_origin_with_fallback(unsigned int, int*, int*)
02296844 000002ac W hb_font_t::get_glyph_contour_point_for_origin(unsigned int, unsigned int, hb_direction_t, int*, int*)
02296af0 0000014c W AAT::ltag::sanitize(hb_sanitize_context_t*) const
02296c3c 000002e0 W AAT::ankr::get_anchor(unsigned int, unsigned int, unsigned int) const
02296f1c 00000128 W AAT::feat::sanitize(hb_sanitize_context_t*) const
02297044 000000f4 W OT::ClassDef::sanitize(hb_sanitize_context_t*) const
02297138 00000270 W OT::AttachList::sanitize(hb_sanitize_context_t*) const
022973a8 00000250 W OT::LigGlyph::sanitize(hb_sanitize_context_t*) const
022975f8 000002c0 W OT::LigCaretList::sanitize(hb_sanitize_context_t*) const
022978b8 0000014c W OT::MarkGlyphSetsFormat1::covers(unsigned int, unsigned int) const
02297a04 000001d4 W OT::MarkGlyphSetsFormat1::sanitize(hb_sanitize_context_t*) const
02297bd8 00000208 W OT::GDEF::get_glyph_props(unsigned int) const
02297de0 00000350 W AAT::TrackData::get_tracking(void const*, float) const
02298130 000001ac W AAT::TrackData::sanitize(hb_sanitize_context_t*, void const*) const
022982dc 000001a0 W AAT::trak::sanitize(hb_sanitize_context_t*) const
0229847c 00000008 T AAT::hb_aat_apply_context_t::~hb_aat_apply_context_t()
0229847c 00000008 T AAT::hb_aat_apply_context_t::~hb_aat_apply_context_t()
02298484 00000058 T hb_aat_layout_find_feature_mapping(unsigned int)
022984dc 00000054 T hb_aat_layout_zero_width_deleted_glyphs(hb_buffer_t*)
02298530 0000000c T hb_aat_layout_remove_deleted_glyphs(hb_buffer_t*)
0229853c 000004e4 W OT::GDEFVersion1_2<OT::Layout::SmallTypes>::sanitize(hb_sanitize_context_t*) const
02298a20 00000448 W AAT::StateTable<AAT::ObsoleteTypes, void>::sanitize(hb_sanitize_context_t*, unsigned int*) const
02298e68 000002a4 W AAT::LookupFormat4<OT::IntType<unsigned short, 2u> >::sanitize(hb_sanitize_context_t*) const
0229910c 000001dc W AAT::Lookup<OT::IntType<unsigned short, 2u> >::sanitize(hb_sanitize_context_t*) const
022992e8 000004dc W void OT::MarkGlyphSetsFormat1::collect_coverage<hb_set_digest_combiner_t<hb_set_digest_bits_pattern_t<unsigned long, 4u>, hb_set_digest_combiner_t<hb_set_digest_bits_pattern_t<unsigned long, 0u>, hb_set_digest_bits_pattern_t<unsigned long, 9u> > > >(hb_vector_t<hb_set_digest_combiner_t<hb_set_digest_bits_pattern_t<unsigned long, 4u>, hb_set_digest_combiner_t<hb_set_digest_bits_pattern_t<unsigned long, 0u>, hb_set_digest_bits_pattern_t<unsigned long, 9u> > >, false>&) const
022997c4 00000424 W OT::GDEF::accelerator_t::accelerator_t(hb_face_t*)
022997c4 00000424 W OT::GDEF::accelerator_t::accelerator_t(hb_face_t*)
02299be8 00000218 T AAT::hb_aat_apply_context_t::hb_aat_apply_context_t(hb_ot_shape_plan_t const*, hb_font_t*, hb_buffer_t*, hb_blob_t*)
02299be8 00000218 T AAT::hb_aat_apply_context_t::hb_aat_apply_context_t(hb_ot_shape_plan_t const*, hb_font_t*, hb_buffer_t*, hb_blob_t*)
02299e00 0000064c W OT::hb_ot_apply_context_t::hb_ot_apply_context_t(unsigned int, hb_font_t*, hb_buffer_t*, hb_blob_t*)
02299e00 0000064c W OT::hb_ot_apply_context_t::hb_ot_apply_context_t(unsigned int, hb_font_t*, hb_buffer_t*, hb_blob_t*)
0229a44c 00000378 W hb_vector_t<hb_vector_t<hb_aat_map_t::range_flags_t, true>, false>::resize(int, bool, bool)
0229a7c4 0000013c W AAT::KerxSubTableFormat2<AAT::KerxSubTableHeader>::sanitize(hb_sanitize_context_t*) const
0229a900 00000214 W AAT::LookupFormat2<OT::OffsetTo<OT::ArrayOf<AAT::Anchor, OT::IntType<unsigned int, 4u> >, OT::IntType<unsigned short, 2u>, false> >::sanitize(hb_sanitize_context_t*, void const*) const
0229ab14 0000034c W AAT::LookupFormat4<OT::OffsetTo<OT::ArrayOf<AAT::Anchor, OT::IntType<unsigned int, 4u> >, OT::IntType<unsigned short, 2u>, false> >::sanitize(hb_sanitize_context_t*, void const*) const
0229ae60 000001f8 W AAT::LookupFormat6<OT::OffsetTo<OT::ArrayOf<AAT::Anchor, OT::IntType<unsigned int, 4u> >, OT::IntType<unsigned short, 2u>, false> >::sanitize(hb_sanitize_context_t*, void const*) const
0229b058 000003a0 W AAT::ankr::sanitize(hb_sanitize_context_t*) const
0229b3f8 000002b8 W hb_table_lazy_loader_t<AAT::ankr, 31u, false>::create(hb_face_t*)
0229b6b0 00000308 W AAT::StateTable<AAT::ExtendedTypes, AAT::Format1Entry<true>::EntryData>::sanitize(hb_sanitize_context_t*, unsigned int*) const
0229b9b8 00000308 W AAT::StateTable<AAT::ExtendedTypes, AAT::KerxSubTableFormat4<AAT::KerxSubTableHeader>::EntryData>::sanitize(hb_sanitize_context_t*, unsigned int*) const
0229bcc0 00000800 W OT::hb_kern_machine_t<AAT::KerxSubTableFormat0<AAT::KerxSubTableHeader>::accelerator_t>::kern(hb_font_t*, hb_buffer_t*, unsigned int, bool) const
0229c4c0 000002a0 W hb_table_lazy_loader_t<AAT::trak, 32u, false>::create(hb_face_t*)
0229c760 00000514 T hb_aat_layout_track(hb_ot_shape_plan_t const*, hb_font_t*, hb_buffer_t*)
0229cc74 00000118 T hb_aat_layout_has_tracking
0229cd8c 00000448 W AAT::StateTable<AAT::ObsoleteTypes, AAT::ContextualSubtable<AAT::ObsoleteTypes>::EntryData>::sanitize(hb_sanitize_context_t*, unsigned int*) const
0229d1d4 00000448 W AAT::StateTable<AAT::ObsoleteTypes, AAT::InsertionSubtable<AAT::ObsoleteTypes>::EntryData>::sanitize(hb_sanitize_context_t*, unsigned int*) const
0229d61c 000002a4 W AAT::LookupFormat4<OT::HBGlyphID16>::sanitize(hb_sanitize_context_t*) const
0229d8c0 000001dc W AAT::Lookup<OT::HBGlyphID16>::sanitize(hb_sanitize_context_t*) const
0229da9c 000000a0 W AAT::ContextualSubtable<AAT::ObsoleteTypes>::sanitize(hb_sanitize_context_t*) const
0229db3c 0000017c W hb_table_lazy_loader_t<AAT::ltag, 33u, false>::create(hb_face_t*)
0229dcb8 00000254 W AAT::Chain<AAT::ExtendedTypes>::compile_flags(hb_aat_map_builder_t const*) const
0229df0c 00000254 W AAT::Chain<AAT::ObsoleteTypes>::compile_flags(hb_aat_map_builder_t const*) const
0229e160 00000258 W AAT::Lookup<OT::HBGlyphID16>::get_value(unsigned int, unsigned int) const
0229e3b8 00000464 W AAT::mortmorx<AAT::ObsoleteTypes, 1836020340u>::sanitize(hb_sanitize_context_t*) const
0229e81c 000002b8 W hb_table_lazy_loader_t<AAT::mort, 29u, false>::create(hb_face_t*)
0229ead4 00000890 W void AAT::StateTableDriver<AAT::ObsoleteTypes, void>::drive<AAT::RearrangementSubtable<AAT::ObsoleteTypes>::driver_context_t>(AAT::RearrangementSubtable<AAT::ObsoleteTypes>::driver_context_t*, AAT::hb_aat_apply_context_t*)
0229f364 00000854 W void AAT::StateTableDriver<AAT::ObsoleteTypes, AAT::ContextualSubtable<AAT::ObsoleteTypes>::EntryData>::drive<AAT::ContextualSubtable<AAT::ObsoleteTypes>::driver_context_t>(AAT::ContextualSubtable<AAT::ObsoleteTypes>::driver_context_t*, AAT::hb_aat_apply_context_t*)
0229fbb8 00000984 W void AAT::StateTableDriver<AAT::ObsoleteTypes, void>::drive<AAT::LigatureSubtable<AAT::ObsoleteTypes>::driver_context_t>(AAT::LigatureSubtable<AAT::ObsoleteTypes>::driver_context_t*, AAT::hb_aat_apply_context_t*)
022a053c 00000a14 W void AAT::StateTableDriver<AAT::ObsoleteTypes, AAT::InsertionSubtable<AAT::ObsoleteTypes>::EntryData>::drive<AAT::InsertionSubtable<AAT::ObsoleteTypes>::driver_context_t>(AAT::InsertionSubtable<AAT::ObsoleteTypes>::driver_context_t*, AAT::hb_aat_apply_context_t*)
022a0f50 000006c0 W AAT::Chain<AAT::ObsoleteTypes>::apply(AAT::hb_aat_apply_context_t*) const
022a1610 0000027c W AAT::ContextualSubtable<AAT::ExtendedTypes>::driver_context_t::transition(AAT::StateTableDriver<AAT::ExtendedTypes, AAT::ContextualSubtable<AAT::ExtendedTypes>::EntryData>*, AAT::Entry<AAT::ContextualSubtable<AAT::ExtendedTypes>::EntryData> const&)
022a188c 00000258 W AAT::Lookup<OT::IntType<unsigned short, 2u> >::get_value(unsigned int, unsigned int) const
022a1ae4 00000a1c W void AAT::StateTableDriver<AAT::ExtendedTypes, AAT::InsertionSubtable<AAT::ExtendedTypes>::EntryData>::drive<AAT::InsertionSubtable<AAT::ExtendedTypes>::driver_context_t>(AAT::InsertionSubtable<AAT::ExtendedTypes>::driver_context_t*, AAT::hb_aat_apply_context_t*)
022a2500 000004b4 W AAT::KerxSubTableFormat6<AAT::KerxSubTableHeader>::get_kerning(unsigned int, unsigned int, AAT::hb_aat_apply_context_t*) const
022a29b4 0000074c W OT::hb_kern_machine_t<AAT::KerxSubTableFormat6<AAT::KerxSubTableHeader>::accelerator_t>::kern(hb_font_t*, hb_buffer_t*, unsigned int, bool) const
022a3100 00000974 W void AAT::StateTableDriver<AAT::ExtendedTypes, AAT::KerxSubTableFormat4<AAT::KerxSubTableHeader>::EntryData>::drive<AAT::KerxSubTableFormat4<AAT::KerxSubTableHeader>::driver_context_t>(AAT::KerxSubTableFormat4<AAT::KerxSubTableHeader>::driver_context_t*, AAT::hb_aat_apply_context_t*)
022a3a74 000008e0 W void AAT::StateTableDriver<AAT::ExtendedTypes, AAT::Format1Entry<true>::EntryData>::drive<AAT::KerxSubTableFormat1<AAT::KerxSubTableHeader>::driver_context_t>(AAT::KerxSubTableFormat1<AAT::KerxSubTableHeader>::driver_context_t*, AAT::hb_aat_apply_context_t*)
022a4354 00000914 W void AAT::StateTableDriver<AAT::ExtendedTypes, AAT::LigatureEntry<true>::EntryData>::drive<AAT::LigatureSubtable<AAT::ExtendedTypes>::driver_context_t>(AAT::LigatureSubtable<AAT::ExtendedTypes>::driver_context_t*, AAT::hb_aat_apply_context_t*)
022a4c68 00000888 W void AAT::StateTableDriver<AAT::ExtendedTypes, void>::drive<AAT::RearrangementSubtable<AAT::ExtendedTypes>::driver_context_t>(AAT::RearrangementSubtable<AAT::ExtendedTypes>::driver_context_t*, AAT::hb_aat_apply_context_t*)
022a54f0 00000818 W OT::hb_kern_machine_t<AAT::KerxSubTableFormat2<AAT::KerxSubTableHeader>::accelerator_t>::kern(hb_font_t*, hb_buffer_t*, unsigned int, bool) const
022a5d08 000005d4 W void AAT::StateTableDriver<AAT::ExtendedTypes, AAT::ContextualSubtable<AAT::ExtendedTypes>::EntryData>::drive<AAT::ContextualSubtable<AAT::ExtendedTypes>::driver_context_t>(AAT::ContextualSubtable<AAT::ExtendedTypes>::driver_context_t*, AAT::hb_aat_apply_context_t*)
022a62dc 000006c0 W AAT::Chain<AAT::ExtendedTypes>::apply(AAT::hb_aat_apply_context_t*) const
022a699c 000002a4 W AAT::LookupFormat4<OT::IntType<unsigned int, 4u> >::sanitize(hb_sanitize_context_t*) const
022a6c40 000001dc W AAT::Lookup<OT::IntType<unsigned int, 4u> >::sanitize(hb_sanitize_context_t*) const
022a6e1c 00000204 W AAT::KerxSubTableFormat6<AAT::KerxSubTableHeader>::sanitize(hb_sanitize_context_t*) const
022a7020 00000388 W AAT::KerxTable<AAT::kerx>::sanitize(hb_sanitize_context_t*) const
022a73a8 000002b8 W hb_table_lazy_loader_t<AAT::kerx, 30u, false>::create(hb_face_t*)
022a7660 0000075c T hb_aat_layout_position(hb_ot_shape_plan_t const*, hb_font_t*, hb_buffer_t*)
022a7dbc 00000118 T hb_aat_layout_has_positioning
022a7ed4 0000034c W AAT::StateTable<AAT::ExtendedTypes, void>::sanitize(hb_sanitize_context_t*, unsigned int*) const
022a8220 0000034c W AAT::StateTable<AAT::ExtendedTypes, AAT::ContextualSubtable<AAT::ExtendedTypes>::EntryData>::sanitize(hb_sanitize_context_t*, unsigned int*) const
022a856c 000001f8 W AAT::ContextualSubtable<AAT::ExtendedTypes>::sanitize(hb_sanitize_context_t*) const
022a8764 00000308 W AAT::StateTable<AAT::ExtendedTypes, AAT::LigatureEntry<true>::EntryData>::sanitize(hb_sanitize_context_t*, unsigned int*) const
022a8a6c 0000034c W AAT::StateTable<AAT::ExtendedTypes, AAT::InsertionSubtable<AAT::ExtendedTypes>::EntryData>::sanitize(hb_sanitize_context_t*, unsigned int*) const
022a8db8 000003dc t AAT::Chain<AAT::ExtendedTypes>::sanitize(hb_sanitize_context_t*, unsigned int) const [clone .isra.0]
022a9194 00000390 W hb_table_lazy_loader_t<AAT::morx, 28u, false>::create(hb_face_t*)
022a9524 000006c0 T hb_aat_layout_substitute(hb_ot_shape_plan_t const*, hb_font_t*, hb_buffer_t*, hb_feature_t const*, unsigned int)
022a9be4 00000200 T hb_aat_layout_has_substitution
022a9de4 00000624 T hb_aat_layout_compile_map(hb_aat_map_builder_t const*, hb_aat_map_t*)
022aa408 00000068 W hb_aat_map_builder_t::feature_info_t::cmp(void const*, void const*)
022aa470 000000a4 W hb_aat_map_builder_t::feature_event_t::cmp(void const*, void const*)
022aa514 00000754 t void sort_r_simple<>(void*, unsigned int, unsigned int, int (*)(void const*, void const*))
022aac68 00000b18 T hb_aat_map_builder_t::compile(hb_aat_map_t&)
022ab780 000001c0 W hb_blob_t* hb_sanitize_context_t::sanitize_blob<AAT::feat>(hb_blob_t*)
022ab940 00000a0c T hb_aat_map_builder_t::add_feature(hb_feature_t const&)
022ac34c 0000000c T hb_blob_get_empty
022ac358 00000050 T hb_blob_reference
022ac3a8 00000140 T hb_blob_destroy
022ac4e8 00000004 t _hb_blob_destroy(void*)
022ac4ec 00000154 T hb_blob_create_sub_blob
022ac640 00000018 T hb_blob_make_immutable
022ac658 000000d8 T hb_blob_t::try_make_writable()
022ac730 0000008c T hb_blob_get_data_writable
022ac7bc 00000128 T hb_blob_create_or_fail
022ac8e4 00000064 T hb_blob_create
022ac948 000000ec t buffer_verify_error(hb_buffer_t*, hb_font_t*, char const*, ...)
022aca34 00000a60 T hb_buffer_t::verify(hb_buffer_t*, hb_font_t*, hb_feature_t const*, unsigned int, char const* const*)
022ad494 00000004 t hb_draw_move_to_nil(hb_draw_funcs_t*, void*, hb_draw_state_t*, float, float, void*)
022ad498 00000064 t hb_draw_quadratic_to_nil(hb_draw_funcs_t*, void*, hb_draw_state_t*, float, float, float, float, void*)
022ad4fc 00000004 t hb_draw_cubic_to_nil(hb_draw_funcs_t*, void*, hb_draw_state_t*, float, float, float, float, float, float, void*)
022ad500 00000004 t hb_draw_close_path_nil(hb_draw_funcs_t*, void*, hb_draw_state_t*, void*)
022ad504 000000d8 t _hb_draw_funcs_set_middle(hb_draw_funcs_t*, void*, void (*)(void*))
022ad5dc 00000004 t hb_draw_line_to_nil(hb_draw_funcs_t*, void*, hb_draw_state_t*, float, float, void*)
022ad5e0 00000158 T hb_draw_funcs_set_move_to_func
022ad738 00000158 T hb_draw_funcs_set_line_to_func
022ad890 00000158 T hb_draw_funcs_set_quadratic_to_func
022ad9e8 00000158 T hb_draw_funcs_set_cubic_to_func
022adb40 00000158 T hb_draw_funcs_set_close_path_func
022adc98 00000084 T hb_draw_funcs_create
022add1c 0000000c T hb_draw_funcs_get_empty
022add28 00000208 T hb_draw_funcs_destroy
022adf30 00000018 T hb_draw_funcs_make_immutable
022adf48 00000034 t _hb_face_for_data_closure_destroy(void*)
022adf7c 0000018c W OT::TTCHeaderVersion1::sanitize(hb_sanitize_context_t*) const
022ae108 000003dc W OT::ResourceForkHeader::sanitize(hb_sanitize_context_t*) const
022ae4e4 000001b4 W OT::OpenTypeFontFile::get_face(unsigned int, unsigned int*) const
022ae698 00000198 t _hb_face_for_data_reference_table(hb_face_t*, unsigned int, void*)
022ae830 00000144 W OT::OpenTypeFontFile::sanitize(hb_sanitize_context_t*) const
022ae974 0000018c T hb_face_create_for_tables
022aeb00 0000000c T hb_face_get_empty
022aeb0c 00000050 T hb_face_reference
022aeb5c 000001b0 T hb_face_destroy
022aed0c 00000470 T hb_face_set_user_data
022af17c 000000e0 T hb_face_get_user_data
022af25c 00000018 T hb_face_make_immutable
022af274 00000054 T hb_face_reference_table
022af2c8 00000014 T hb_face_set_index
022af2dc 00000014 T hb_face_set_upem
022af2f0 00000018 T hb_face_get_upem
022af308 00000018 T hb_face_get_glyph_count
022af320 000003c0 W hb_blob_t* hb_sanitize_context_t::sanitize_blob<OT::OpenTypeFontFile>(hb_blob_t*)
022af6e0 000000fc T hb_face_create
022af7dc 00000008 T _hb_fallback_shaper_face_data_create
022af7e4 00000004 T _hb_fallback_shaper_face_data_destroy
022af7e8 00000008 T _hb_fallback_shaper_font_data_create
022af7f0 00000004 T _hb_fallback_shaper_font_data_destroy
022af7f4 00000690 T _hb_fallback_shape
022afe84 00000024 T OT::cff1::lookup_expert_charset_for_sid(unsigned int)
022afea8 00000024 T OT::cff1::lookup_expert_subset_charset_for_sid(unsigned int)
022afecc 00000064 T OT::cff1::lookup_expert_charset_for_glyph(unsigned int)
022aff30 00000064 T OT::cff1::lookup_expert_subset_charset_for_glyph(unsigned int)
022aff94 0000018c W cff1_path_procs_extents_t::curve(CFF::cff1_cs_interp_env_t&, cff1_extents_param_t&, CFF::point_t const&, CFF::point_t const&, CFF::point_t const&)
022b0120 0000018c W cff1_path_param_t::move_to(CFF::point_t const&)
022b02ac 00000148 W cff1_path_param_t::line_to(CFF::point_t const&)
022b03f4 00000228 W cff1_path_param_t::cubic_to(CFF::point_t const&, CFF::point_t const&, CFF::point_t const&)
022b061c 00000198 W OT::cff1::accelerator_templ_t<CFF::cff1_private_dict_opset_t, CFF::cff1_private_dict_values_base_t<CFF::dict_val_t> >::std_code_to_glyph(unsigned int) const
022b07b4 000001b4 W CFF::cs_interp_env_t<CFF::number_t, CFF::Subrs<OT::IntType<unsigned short, 2u> > >::cs_interp_env_t(hb_array_t<unsigned char const> const&, CFF::Subrs<OT::IntType<unsigned short, 2u> > const*, CFF::Subrs<OT::IntType<unsigned short, 2u> > const*)
022b07b4 000001b4 W CFF::cs_interp_env_t<CFF::number_t, CFF::Subrs<OT::IntType<unsigned short, 2u> > >::cs_interp_env_t(hb_array_t<unsigned char const> const&, CFF::Subrs<OT::IntType<unsigned short, 2u> > const*, CFF::Subrs<OT::IntType<unsigned short, 2u> > const*)
022b0968 00000194 W CFF::cs_interp_env_t<CFF::number_t, CFF::Subrs<OT::IntType<unsigned short, 2u> > >::call_subr(CFF::biased_subrs_t<CFF::Subrs<OT::IntType<unsigned short, 2u> > > const&, CFF::cs_type_t)
022b0afc 00000384 W CFF::path_procs_t<cff1_path_procs_extents_t, CFF::cff1_cs_interp_env_t, cff1_extents_param_t>::hlineto(CFF::cff1_cs_interp_env_t&, cff1_extents_param_t&)
022b0e80 00000394 W CFF::path_procs_t<cff1_path_procs_extents_t, CFF::cff1_cs_interp_env_t, cff1_extents_param_t>::vlineto(CFF::cff1_cs_interp_env_t&, cff1_extents_param_t&)
022b1214 0000033c W CFF::path_procs_t<cff1_path_procs_extents_t, CFF::cff1_cs_interp_env_t, cff1_extents_param_t>::rrcurveto(CFF::cff1_cs_interp_env_t&, cff1_extents_param_t&)
022b1550 0000043c W CFF::path_procs_t<cff1_path_procs_extents_t, CFF::cff1_cs_interp_env_t, cff1_extents_param_t>::rcurveline(CFF::cff1_cs_interp_env_t&, cff1_extents_param_t&)
022b198c 000003ec W CFF::path_procs_t<cff1_path_procs_extents_t, CFF::cff1_cs_interp_env_t, cff1_extents_param_t>::rlinecurve(CFF::cff1_cs_interp_env_t&, cff1_extents_param_t&)
022b1d78 00000374 W CFF::path_procs_t<cff1_path_procs_extents_t, CFF::cff1_cs_interp_env_t, cff1_extents_param_t>::vvcurveto(CFF::cff1_cs_interp_env_t&, cff1_extents_param_t&)
022b20ec 00000374 W CFF::path_procs_t<cff1_path_procs_extents_t, CFF::cff1_cs_interp_env_t, cff1_extents_param_t>::hhcurveto(CFF::cff1_cs_interp_env_t&, cff1_extents_param_t&)
022b2460 0000093c W CFF::path_procs_t<cff1_path_procs_extents_t, CFF::cff1_cs_interp_env_t, cff1_extents_param_t>::vhcurveto(CFF::cff1_cs_interp_env_t&, cff1_extents_param_t&)
022b2d9c 0000093c W CFF::path_procs_t<cff1_path_procs_extents_t, CFF::cff1_cs_interp_env_t, cff1_extents_param_t>::hvcurveto(CFF::cff1_cs_interp_env_t&, cff1_extents_param_t&)
022b36d8 00000134 W CFF::path_procs_t<cff1_path_procs_extents_t, CFF::cff1_cs_interp_env_t, cff1_extents_param_t>::hflex(CFF::cff1_cs_interp_env_t&, cff1_extents_param_t&)
022b380c 00000138 W CFF::path_procs_t<cff1_path_procs_extents_t, CFF::cff1_cs_interp_env_t, cff1_extents_param_t>::flex(CFF::cff1_cs_interp_env_t&, cff1_extents_param_t&)
022b3944 00000134 W CFF::path_procs_t<cff1_path_procs_extents_t, CFF::cff1_cs_interp_env_t, cff1_extents_param_t>::hflex1(CFF::cff1_cs_interp_env_t&, cff1_extents_param_t&)
022b3a78 000001b0 W CFF::path_procs_t<cff1_path_procs_extents_t, CFF::cff1_cs_interp_env_t, cff1_extents_param_t>::flex1(CFF::cff1_cs_interp_env_t&, cff1_extents_param_t&)
022b3c28 000009d8 W CFF::cs_opset_t<CFF::number_t, cff1_cs_opset_extents_t, CFF::cff1_cs_interp_env_t, cff1_extents_param_t, cff1_path_procs_extents_t>::process_op(unsigned int, CFF::cff1_cs_interp_env_t&, cff1_extents_param_t&)
022b4600 000003a4 t _get_bounds(OT::cff1::accelerator_t const*, unsigned int, bounds_t&, bool)
022b49a4 000003b4 T OT::cff1::accelerator_t::get_extents(hb_font_t*, unsigned int, hb_glyph_extents_t*) const
022b4d58 00000404 W cff1_cs_opset_extents_t::process_seac(CFF::cff1_cs_interp_env_t&, cff1_extents_param_t&)
022b515c 00000220 W CFF::path_procs_t<cff1_path_procs_path_t, CFF::cff1_cs_interp_env_t, cff1_path_param_t>::hlineto(CFF::cff1_cs_interp_env_t&, cff1_path_param_t&)
022b537c 00000220 W CFF::path_procs_t<cff1_path_procs_path_t, CFF::cff1_cs_interp_env_t, cff1_path_param_t>::vlineto(CFF::cff1_cs_interp_env_t&, cff1_path_param_t&)
022b559c 00000290 W CFF::path_procs_t<cff1_path_procs_path_t, CFF::cff1_cs_interp_env_t, cff1_path_param_t>::rrcurveto(CFF::cff1_cs_interp_env_t&, cff1_path_param_t&)
022b582c 00000380 W CFF::path_procs_t<cff1_path_procs_path_t, CFF::cff1_cs_interp_env_t, cff1_path_param_t>::rcurveline(CFF::cff1_cs_interp_env_t&, cff1_path_param_t&)
022b5bac 000003ec W CFF::path_procs_t<cff1_path_procs_path_t, CFF::cff1_cs_interp_env_t, cff1_path_param_t>::rlinecurve(CFF::cff1_cs_interp_env_t&, cff1_path_param_t&)
022b5f98 0000027c W CFF::path_procs_t<cff1_path_procs_path_t, CFF::cff1_cs_interp_env_t, cff1_path_param_t>::vvcurveto(CFF::cff1_cs_interp_env_t&, cff1_path_param_t&)
022b6214 0000027c W CFF::path_procs_t<cff1_path_procs_path_t, CFF::cff1_cs_interp_env_t, cff1_path_param_t>::hhcurveto(CFF::cff1_cs_interp_env_t&, cff1_path_param_t&)
022b6490 00000978 W CFF::path_procs_t<cff1_path_procs_path_t, CFF::cff1_cs_interp_env_t, cff1_path_param_t>::vhcurveto(CFF::cff1_cs_interp_env_t&, cff1_path_param_t&)
022b6e08 00000978 W CFF::path_procs_t<cff1_path_procs_path_t, CFF::cff1_cs_interp_env_t, cff1_path_param_t>::hvcurveto(CFF::cff1_cs_interp_env_t&, cff1_path_param_t&)
022b7780 00000174 W CFF::path_procs_t<cff1_path_procs_path_t, CFF::cff1_cs_interp_env_t, cff1_path_param_t>::hflex(CFF::cff1_cs_interp_env_t&, cff1_path_param_t&)
022b78f4 00000178 W CFF::path_procs_t<cff1_path_procs_path_t, CFF::cff1_cs_interp_env_t, cff1_path_param_t>::flex(CFF::cff1_cs_interp_env_t&, cff1_path_param_t&)
022b7a6c 00000174 W CFF::path_procs_t<cff1_path_procs_path_t, CFF::cff1_cs_interp_env_t, cff1_path_param_t>::hflex1(CFF::cff1_cs_interp_env_t&, cff1_path_param_t&)
022b7be0 000001e8 W CFF::path_procs_t<cff1_path_procs_path_t, CFF::cff1_cs_interp_env_t, cff1_path_param_t>::flex1(CFF::cff1_cs_interp_env_t&, cff1_path_param_t&)
022b7dc8 000009c0 W CFF::cs_opset_t<CFF::number_t, cff1_cs_opset_path_t, CFF::cff1_cs_interp_env_t, cff1_path_param_t, cff1_path_procs_path_t>::process_op(unsigned int, CFF::cff1_cs_interp_env_t&, cff1_path_param_t&)
022b8788 000003f4 t _get_path(OT::cff1::accelerator_t const*, hb_font_t*, unsigned int, hb_draw_session_t&, bool, CFF::point_t*)
022b8b7c 0000000c T OT::cff1::accelerator_t::get_path(hb_font_t*, unsigned int, hb_draw_session_t&) const
022b8b88 000002c4 W cff1_cs_opset_path_t::process_seac(CFF::cff1_cs_interp_env_t&, cff1_path_param_t&)
022b8e4c 0000002c t CFF::CFFIndex<OT::IntType<unsigned int, 4u> >::offset_at(unsigned int) const [clone .part.0]
022b8e78 0000016c t cff2_path_param_t::move_to(CFF::point_t const&) [clone .isra.0]
022b8fe4 000001f8 t cff2_path_param_t::cubic_to(CFF::point_t const&, CFF::point_t const&, CFF::point_t const&) [clone .isra.0]
022b91dc 00000128 t cff2_path_param_t::line_to(CFF::point_t const&) [clone .isra.0]
022b9304 00000254 W OT::VarData::get_region_scalars(int const*, unsigned int, OT::VarRegionList const&, float*, unsigned int) const
022b9558 0000017c W cff2_path_procs_extents_t::curve(CFF::cff2_cs_interp_env_t<CFF::number_t>&, cff2_extents_param_t&, CFF::point_t const&, CFF::point_t const&, CFF::point_t const&)
022b96d4 000000a4 W CFF::FDSelect3_4<OT::IntType<unsigned int, 4u>, OT::IntType<unsigned short, 2u> >::get_fd(unsigned int) const
022b9778 000000fc W CFF::CFF2FDSelect::get_fd(unsigned int) const
022b9874 000001a8 W CFF::CFFIndex<OT::IntType<unsigned int, 4u> >::operator[](unsigned int) const
022b9a1c 000001b4 W CFF::cs_interp_env_t<CFF::number_t, CFF::Subrs<OT::IntType<unsigned int, 4u> > >::cs_interp_env_t(hb_array_t<unsigned char const> const&, CFF::Subrs<OT::IntType<unsigned int, 4u> > const*, CFF::Subrs<OT::IntType<unsigned int, 4u> > const*)
022b9a1c 000001b4 W CFF::cs_interp_env_t<CFF::number_t, CFF::Subrs<OT::IntType<unsigned int, 4u> > >::cs_interp_env_t(hb_array_t<unsigned char const> const&, CFF::Subrs<OT::IntType<unsigned int, 4u> > const*, CFF::Subrs<OT::IntType<unsigned int, 4u> > const*)
022b9bd0 00000194 W CFF::cs_interp_env_t<CFF::number_t, CFF::Subrs<OT::IntType<unsigned int, 4u> > >::call_subr(CFF::biased_subrs_t<CFF::Subrs<OT::IntType<unsigned int, 4u> > > const&, CFF::cs_type_t)
022b9d64 00000350 W CFF::path_procs_t<cff2_path_procs_extents_t, CFF::cff2_cs_interp_env_t<CFF::number_t>, cff2_extents_param_t>::hlineto(CFF::cff2_cs_interp_env_t<CFF::number_t>&, cff2_extents_param_t&)
022ba0b4 00000354 W CFF::path_procs_t<cff2_path_procs_extents_t, CFF::cff2_cs_interp_env_t<CFF::number_t>, cff2_extents_param_t>::vlineto(CFF::cff2_cs_interp_env_t<CFF::number_t>&, cff2_extents_param_t&)
022ba408 00000340 W CFF::path_procs_t<cff2_path_procs_extents_t, CFF::cff2_cs_interp_env_t<CFF::number_t>, cff2_extents_param_t>::rrcurveto(CFF::cff2_cs_interp_env_t<CFF::number_t>&, cff2_extents_param_t&)
022ba748 00000434 W CFF::path_procs_t<cff2_path_procs_extents_t, CFF::cff2_cs_interp_env_t<CFF::number_t>, cff2_extents_param_t>::rcurveline(CFF::cff2_cs_interp_env_t<CFF::number_t>&, cff2_extents_param_t&)
022bab7c 000003e4 W CFF::path_procs_t<cff2_path_procs_extents_t, CFF::cff2_cs_interp_env_t<CFF::number_t>, cff2_extents_param_t>::rlinecurve(CFF::cff2_cs_interp_env_t<CFF::number_t>&, cff2_extents_param_t&)
022baf60 00000368 W CFF::path_procs_t<cff2_path_procs_extents_t, CFF::cff2_cs_interp_env_t<CFF::number_t>, cff2_extents_param_t>::vvcurveto(CFF::cff2_cs_interp_env_t<CFF::number_t>&, cff2_extents_param_t&)
022bb2c8 00000364 W CFF::path_procs_t<cff2_path_procs_extents_t, CFF::cff2_cs_interp_env_t<CFF::number_t>, cff2_extents_param_t>::hhcurveto(CFF::cff2_cs_interp_env_t<CFF::number_t>&, cff2_extents_param_t&)
022bb62c 0000093c W CFF::path_procs_t<cff2_path_procs_extents_t, CFF::cff2_cs_interp_env_t<CFF::number_t>, cff2_extents_param_t>::vhcurveto(CFF::cff2_cs_interp_env_t<CFF::number_t>&, cff2_extents_param_t&)
022bbf68 0000093c W CFF::path_procs_t<cff2_path_procs_extents_t, CFF::cff2_cs_interp_env_t<CFF::number_t>, cff2_extents_param_t>::hvcurveto(CFF::cff2_cs_interp_env_t<CFF::number_t>&, cff2_extents_param_t&)
022bc8a4 00000134 W CFF::path_procs_t<cff2_path_procs_extents_t, CFF::cff2_cs_interp_env_t<CFF::number_t>, cff2_extents_param_t>::hflex(CFF::cff2_cs_interp_env_t<CFF::number_t>&, cff2_extents_param_t&)
022bc9d8 00000138 W CFF::path_procs_t<cff2_path_procs_extents_t, CFF::cff2_cs_interp_env_t<CFF::number_t>, cff2_extents_param_t>::flex(CFF::cff2_cs_interp_env_t<CFF::number_t>&, cff2_extents_param_t&)
022bcb10 00000134 W CFF::path_procs_t<cff2_path_procs_extents_t, CFF::cff2_cs_interp_env_t<CFF::number_t>, cff2_extents_param_t>::hflex1(CFF::cff2_cs_interp_env_t<CFF::number_t>&, cff2_extents_param_t&)
022bcc44 000001b0 W CFF::path_procs_t<cff2_path_procs_extents_t, CFF::cff2_cs_interp_env_t<CFF::number_t>, cff2_extents_param_t>::flex1(CFF::cff2_cs_interp_env_t<CFF::number_t>&, cff2_extents_param_t&)
022bcdf4 000008f4 W CFF::cs_opset_t<CFF::number_t, cff2_cs_opset_extents_t, CFF::cff2_cs_interp_env_t<CFF::number_t>, cff2_extents_param_t, cff2_path_procs_extents_t>::process_op(unsigned int, CFF::cff2_cs_interp_env_t<CFF::number_t>&, cff2_extents_param_t&)
022bd6e8 00000248 W CFF::cff2_cs_interp_env_t<CFF::number_t>::process_blend()
022bd930 0000090c T OT::cff2::accelerator_t::get_extents(hb_font_t*, unsigned int, hb_glyph_extents_t*) const
022be23c 0000022c W CFF::path_procs_t<cff2_path_procs_path_t, CFF::cff2_cs_interp_env_t<CFF::number_t>, cff2_path_param_t>::hlineto(CFF::cff2_cs_interp_env_t<CFF::number_t>&, cff2_path_param_t&)
022be468 0000022c W CFF::path_procs_t<cff2_path_procs_path_t, CFF::cff2_cs_interp_env_t<CFF::number_t>, cff2_path_param_t>::vlineto(CFF::cff2_cs_interp_env_t<CFF::number_t>&, cff2_path_param_t&)
022be694 00000294 W CFF::path_procs_t<cff2_path_procs_path_t, CFF::cff2_cs_interp_env_t<CFF::number_t>, cff2_path_param_t>::rrcurveto(CFF::cff2_cs_interp_env_t<CFF::number_t>&, cff2_path_param_t&)
022be928 00000388 W CFF::path_procs_t<cff2_path_procs_path_t, CFF::cff2_cs_interp_env_t<CFF::number_t>, cff2_path_param_t>::rcurveline(CFF::cff2_cs_interp_env_t<CFF::number_t>&, cff2_path_param_t&)
022becb0 000003f0 W CFF::path_procs_t<cff2_path_procs_path_t, CFF::cff2_cs_interp_env_t<CFF::number_t>, cff2_path_param_t>::rlinecurve(CFF::cff2_cs_interp_env_t<CFF::number_t>&, cff2_path_param_t&)
022bf0a0 00000280 W CFF::path_procs_t<cff2_path_procs_path_t, CFF::cff2_cs_interp_env_t<CFF::number_t>, cff2_path_param_t>::vvcurveto(CFF::cff2_cs_interp_env_t<CFF::number_t>&, cff2_path_param_t&)
022bf320 00000280 W CFF::path_procs_t<cff2_path_procs_path_t, CFF::cff2_cs_interp_env_t<CFF::number_t>, cff2_path_param_t>::hhcurveto(CFF::cff2_cs_interp_env_t<CFF::number_t>&, cff2_path_param_t&)
022bf5a0 0000098c W CFF::path_procs_t<cff2_path_procs_path_t, CFF::cff2_cs_interp_env_t<CFF::number_t>, cff2_path_param_t>::vhcurveto(CFF::cff2_cs_interp_env_t<CFF::number_t>&, cff2_path_param_t&)
022bff2c 0000098c W CFF::path_procs_t<cff2_path_procs_path_t, CFF::cff2_cs_interp_env_t<CFF::number_t>, cff2_path_param_t>::hvcurveto(CFF::cff2_cs_interp_env_t<CFF::number_t>&, cff2_path_param_t&)
022c08b8 0000017c W CFF::path_procs_t<cff2_path_procs_path_t, CFF::cff2_cs_interp_env_t<CFF::number_t>, cff2_path_param_t>::hflex(CFF::cff2_cs_interp_env_t<CFF::number_t>&, cff2_path_param_t&)
022c0a34 00000180 W CFF::path_procs_t<cff2_path_procs_path_t, CFF::cff2_cs_interp_env_t<CFF::number_t>, cff2_path_param_t>::flex(CFF::cff2_cs_interp_env_t<CFF::number_t>&, cff2_path_param_t&)
022c0bb4 0000017c W CFF::path_procs_t<cff2_path_procs_path_t, CFF::cff2_cs_interp_env_t<CFF::number_t>, cff2_path_param_t>::hflex1(CFF::cff2_cs_interp_env_t<CFF::number_t>&, cff2_path_param_t&)
022c0d30 000001f0 W CFF::path_procs_t<cff2_path_procs_path_t, CFF::cff2_cs_interp_env_t<CFF::number_t>, cff2_path_param_t>::flex1(CFF::cff2_cs_interp_env_t<CFF::number_t>&, cff2_path_param_t&)
022c0f20 000008e8 W CFF::cs_opset_t<CFF::number_t, cff2_cs_opset_path_t, CFF::cff2_cs_interp_env_t<CFF::number_t>, cff2_path_param_t, cff2_path_procs_path_t>::process_op(unsigned int, CFF::cff2_cs_interp_env_t<CFF::number_t>&, cff2_path_param_t&)
022c1808 0000056c T OT::cff2::accelerator_t::get_path(hb_font_t*, unsigned int, hb_draw_session_t&) const
022c1d74 0000011c W OT::CPALV1Tail::sanitize(hb_sanitize_context_t*, void const*, unsigned int, unsigned int) const
022c1e90 000000f8 W OT::CPAL::get_palette_colors(unsigned int, unsigned int, unsigned int*, unsigned int*) const
022c1f88 000000cc W OT::CPAL::sanitize(hb_sanitize_context_t*) const
022c2054 00000168 W hb_table_lazy_loader_t<OT::CPAL, 36u, true>::create(hb_face_t*)
022c21bc 00000170 T hb_ot_color_palette_get_colors
022c232c 00000008 T hb_ot_face_t::init0(hb_face_t*)
022c2334 00000e2c T hb_ot_face_t::fini()
022c3160 00000004 t hb_paint_push_transform_nil(hb_paint_funcs_t*, void*, float, float, float, float, float, float, void*)
022c3164 00000004 t hb_paint_pop_transform_nil(hb_paint_funcs_t*, void*, void*)
022c3168 00000008 t hb_paint_color_glyph_nil(hb_paint_funcs_t*, void*, unsigned int, hb_font_t*, void*)
022c3170 00000004 t hb_paint_push_clip_glyph_nil(hb_paint_funcs_t*, void*, unsigned int, hb_font_t*, void*)
022c3174 00000004 t hb_paint_push_clip_rectangle_nil(hb_paint_funcs_t*, void*, float, float, float, float, void*)
022c3178 00000004 t hb_paint_color_nil(hb_paint_funcs_t*, void*, int, unsigned int, void*)
022c317c 00000008 t hb_paint_image_nil(hb_paint_funcs_t*, void*, hb_blob_t*, unsigned int, unsigned int, unsigned int, float, hb_glyph_extents_t*, void*)
022c3184 00000004 t hb_paint_linear_gradient_nil(hb_paint_funcs_t*, void*, hb_color_line_t*, float, float, float, float, float, float, void*)
022c3188 00000004 t hb_paint_sweep_gradient_nil(hb_paint_funcs_t*, void*, hb_color_line_t*, float, float, float, float, void*)
022c318c 00000004 t hb_paint_pop_group_nil(hb_paint_funcs_t*, void*, hb_paint_composite_mode_t, void*)
022c3190 000000d8 t _hb_paint_funcs_set_middle(hb_paint_funcs_t*, void*, void (*)(void*))
022c3268 00000004 t hb_paint_radial_gradient_nil(hb_paint_funcs_t*, void*, hb_color_line_t*, float, float, float, float, float, float, void*)
022c326c 00000008 t hb_paint_custom_palette_color_nil(hb_paint_funcs_t*, void*, unsigned int, unsigned int*, void*)
022c3274 00000004 t hb_paint_pop_clip_nil(hb_paint_funcs_t*, void*, void*)
022c3278 00000004 t hb_paint_push_group_nil(hb_paint_funcs_t*, void*, void*)
022c327c 00000158 T hb_paint_funcs_set_push_transform_func
022c33d4 00000158 T hb_paint_funcs_set_pop_transform_func
022c352c 00000158 T hb_paint_funcs_set_push_clip_glyph_func
022c3684 00000158 T hb_paint_funcs_set_push_clip_rectangle_func
022c37dc 00000158 T hb_paint_funcs_set_pop_clip_func
022c3934 00000158 T hb_paint_funcs_set_color_func
022c3a8c 00000158 T hb_paint_funcs_set_image_func
022c3be4 00000158 T hb_paint_funcs_set_linear_gradient_func
022c3d3c 00000158 T hb_paint_funcs_set_radial_gradient_func
022c3e94 00000158 T hb_paint_funcs_set_sweep_gradient_func
022c3fec 00000158 T hb_paint_funcs_set_push_group_func
022c4144 00000158 T hb_paint_funcs_set_pop_group_func
022c429c 00000080 T hb_paint_funcs_create
022c431c 0000000c T hb_paint_funcs_get_empty
022c4328 00000370 T hb_paint_funcs_destroy
022c4698 00000018 T hb_paint_funcs_make_immutable
022c46b0 00000008 t OT::match_always(hb_glyph_info_t&, unsigned int, void const*)
022c46b8 00000014 t OT::match_glyph(hb_glyph_info_t&, unsigned int, void const*)
022c46cc 00000008 W bool OT::hb_accelerate_subtables_context_t::cache_func_to<OT::Layout::GPOS_impl::SinglePosFormat1>(void const*, OT::hb_ot_apply_context_t*, bool)
022c46d4 00000008 W bool OT::hb_accelerate_subtables_context_t::cache_func_to<OT::Layout::GPOS_impl::SinglePosFormat2>(void const*, OT::hb_ot_apply_context_t*, bool)
022c46dc 00000008 W bool OT::hb_accelerate_subtables_context_t::cache_func_to<OT::Layout::GPOS_impl::PairPosFormat1_3<OT::Layout::SmallTypes> >(void const*, OT::hb_ot_apply_context_t*, bool)
022c46e4 00000008 W bool OT::hb_accelerate_subtables_context_t::cache_func_to<OT::Layout::GPOS_impl::PairPosFormat2_4<OT::Layout::SmallTypes> >(void const*, OT::hb_ot_apply_context_t*, bool)
022c46ec 00000008 W bool OT::hb_accelerate_subtables_context_t::cache_func_to<OT::Layout::GPOS_impl::CursivePosFormat1>(void const*, OT::hb_ot_apply_context_t*, bool)
022c46f4 00000008 W bool OT::hb_accelerate_subtables_context_t::cache_func_to<OT::Layout::GPOS_impl::MarkBasePosFormat1_2<OT::Layout::SmallTypes> >(void const*, OT::hb_ot_apply_context_t*, bool)
022c46fc 00000008 W bool OT::hb_accelerate_subtables_context_t::cache_func_to<OT::Layout::GPOS_impl::MarkLigPosFormat1_2<OT::Layout::SmallTypes> >(void const*, OT::hb_ot_apply_context_t*, bool)
022c4704 00000008 W bool OT::hb_accelerate_subtables_context_t::cache_func_to<OT::Layout::GPOS_impl::MarkMarkPosFormat1_2<OT::Layout::SmallTypes> >(void const*, OT::hb_ot_apply_context_t*, bool)
022c470c 00000008 W bool OT::hb_accelerate_subtables_context_t::cache_func_to<OT::ContextFormat1_4<OT::Layout::SmallTypes> >(void const*, OT::hb_ot_apply_context_t*, bool)
022c4714 00000008 W bool OT::hb_accelerate_subtables_context_t::cache_func_to<OT::ContextFormat3>(void const*, OT::hb_ot_apply_context_t*, bool)
022c471c 00000008 W bool OT::hb_accelerate_subtables_context_t::cache_func_to<OT::ChainContextFormat1_4<OT::Layout::SmallTypes> >(void const*, OT::hb_ot_apply_context_t*, bool)
022c4724 00000008 W bool OT::hb_accelerate_subtables_context_t::cache_func_to<OT::ChainContextFormat3>(void const*, OT::hb_ot_apply_context_t*, bool)
022c472c 00000008 W bool OT::hb_accelerate_subtables_context_t::cache_func_to<OT::Layout::GSUB_impl::SingleSubstFormat1_3<OT::Layout::SmallTypes> >(void const*, OT::hb_ot_apply_context_t*, bool)
022c4734 00000008 W bool OT::hb_accelerate_subtables_context_t::cache_func_to<OT::Layout::GSUB_impl::SingleSubstFormat2_4<OT::Layout::SmallTypes> >(void const*, OT::hb_ot_apply_context_t*, bool)
022c473c 00000008 W bool OT::hb_accelerate_subtables_context_t::cache_func_to<OT::Layout::GSUB_impl::MultipleSubstFormat1_2<OT::Layout::SmallTypes> >(void const*, OT::hb_ot_apply_context_t*, bool)
022c4744 00000008 W bool OT::hb_accelerate_subtables_context_t::cache_func_to<OT::Layout::GSUB_impl::AlternateSubstFormat1_2<OT::Layout::SmallTypes> >(void const*, OT::hb_ot_apply_context_t*, bool)
022c474c 00000008 W bool OT::hb_accelerate_subtables_context_t::cache_func_to<OT::Layout::GSUB_impl::LigatureSubstFormat1_2<OT::Layout::SmallTypes> >(void const*, OT::hb_ot_apply_context_t*, bool)
022c4754 00000008 W bool OT::hb_accelerate_subtables_context_t::cache_func_to<OT::Layout::GSUB_impl::ReverseChainSingleSubstFormat1>(void const*, OT::hb_ot_apply_context_t*, bool)
022c475c 000000d0 t OT::Layout::GPOS_impl::reverse_cursive_minor_offset(hb_glyph_position_t*, unsigned int, hb_direction_t, unsigned int)
022c482c 0000027c t OT::Layout::propagate_attachment_offsets(hb_glyph_position_t*, unsigned int, unsigned int, hb_direction_t, unsigned int)
022c4aa8 0000002c t hb_sanitize_context_t::reset_object() [clone .part.0]
022c4ad4 0000002c t hb_buffer_t::deallocate_var(unsigned int, unsigned int) [clone .part.0]
022c4b00 0000002c t hb_buffer_t::assert_var(unsigned int, unsigned int) [clone .part.0]
022c4b2c 0000002c t bool hb_buffer_t::replace_glyphs<unsigned int>(unsigned int, unsigned int, unsigned int const*) [clone .part.0]
022c4b58 000000c8 W bool OT::hb_accelerate_subtables_context_t::cache_func_to<OT::ChainContextFormat2_5<OT::Layout::SmallTypes> >(void const*, OT::hb_ot_apply_context_t*, bool)
022c4c20 00000340 t bool OT::Layout::Common::Coverage::collect_coverage<hb_set_digest_combiner_t<hb_set_digest_bits_pattern_t<unsigned long, 4u>, hb_set_digest_combiner_t<hb_set_digest_bits_pattern_t<unsigned long, 0u>, hb_set_digest_bits_pattern_t<unsigned long, 9u> > > >(hb_set_digest_combiner_t<hb_set_digest_bits_pattern_t<unsigned long, 4u>, hb_set_digest_combiner_t<hb_set_digest_bits_pattern_t<unsigned long, 0u>, hb_set_digest_bits_pattern_t<unsigned long, 9u> > >*) const [clone .isra.0]
022c4f60 00000234 t OT::hb_accelerate_subtables_context_t::return_t OT::Context::dispatch<OT::hb_accelerate_subtables_context_t>(OT::hb_accelerate_subtables_context_t*) const [clone .isra.0]
022c5194 00000194 t decltype (((*this)._dispatch)({parm#1}, (hb_priority<16u>)(), (forward<unsigned int>)({parm#2}))) hb_sanitize_context_t::dispatch<OT::FeatureParams, unsigned int>(OT::FeatureParams const&, unsigned int&&) [clone .isra.0]
022c5328 000000c8 W bool OT::hb_accelerate_subtables_context_t::cache_func_to<OT::ContextFormat2_5<OT::Layout::SmallTypes> >(void const*, OT::hb_ot_apply_context_t*, bool)
022c53f0 00000264 t OT::hb_accelerate_subtables_context_t::return_t OT::ChainContext::dispatch<OT::hb_accelerate_subtables_context_t>(OT::hb_accelerate_subtables_context_t*) const [clone .isra.0]
022c5654 00000280 t OT::hb_accelerate_subtables_context_t::return_t OT::Layout::GPOS_impl::PosLookupSubTable::dispatch<OT::hb_accelerate_subtables_context_t>(OT::hb_accelerate_subtables_context_t*, unsigned int) const [clone .isra.0]
022c58d4 0000020c t OT::hb_accelerate_subtables_context_t::return_t OT::Layout::GSUB_impl::SubstLookupSubTable::dispatch<OT::hb_accelerate_subtables_context_t>(OT::hb_accelerate_subtables_context_t*, unsigned int) const [clone .isra.0]
022c5ae0 000000f4 t decltype (({parm#1}.sanitize)(this)) hb_sanitize_context_t::_dispatch<OT::Layout::Common::Coverage>(OT::Layout::Common::Coverage const&, hb_priority<1u>) [clone .isra.0]
022c5bd4 000000e8 t OT::match_class(hb_glyph_info_t&, unsigned int, void const*)
022c5cbc 00000104 t OT::match_class_cached(hb_glyph_info_t&, unsigned int, void const*)
022c5dc0 00000114 t OT::match_class_cached1(hb_glyph_info_t&, unsigned int, void const*)
022c5ed4 00000114 t OT::match_class_cached2(hb_glyph_info_t&, unsigned int, void const*)
022c5fe8 000004a0 t OT::apply_lookup(OT::hb_ot_apply_context_t*, unsigned int, unsigned int*, unsigned int, OT::LookupRecord const*, unsigned int)
022c6488 000000e4 W OT::Layout::Common::Coverage::get_coverage(unsigned int) const
022c656c 00000190 t OT::hb_ot_apply_context_t::match_properties_mark(unsigned int, unsigned int, unsigned int) const [clone .isra.0]
022c66fc 000003d0 t apply_forward(OT::hb_ot_apply_context_t*, OT::hb_ot_layout_lookup_accelerator_t const&, unsigned int) [clone .isra.0]
022c6acc 000003f0 t bool apply_string<GSUBProxy>(OT::hb_ot_apply_context_t*, GSUBProxy::Lookup const&, OT::hb_ot_layout_lookup_accelerator_t const&) [clone .isra.0]
022c6ebc 000005cc t OT::Rule<OT::Layout::SmallTypes>::apply(OT::hb_ot_apply_context_t*, OT::ContextApplyLookupContext const&) const [clone .isra.0]
022c7488 00000074 t OT::match_coverage(hb_glyph_info_t&, unsigned int, void const*)
022c74fc 0000008c W OT::IndexArray::get_indexes(unsigned int, unsigned int*, unsigned int*) const
022c7588 00000254 W OT::Feature::sanitize(hb_sanitize_context_t*, OT::Record_sanitize_closure_t const*) const
022c77dc 000000bc W OT::ClassDef::get_class(unsigned int) const
022c7898 00000138 W OT::ConditionSet::sanitize(hb_sanitize_context_t*) const
022c79d0 000001d4 W OT::FeatureTableSubstitution::sanitize(hb_sanitize_context_t*) const
022c7ba4 00000188 W OT::FeatureVariationRecord::sanitize(hb_sanitize_context_t*, void const*) const
022c7d2c 000001d8 W OT::Device::get_x_delta(hb_font_t*, OT::VariationStore const&, float*) const
022c7f04 000001d8 W OT::Device::get_y_delta(hb_font_t*, OT::VariationStore const&, float*) const
022c80dc 0000046c t OT::Layout::GPOS_impl::AnchorFormat3::get_anchor(OT::hb_ot_apply_context_t*, unsigned int, float*, float*) const [clone .isra.0]
022c8548 000000f0 W OT::Device::sanitize(hb_sanitize_context_t*) const
022c8638 00000280 W OT::hb_ot_apply_context_t::_set_glyph_class(unsigned int, unsigned int, bool, bool)
022c88b8 000001e4 W bool OT::hb_accelerate_subtables_context_t::apply_to<OT::Layout::GSUB_impl::SingleSubstFormat1_3<OT::Layout::SmallTypes> >(void const*, OT::hb_ot_apply_context_t*)
022c8a9c 000001e4 W bool OT::hb_accelerate_subtables_context_t::apply_cached_to<OT::Layout::GSUB_impl::SingleSubstFormat1_3<OT::Layout::SmallTypes> >(void const*, OT::hb_ot_apply_context_t*)
022c8c80 0000021c W bool OT::hb_accelerate_subtables_context_t::apply_cached_to<OT::Layout::GSUB_impl::SingleSubstFormat2_4<OT::Layout::SmallTypes> >(void const*, OT::hb_ot_apply_context_t*)
022c8e9c 0000021c W bool OT::hb_accelerate_subtables_context_t::apply_to<OT::Layout::GSUB_impl::SingleSubstFormat2_4<OT::Layout::SmallTypes> >(void const*, OT::hb_ot_apply_context_t*)
022c90b8 000000f8 W OT::hb_ot_apply_context_t::replace_glyph(unsigned int)
022c91b0 00000590 W OT::ContextFormat3::apply(OT::hb_ot_apply_context_t*) const
022c9740 00000004 W bool OT::hb_accelerate_subtables_context_t::apply_to<OT::ContextFormat3>(void const*, OT::hb_ot_apply_context_t*)
022c9744 00000004 W bool OT::hb_accelerate_subtables_context_t::apply_cached_to<OT::ContextFormat3>(void const*, OT::hb_ot_apply_context_t*)
022c9748 000001f8 W OT::ContextFormat3::sanitize(hb_sanitize_context_t*) const
022c9940 00000ae0 W OT::ChainContextFormat3::apply(OT::hb_ot_apply_context_t*) const
022ca420 00000004 W bool OT::hb_accelerate_subtables_context_t::apply_to<OT::ChainContextFormat3>(void const*, OT::hb_ot_apply_context_t*)
022ca424 00000004 W bool OT::hb_accelerate_subtables_context_t::apply_cached_to<OT::ChainContextFormat3>(void const*, OT::hb_ot_apply_context_t*)
022ca428 0000045c W OT::ChainContextFormat3::sanitize(hb_sanitize_context_t*) const
022ca884 00000360 W OT::Layout::GPOS_impl::ValueFormat::sanitize_value_devices(hb_sanitize_context_t*, void const*, OT::IntType<unsigned short, 2u> const*) const
022cabe4 0000015c W OT::Layout::GPOS_impl::ValueFormat::get_device(OT::IntType<unsigned short, 2u> const*, bool*, void const*, hb_sanitize_context_t&)
022cad40 00000504 W OT::Layout::GPOS_impl::ValueFormat::apply_value(OT::hb_ot_apply_context_t*, void const*, OT::IntType<unsigned short, 2u> const*, hb_glyph_position_t&) const
022cb244 00000160 W bool OT::hb_accelerate_subtables_context_t::apply_cached_to<OT::Layout::GPOS_impl::SinglePosFormat1>(void const*, OT::hb_ot_apply_context_t*)
022cb3a4 0000016c W bool OT::hb_accelerate_subtables_context_t::apply_cached_to<OT::Layout::GPOS_impl::SinglePosFormat2>(void const*, OT::hb_ot_apply_context_t*)
022cb510 00000160 W bool OT::hb_accelerate_subtables_context_t::apply_to<OT::Layout::GPOS_impl::SinglePosFormat1>(void const*, OT::hb_ot_apply_context_t*)
022cb670 0000016c W bool OT::hb_accelerate_subtables_context_t::apply_to<OT::Layout::GPOS_impl::SinglePosFormat2>(void const*, OT::hb_ot_apply_context_t*)
022cb7dc 000002d4 W OT::Layout::GPOS_impl::SinglePosFormat1::sanitize(hb_sanitize_context_t*) const
022cbab0 0000020c W OT::Layout::GPOS_impl::AnchorFormat3::sanitize(hb_sanitize_context_t*) const
022cbcbc 0000007c W OT::Layout::GPOS_impl::Anchor::sanitize(hb_sanitize_context_t*) const
022cbd38 00000270 W OT::Layout::GPOS_impl::Anchor::get_anchor(OT::hb_ot_apply_context_t*, unsigned int, float*, float*) const
022cbfa8 00000380 W OT::Layout::GPOS_impl::CursivePosFormat1::sanitize(hb_sanitize_context_t*) const
022cc328 00000968 W OT::Layout::GPOS_impl::CursivePosFormat1::apply(OT::hb_ot_apply_context_t*) const
022ccc90 00000004 W bool OT::hb_accelerate_subtables_context_t::apply_to<OT::Layout::GPOS_impl::CursivePosFormat1>(void const*, OT::hb_ot_apply_context_t*)
022ccc94 00000004 W bool OT::hb_accelerate_subtables_context_t::apply_cached_to<OT::Layout::GPOS_impl::CursivePosFormat1>(void const*, OT::hb_ot_apply_context_t*)
022ccc98 000001a0 W OT::Layout::GPOS_impl::AnchorMatrix::sanitize(hb_sanitize_context_t*, unsigned int) const
022cce38 000001dc W OT::Layout::GPOS_impl::MarkArray::sanitize(hb_sanitize_context_t*) const
022cd014 0000070c W OT::Layout::GPOS_impl::MarkArray::apply(OT::hb_ot_apply_context_t*, unsigned int, unsigned int, OT::Layout::GPOS_impl::AnchorMatrix const&, unsigned int, unsigned int) const
022cd720 000003e0 W OT::Layout::GSUB_impl::ReverseChainSingleSubstFormat1::sanitize(hb_sanitize_context_t*) const
022cdb00 00000704 W OT::Layout::GSUB_impl::ReverseChainSingleSubstFormat1::apply(OT::hb_ot_apply_context_t*) const
022ce204 00000004 W bool OT::hb_accelerate_subtables_context_t::apply_to<OT::Layout::GSUB_impl::ReverseChainSingleSubstFormat1>(void const*, OT::hb_ot_apply_context_t*)
022ce208 00000004 W bool OT::hb_accelerate_subtables_context_t::apply_cached_to<OT::Layout::GSUB_impl::ReverseChainSingleSubstFormat1>(void const*, OT::hb_ot_apply_context_t*)
022ce20c 0000008c T hb_ot_layout_position_start(hb_font_t*, hb_buffer_t*)
022ce298 00000004 T hb_ot_layout_position_finish_advances(hb_font_t*, hb_buffer_t*)
022ce29c 00000178 T hb_ot_layout_position_finish_offsets(hb_font_t*, hb_buffer_t*)
022ce414 00000004 T hb_ot_layout_substitute_lookup(OT::hb_ot_apply_context_t*, OT::Layout::GSUB_impl::SubstLookup const&, OT::hb_ot_layout_lookup_accelerator_t const&)
022ce418 00000330 W OT::GSUBGPOS::accelerator_t<OT::Layout::GPOS>::get_accel(unsigned int) const
022ce748 000003e0 W OT::hb_ot_apply_context_t::return_t OT::Layout::GPOS_impl::PosLookup::dispatch_recurse_func<OT::hb_ot_apply_context_t>(OT::hb_ot_apply_context_t*, unsigned int)
022ceb28 00000330 W OT::GSUBGPOS::accelerator_t<OT::Layout::GSUB>::get_accel(unsigned int) const
022cee58 000003e0 W OT::hb_ot_apply_context_t::return_t OT::Layout::GSUB_impl::SubstLookup::dispatch_recurse_func<OT::hb_ot_apply_context_t>(OT::hb_ot_apply_context_t*, unsigned int)
022cf238 00000078 W OT::ArrayOf<OT::IntType<unsigned short, 2u>, OT::IntType<unsigned short, 2u> >::sanitize_shallow(hb_sanitize_context_t*) const
022cf2b0 00000600 W OT::Layout::GPOS_impl::PairPosFormat2_4<OT::Layout::SmallTypes>::apply(OT::hb_ot_apply_context_t*) const
022cf8b0 00000004 W bool OT::hb_accelerate_subtables_context_t::apply_to<OT::Layout::GPOS_impl::PairPosFormat2_4<OT::Layout::SmallTypes> >(void const*, OT::hb_ot_apply_context_t*)
022cf8b4 00000004 W bool OT::hb_accelerate_subtables_context_t::apply_cached_to<OT::Layout::GPOS_impl::PairPosFormat2_4<OT::Layout::SmallTypes> >(void const*, OT::hb_ot_apply_context_t*)
022cf8b8 00000428 W OT::Layout::GPOS_impl::MarkBasePosFormat1_2<OT::Layout::SmallTypes>::apply(OT::hb_ot_apply_context_t*) const
022cfce0 00000004 W bool OT::hb_accelerate_subtables_context_t::apply_cached_to<OT::Layout::GPOS_impl::MarkBasePosFormat1_2<OT::Layout::SmallTypes> >(void const*, OT::hb_ot_apply_context_t*)
022cfce4 00000004 W bool OT::hb_accelerate_subtables_context_t::apply_to<OT::Layout::GPOS_impl::MarkBasePosFormat1_2<OT::Layout::SmallTypes> >(void const*, OT::hb_ot_apply_context_t*)
022cfce8 00000418 W OT::Layout::GPOS_impl::MarkLigPosFormat1_2<OT::Layout::SmallTypes>::apply(OT::hb_ot_apply_context_t*) const
022d0100 00000004 W bool OT::hb_accelerate_subtables_context_t::apply_cached_to<OT::Layout::GPOS_impl::MarkLigPosFormat1_2<OT::Layout::SmallTypes> >(void const*, OT::hb_ot_apply_context_t*)
022d0104 00000004 W bool OT::hb_accelerate_subtables_context_t::apply_to<OT::Layout::GPOS_impl::MarkLigPosFormat1_2<OT::Layout::SmallTypes> >(void const*, OT::hb_ot_apply_context_t*)
022d0108 00000424 W OT::Layout::GPOS_impl::MarkMarkPosFormat1_2<OT::Layout::SmallTypes>::apply(OT::hb_ot_apply_context_t*) const
022d052c 00000004 W bool OT::hb_accelerate_subtables_context_t::apply_cached_to<OT::Layout::GPOS_impl::MarkMarkPosFormat1_2<OT::Layout::SmallTypes> >(void const*, OT::hb_ot_apply_context_t*)
022d0530 00000004 W bool OT::hb_accelerate_subtables_context_t::apply_to<OT::Layout::GPOS_impl::MarkMarkPosFormat1_2<OT::Layout::SmallTypes> >(void const*, OT::hb_ot_apply_context_t*)
022d0534 0000045c W OT::RecordListOf<OT::Script>::sanitize(hb_sanitize_context_t*) const
022d0990 000001a8 W OT::RecordListOf<OT::Feature>::sanitize(hb_sanitize_context_t*) const
022d0b38 0000037c W OT::Layout::GPOS_impl::PairSet<OT::Layout::SmallTypes>::apply(OT::hb_ot_apply_context_t*, OT::Layout::GPOS_impl::ValueFormat const*, unsigned int) const
022d0eb4 00000334 W OT::Layout::GPOS_impl::PairPosFormat1_3<OT::Layout::SmallTypes>::apply(OT::hb_ot_apply_context_t*) const
022d11e8 00000004 W bool OT::hb_accelerate_subtables_context_t::apply_to<OT::Layout::GPOS_impl::PairPosFormat1_3<OT::Layout::SmallTypes> >(void const*, OT::hb_ot_apply_context_t*)
022d11ec 00000004 W bool OT::hb_accelerate_subtables_context_t::apply_cached_to<OT::Layout::GPOS_impl::PairPosFormat1_3<OT::Layout::SmallTypes> >(void const*, OT::hb_ot_apply_context_t*)
022d11f0 00000930 W OT::RuleSet<OT::Layout::SmallTypes>::apply(OT::hb_ot_apply_context_t*, OT::ContextApplyLookupContext const&) const
022d1b20 00000118 W bool OT::hb_accelerate_subtables_context_t::apply_cached_to<OT::ContextFormat1_4<OT::Layout::SmallTypes> >(void const*, OT::hb_ot_apply_context_t*)
022d1c38 0000016c W bool OT::hb_accelerate_subtables_context_t::apply_cached_to<OT::ContextFormat2_5<OT::Layout::SmallTypes> >(void const*, OT::hb_ot_apply_context_t*)
022d1da4 00000118 W bool OT::hb_accelerate_subtables_context_t::apply_to<OT::ContextFormat1_4<OT::Layout::SmallTypes> >(void const*, OT::hb_ot_apply_context_t*)
022d1ebc 00000148 W bool OT::hb_accelerate_subtables_context_t::apply_to<OT::ContextFormat2_5<OT::Layout::SmallTypes> >(void const*, OT::hb_ot_apply_context_t*)
022d2004 00000868 W void AAT::StateTableDriver<AAT::ObsoleteTypes, void>::drive<AAT::KerxSubTableFormat1<OT::KernAATSubTableHeader>::driver_context_t>(AAT::KerxSubTableFormat1<OT::KernAATSubTableHeader>::driver_context_t*, AAT::hb_aat_apply_context_t*)
022d286c 000004a4 W OT::Layout::GSUB_impl::Sequence<OT::Layout::SmallTypes>::apply(OT::hb_ot_apply_context_t*) const
022d2d10 000000ec W bool OT::hb_accelerate_subtables_context_t::apply_cached_to<OT::Layout::GSUB_impl::MultipleSubstFormat1_2<OT::Layout::SmallTypes> >(void const*, OT::hb_ot_apply_context_t*)
022d2dfc 000000ec W bool OT::hb_accelerate_subtables_context_t::apply_to<OT::Layout::GSUB_impl::MultipleSubstFormat1_2<OT::Layout::SmallTypes> >(void const*, OT::hb_ot_apply_context_t*)
022d2ee8 000002f0 W OT::Layout::GSUB_impl::AlternateSet<OT::Layout::SmallTypes>::apply(OT::hb_ot_apply_context_t*) const
022d31d8 000000ec W bool OT::hb_accelerate_subtables_context_t::apply_cached_to<OT::Layout::GSUB_impl::AlternateSubstFormat1_2<OT::Layout::SmallTypes> >(void const*, OT::hb_ot_apply_context_t*)
022d32c4 000000ec W bool OT::hb_accelerate_subtables_context_t::apply_to<OT::Layout::GSUB_impl::AlternateSubstFormat1_2<OT::Layout::SmallTypes> >(void const*, OT::hb_ot_apply_context_t*)
022d33b0 000000cc W OT::Layout::GSUB_impl::LigatureSet<OT::Layout::SmallTypes>::would_apply(OT::hb_would_apply_context_t*) const
022d347c 00000158 W OT::RuleSet<OT::Layout::SmallTypes>::would_apply(OT::hb_would_apply_context_t*, OT::ContextApplyLookupContext const&) const
022d35d4 00000260 W OT::hb_would_apply_context_t::return_t OT::Context::dispatch<OT::hb_would_apply_context_t>(OT::hb_would_apply_context_t*) const
022d3834 00000194 W OT::ChainRuleSet<OT::Layout::SmallTypes>::would_apply(OT::hb_would_apply_context_t*, OT::ChainContextApplyLookupContext const&) const
022d39c8 00000300 W OT::hb_would_apply_context_t::return_t OT::ChainContext::dispatch<OT::hb_would_apply_context_t>(OT::hb_would_apply_context_t*) const
022d3cc8 0000020c W OT::hb_would_apply_context_t::return_t OT::Layout::GSUB_impl::SubstLookupSubTable::dispatch<OT::hb_would_apply_context_t>(OT::hb_would_apply_context_t*, unsigned int) const
022d3ed4 00000b44 W OT::ChainRule<OT::Layout::SmallTypes>::apply(OT::hb_ot_apply_context_t*, OT::ChainContextApplyLookupContext const&) const
022d4a18 00000a40 W OT::ChainRuleSet<OT::Layout::SmallTypes>::apply(OT::hb_ot_apply_context_t*, OT::ChainContextApplyLookupContext const&) const
022d5458 0000013c W bool OT::hb_accelerate_subtables_context_t::apply_to<OT::ChainContextFormat1_4<OT::Layout::SmallTypes> >(void const*, OT::hb_ot_apply_context_t*)
022d5594 000001e0 W bool OT::hb_accelerate_subtables_context_t::apply_cached_to<OT::ChainContextFormat2_5<OT::Layout::SmallTypes> >(void const*, OT::hb_ot_apply_context_t*)
022d5774 0000013c W bool OT::hb_accelerate_subtables_context_t::apply_cached_to<OT::ChainContextFormat1_4<OT::Layout::SmallTypes> >(void const*, OT::hb_ot_apply_context_t*)
022d58b0 00000190 W bool OT::hb_accelerate_subtables_context_t::apply_to<OT::ChainContextFormat2_5<OT::Layout::SmallTypes> >(void const*, OT::hb_ot_apply_context_t*)
022d5a40 00000ba4 W OT::Layout::GSUB_impl::Ligature<OT::Layout::SmallTypes>::apply(OT::hb_ot_apply_context_t*) const
022d65e4 000004e4 W OT::Layout::GSUB_impl::LigatureSet<OT::Layout::SmallTypes>::apply(OT::hb_ot_apply_context_t*) const
022d6ac8 000000ec W bool OT::hb_accelerate_subtables_context_t::apply_to<OT::Layout::GSUB_impl::LigatureSubstFormat1_2<OT::Layout::SmallTypes> >(void const*, OT::hb_ot_apply_context_t*)
022d6bb4 000000ec W bool OT::hb_accelerate_subtables_context_t::apply_cached_to<OT::Layout::GSUB_impl::LigatureSubstFormat1_2<OT::Layout::SmallTypes> >(void const*, OT::hb_ot_apply_context_t*)
022d6ca0 00000260 W hb_sanitize_context_t::return_t OT::Layout::GPOS_impl::SinglePos::dispatch<hb_sanitize_context_t>(hb_sanitize_context_t*) const
022d6f00 00000180 W AAT::KerxSubTableFormat2<OT::KernOTSubTableHeader>::sanitize(hb_sanitize_context_t*) const
022d7080 000002bc W AAT::KerxTable<OT::KernOT>::sanitize(hb_sanitize_context_t*) const
022d733c 00000180 W AAT::KerxSubTableFormat2<OT::KernAATSubTableHeader>::sanitize(hb_sanitize_context_t*) const
022d74bc 00000340 W hb_sanitize_context_t::return_t OT::Layout::GSUB_impl::SingleSubst::dispatch<hb_sanitize_context_t>(hb_sanitize_context_t*) const
022d77fc 00000374 W AAT::KerxTable<OT::KernAAT>::sanitize(hb_sanitize_context_t*) const
022d7b70 00000180 W hb_table_lazy_loader_t<OT::kern, 23u, true>::create(hb_face_t*)
022d7cf0 00000220 T hb_ot_layout_has_cross_kerning(hb_face_t*)
022d7f10 00000118 T hb_ot_layout_has_kerning(hb_face_t*)
022d8028 00000220 T hb_ot_layout_has_machine_kerning(hb_face_t*)
022d8248 0000041c W OT::Layout::GPOS_impl::PairPosFormat1_3<OT::Layout::SmallTypes>::sanitize(hb_sanitize_context_t*) const
022d8664 000003c4 W OT::Layout::GPOS_impl::PairPosFormat2_4<OT::Layout::SmallTypes>::sanitize(hb_sanitize_context_t*) const
022d8a28 0000025c W OT::Layout::GPOS_impl::MarkBasePosFormat1_2<OT::Layout::SmallTypes>::sanitize(hb_sanitize_context_t*) const
022d8c84 000003ac W OT::Layout::GPOS_impl::MarkLigPosFormat1_2<OT::Layout::SmallTypes>::sanitize(hb_sanitize_context_t*) const
022d9030 0000025c W OT::Layout::GPOS_impl::MarkMarkPosFormat1_2<OT::Layout::SmallTypes>::sanitize(hb_sanitize_context_t*) const
022d928c 00000394 W OT::ChainContextFormat1_4<OT::Layout::SmallTypes>::sanitize(hb_sanitize_context_t*) const
022d9620 00000240 W OT::Layout::GSUB_impl::MultipleSubstFormat1_2<OT::Layout::SmallTypes>::sanitize(hb_sanitize_context_t*) const
022d9860 00000240 W OT::Layout::GSUB_impl::AlternateSubstFormat1_2<OT::Layout::SmallTypes>::sanitize(hb_sanitize_context_t*) const
022d9aa0 00000168 W OT::RuleSet<OT::Layout::SmallTypes>::sanitize(hb_sanitize_context_t*) const
022d9c08 0000025c W OT::ContextFormat1_4<OT::Layout::SmallTypes>::sanitize(hb_sanitize_context_t*) const
022d9e64 000002ac W OT::ContextFormat2_5<OT::Layout::SmallTypes>::sanitize(hb_sanitize_context_t*) const
022da110 00000174 W OT::Layout::GSUB_impl::LigatureSet<OT::Layout::SmallTypes>::sanitize(hb_sanitize_context_t*) const
022da284 0000025c W OT::Layout::GSUB_impl::LigatureSubstFormat1_2<OT::Layout::SmallTypes>::sanitize(hb_sanitize_context_t*) const
022da4e0 000000f4 W OT::ChainRule<OT::Layout::SmallTypes>::sanitize(hb_sanitize_context_t*) const
022da5d4 000004a4 W OT::ChainContextFormat2_5<OT::Layout::SmallTypes>::sanitize(hb_sanitize_context_t*) const
022daa78 0000025c W hb_sanitize_context_t::return_t OT::Layout::GPOS_impl::PosLookupSubTable::dispatch<hb_sanitize_context_t>(hb_sanitize_context_t*, unsigned int) const
022dacd4 00000320 W bool OT::Lookup::sanitize<OT::Layout::GPOS_impl::PosLookupSubTable>(hb_sanitize_context_t*) const
022daff4 000004b8 W bool OT::GSUBGPOSVersion1_2<OT::Layout::SmallTypes>::sanitize<OT::Layout::GPOS_impl::PosLookup>(hb_sanitize_context_t*) const
022db4ac 000003ec W OT::GSUBGPOS::accelerator_t<OT::Layout::GPOS>::accelerator_t(hb_face_t*)
022db4ac 000003ec W OT::GSUBGPOS::accelerator_t<OT::Layout::GPOS>::accelerator_t(hb_face_t*)
022db898 00000170 T hb_ot_layout_has_positioning
022dba08 0000021c W hb_sanitize_context_t::return_t OT::Layout::GSUB_impl::SubstLookupSubTable::dispatch<hb_sanitize_context_t>(hb_sanitize_context_t*, unsigned int) const
022dbc24 00000320 W bool OT::Lookup::sanitize<OT::Layout::GSUB_impl::SubstLookupSubTable>(hb_sanitize_context_t*) const
022dbf44 000004b8 W bool OT::GSUBGPOSVersion1_2<OT::Layout::SmallTypes>::sanitize<OT::Layout::GSUB_impl::SubstLookup>(hb_sanitize_context_t*) const
022dc3fc 000003ec W OT::GSUBGPOS::accelerator_t<OT::Layout::GSUB>::accelerator_t(hb_face_t*)
022dc3fc 000003ec W OT::GSUBGPOS::accelerator_t<OT::Layout::GSUB>::accelerator_t(hb_face_t*)
022dc7e8 00000170 T hb_ot_layout_has_substitution
022dc958 0000082c T OT::GDEF::is_blocklisted(hb_blob_t*, hb_face_t*) const
022dd184 0000013c T hb_ot_layout_has_glyph_classes
022dd2c0 0000045c T hb_ot_layout_substitute_start(hb_font_t*, hb_buffer_t*)
022dd71c 00000694 W OT::hb_kern_machine_t<AAT::KerxSubTableFormat0<OT::KernOTSubTableHeader>::accelerator_t>::kern(hb_font_t*, hb_buffer_t*, unsigned int, bool) const
022dddb0 00000694 W OT::hb_kern_machine_t<AAT::KerxSubTableFormat0<OT::KernAATSubTableHeader>::accelerator_t>::kern(hb_font_t*, hb_buffer_t*, unsigned int, bool) const
022de444 0000094c W void hb_ot_map_t::apply<GPOSProxy>(GPOSProxy const&, hb_ot_shape_plan_t const*, hb_font_t*, hb_buffer_t*) const
022ded90 000001f4 T hb_ot_map_t::position(hb_ot_shape_plan_t const*, hb_font_t*, hb_buffer_t*) const
022def84 000007e8 W void hb_ot_map_t::apply<GSUBProxy>(GSUBProxy const&, hb_ot_shape_plan_t const*, hb_font_t*, hb_buffer_t*) const
022df76c 000001f4 T hb_ot_map_t::substitute(hb_ot_shape_plan_t const*, hb_font_t*, hb_buffer_t*) const
022df960 000006d4 W OT::hb_kern_machine_t<AAT::KerxSubTableFormat2<OT::KernOTSubTableHeader>::accelerator_t>::kern(hb_font_t*, hb_buffer_t*, unsigned int, bool) const
022e0034 000006d4 W OT::hb_kern_machine_t<AAT::KerxSubTableFormat2<OT::KernAATSubTableHeader>::accelerator_t>::kern(hb_font_t*, hb_buffer_t*, unsigned int, bool) const
022e0708 000006dc W OT::hb_kern_machine_t<OT::KernSubTableFormat3<OT::KernAATSubTableHeader> >::kern(hb_font_t*, hb_buffer_t*, unsigned int, bool) const
022e0de4 00000918 T hb_ot_layout_kern(hb_ot_shape_plan_t const*, hb_font_t*, hb_buffer_t*)
022e16fc 00000510 T hb_ot_layout_lookup_would_substitute
022e1c0c 00000248 t get_gsubgpos_table(hb_face_t*, unsigned int)
022e1e54 0000041c T hb_ot_layout_table_select_script
022e2270 00000140 T hb_ot_layout_table_find_feature(hb_face_t*, unsigned int, unsigned int, unsigned int*)
022e23b0 0000025c T hb_ot_layout_script_select_language2
022e260c 00000008 T hb_ot_layout_script_select_language
022e2614 000001b8 T hb_ot_layout_language_get_required_feature
022e27cc 0000023c T hb_ot_layout_language_find_feature
022e2a08 00000064 T hb_ot_layout_table_get_lookup_count
022e2a6c 00000444 T hb_ot_layout_collect_features_map
022e2eb0 00000160 T hb_ot_layout_table_find_feature_variations
022e3010 00000214 T hb_ot_layout_feature_with_variations_get_lookups
022e3224 00000028 W hb_ot_map_t::feature_map_t::cmp(void const*, void const*)
022e324c 00000028 W hb_ot_map_t::lookup_map_t::cmp(void const*, void const*)
022e3274 00000044 W hb_ot_map_builder_t::feature_info_t::cmp(void const*, void const*)
022e32b8 00000754 t void sort_r_simple<>(void*, unsigned int, unsigned int, int (*)(void const*, void const*))
022e3a0c 00000134 T hb_ot_map_builder_t::hb_ot_map_builder_t(hb_face_t*, hb_segment_properties_t const&)
022e3a0c 00000134 T hb_ot_map_builder_t::hb_ot_map_builder_t(hb_face_t*, hb_segment_properties_t const&)
022e3b40 0000011c T hb_ot_map_builder_t::~hb_ot_map_builder_t()
022e3b40 0000011c T hb_ot_map_builder_t::~hb_ot_map_builder_t()
022e3c5c 00000204 T hb_ot_map_builder_t::add_feature(unsigned int, hb_ot_map_feature_flags_t, unsigned int)
022e3e60 00000090 T hb_ot_map_builder_t::has_feature(unsigned int)
022e3ef0 000002d0 T hb_ot_map_builder_t::add_lookups(hb_ot_map_t&, unsigned int, unsigned int, unsigned int, unsigned int, bool, bool, bool, bool, unsigned int)
022e41c0 000001f4 T hb_ot_map_builder_t::add_pause(unsigned int, bool (*)(hb_ot_shape_plan_t const*, hb_font_t*, hb_buffer_t*))
022e43b4 00000fe8 T hb_ot_map_builder_t::compile(hb_ot_map_t&, hb_ot_shape_plan_key_t const&)
022e539c 00000308 t fasthash64(void const*, unsigned int, unsigned long long)
022e56a4 000001b8 t joining_type(unsigned int)
022e585c 00000014 t OT::match_glyph(hb_glyph_info_t&, unsigned int, void const*)
022e5870 00000240 t collect_features_arabic(hb_ot_shape_planner_t*)
022e5ab0 00000088 t record_stch(hb_ot_shape_plan_t const*, hb_font_t*, hb_buffer_t*)
022e5b38 0000008c t arabic_fallback_plan_destroy(arabic_fallback_plan_t*) [clone .part.0]
022e5bc4 0000002c t hb_buffer_t::deallocate_var(unsigned int, unsigned int) [clone .part.0]
022e5bf0 00000324 t reorder_marks_arabic(hb_ot_shape_plan_t const*, hb_buffer_t*, unsigned int, unsigned int)
022e5f14 00000064 W OT::Layout::Common::RangeRecord<OT::Layout::SmallTypes>::cmp_range(void const*, void const*)
022e5f78 0000002c t OT::Lookup* hb_serialize_context_t::extend_size<OT::Lookup>(OT::Lookup*, unsigned int, bool) [clone .part.0]
022e5fa4 0000002c t OT::ArrayOf<OT::Offset<OT::IntType<unsigned short, 2u>, true>, OT::IntType<unsigned short, 2u> >* hb_serialize_context_t::extend_size<OT::ArrayOf<OT::Offset<OT::IntType<unsigned short, 2u>, true>, OT::IntType<unsigned short, 2u> > >(OT::ArrayOf<OT::Offset<OT::IntType<unsigned short, 2u>, true>, OT::IntType<unsigned short, 2u> >*, unsigned int, bool) [clone .part.0]
022e5fd0 0000002c t OT::IntType<unsigned short, 2u>* hb_serialize_context_t::extend_size<OT::IntType<unsigned short, 2u> >(OT::IntType<unsigned short, 2u>*, unsigned int, bool) [clone .part.0]
022e5ffc 0000002c t OT::ArrayOf<OT::OffsetTo<OT::Layout::GSUB_impl::LigatureSet<OT::Layout::SmallTypes>, OT::IntType<unsigned short, 2u>, true>, OT::IntType<unsigned short, 2u> >* hb_serialize_context_t::extend_size<OT::ArrayOf<OT::OffsetTo<OT::Layout::GSUB_impl::LigatureSet<OT::Layout::SmallTypes>, OT::IntType<unsigned short, 2u>, true>, OT::IntType<unsigned short, 2u> > >(OT::ArrayOf<OT::OffsetTo<OT::Layout::GSUB_impl::LigatureSet<OT::Layout::SmallTypes>, OT::IntType<unsigned short, 2u>, true>, OT::IntType<unsigned short, 2u> >*, unsigned int, bool) [clone .part.0]
022e6028 0000002c t void hb_serialize_context_t::add_link<OT::OffsetTo<OT::Layout::Common::Coverage, OT::IntType<unsigned short, 2u>, true> >(OT::OffsetTo<OT::Layout::Common::Coverage, OT::IntType<unsigned short, 2u>, true>&, unsigned int, hb_serialize_context_t::whence_t, unsigned int) [clone .part.0]
022e6054 0000002c t void hb_serialize_context_t::add_link<OT::OffsetTo<OT::Layout::GSUB_impl::SubstLookupSubTable, OT::IntType<unsigned short, 2u>, true> >(OT::OffsetTo<OT::Layout::GSUB_impl::SubstLookupSubTable, OT::IntType<unsigned short, 2u>, true>&, unsigned int, hb_serialize_context_t::whence_t, unsigned int) [clone .part.0]
022e6080 0000002c t hb_serialize_context_t::end_serialize() [clone .part.0]
022e60ac 0000002c t OT::Layout::Common::Coverage* hb_serialize_context_t::extend_size<OT::Layout::Common::Coverage>(OT::Layout::Common::Coverage*, unsigned int, bool) [clone .part.0]
022e60d8 0000002c t OT::ArrayOf<OT::HBGlyphID16, OT::IntType<unsigned short, 2u> >* hb_serialize_context_t::extend_size<OT::ArrayOf<OT::HBGlyphID16, OT::IntType<unsigned short, 2u> > >(OT::ArrayOf<OT::HBGlyphID16, OT::IntType<unsigned short, 2u> >*, unsigned int, bool) [clone .part.0]
022e6104 0000002c t OT::Layout::Common::CoverageFormat2_4<OT::Layout::SmallTypes>* hb_serialize_context_t::extend_size<OT::Layout::Common::CoverageFormat2_4<OT::Layout::SmallTypes> >(OT::Layout::Common::CoverageFormat2_4<OT::Layout::SmallTypes>*, unsigned int, bool) [clone .part.0]
022e6130 0000002c t OT::ArrayOf<OT::OffsetTo<OT::Layout::GSUB_impl::Ligature<OT::Layout::SmallTypes>, OT::IntType<unsigned short, 2u>, true>, OT::IntType<unsigned short, 2u> >* hb_serialize_context_t::extend_size<OT::ArrayOf<OT::OffsetTo<OT::Layout::GSUB_impl::Ligature<OT::Layout::SmallTypes>, OT::IntType<unsigned short, 2u>, true>, OT::IntType<unsigned short, 2u> > >(OT::ArrayOf<OT::OffsetTo<OT::Layout::GSUB_impl::Ligature<OT::Layout::SmallTypes>, OT::IntType<unsigned short, 2u>, true>, OT::IntType<unsigned short, 2u> >*, unsigned int, bool) [clone .part.0]
022e615c 0000002c t OT::ArrayOf<OT::Layout::Common::RangeRecord<OT::Layout::SmallTypes>, OT::IntType<unsigned short, 2u> >* hb_serialize_context_t::extend_size<OT::ArrayOf<OT::Layout::Common::RangeRecord<OT::Layout::SmallTypes>, OT::IntType<unsigned short, 2u> > >(OT::ArrayOf<OT::Layout::Common::RangeRecord<OT::Layout::SmallTypes>, OT::IntType<unsigned short, 2u> >*, unsigned int, bool) [clone .part.0]
022e6188 0000002c t OT::Layout::GSUB_impl::SubstLookup* hb_serialize_context_t::start_serialize<OT::Layout::GSUB_impl::SubstLookup>() [clone .part.0]
022e61b4 00000340 t bool OT::Layout::Common::Coverage::collect_coverage<hb_set_digest_combiner_t<hb_set_digest_bits_pattern_t<unsigned long, 4u>, hb_set_digest_combiner_t<hb_set_digest_bits_pattern_t<unsigned long, 0u>, hb_set_digest_bits_pattern_t<unsigned long, 9u> > > >(hb_set_digest_combiner_t<hb_set_digest_bits_pattern_t<unsigned long, 4u>, hb_set_digest_combiner_t<hb_set_digest_bits_pattern_t<unsigned long, 0u>, hb_set_digest_bits_pattern_t<unsigned long, 9u> > >*) const [clone .isra.0]
022e64f4 00000048 T data_destroy_arabic(void*)
022e653c 0000002c t deallocate_buffer_var(hb_ot_shape_plan_t const*, hb_font_t*, hb_buffer_t*)
022e6568 000001f4 T data_create_arabic(hb_ot_shape_plan_t const*)
022e675c 00000648 t void sort_r_simple<>(void*, unsigned int, unsigned int, int (*)(void const*, void const*)) [clone .constprop.0]
022e6da4 000005a0 t OT::hb_accelerate_subtables_context_t::return_t OT::Layout::GSUB_impl::SubstLookupSubTable::dispatch<OT::hb_accelerate_subtables_context_t>(OT::hb_accelerate_subtables_context_t*, unsigned int) const [clone .isra.0]
022e7344 00000710 t postprocess_glyphs_arabic(hb_ot_shape_plan_t const*, hb_buffer_t*, hb_font_t*)
022e7a54 00000318 W hb_serialize_context_t::discard_stale_objects()
022e7d6c 00000478 W hb_serialize_context_t::resolve_links()
022e81e4 00000408 W OT::Lookup::serialize(hb_serialize_context_t*, unsigned int, unsigned int, unsigned int)
022e85ec 00000898 T setup_masks_arabic_plan(arabic_shape_plan_t const*, hb_buffer_t*, hb_script_t)
022e8e84 0000000c t setup_masks_arabic(hb_ot_shape_plan_t const*, hb_buffer_t*, hb_font_t*)
022e8e90 000000f0 W hb_hashmap_t<hb_serialize_context_t::object_t const*, unsigned int, false>::fini()
022e8f80 00000268 W hb_serialize_context_t::~hb_serialize_context_t()
022e8f80 00000268 W hb_serialize_context_t::~hb_serialize_context_t()
022e91e8 000004ec W hb_hashmap_t<hb_serialize_context_t::object_t const*, unsigned int, false>::alloc(unsigned int)
022e96d4 00000b70 W hb_serialize_context_t::pop_pack(bool)
022ea244 0000021c W hb_pool_t<hb_serialize_context_t::object_t, 32u>::alloc()
022ea460 0000024c W OT::ArrayOf<OT::HBGlyphID16, OT::IntType<unsigned short, 2u> >::serialize(hb_serialize_context_t*, unsigned int, bool)
022ea6ac 0000024c W OT::ArrayOf<OT::Layout::Common::RangeRecord<OT::Layout::SmallTypes>, OT::IntType<unsigned short, 2u> >::serialize(hb_serialize_context_t*, unsigned int, bool)
022ea8f8 000008c8 t bool OT::Layout::Common::Coverage::serialize<hb_map_iter_t<hb_zip_iter_t<hb_sorted_array_t<OT::HBGlyphID16>, hb_array_t<OT::HBGlyphID16> >, ._anon_105 const&, (hb_function_sortedness_t)1, (void*)0>, (void*)0>(hb_serialize_context_t*, hb_map_iter_t<hb_zip_iter_t<hb_sorted_array_t<OT::HBGlyphID16>, hb_array_t<OT::HBGlyphID16> >, ._anon_105 const&, (hb_function_sortedness_t)1, (void*)0>)
022eb1c0 0000067c W bool OT::Layout::GSUB_impl::SingleSubstFormat2_4<OT::Layout::SmallTypes>::serialize<hb_zip_iter_t<hb_sorted_array_t<OT::HBGlyphID16>, hb_array_t<OT::HBGlyphID16> >, (void*)0>(hb_serialize_context_t*, hb_zip_iter_t<hb_sorted_array_t<OT::HBGlyphID16>, hb_array_t<OT::HBGlyphID16> >)
022eb83c 00000794 W bool OT::Layout::GSUB_impl::SingleSubst::serialize<hb_zip_iter_t<hb_sorted_array_t<OT::HBGlyphID16>, hb_array_t<OT::HBGlyphID16> >, (void*)0>(hb_serialize_context_t*, hb_zip_iter_t<hb_sorted_array_t<OT::HBGlyphID16>, hb_array_t<OT::HBGlyphID16> >)
022ebfd0 00000aac t arabic_fallback_synthesize_lookup_single(hb_ot_shape_plan_t const*, hb_font_t*, unsigned int) [clone .isra.0]
022eca7c 000007d0 W bool OT::OffsetTo<OT::Layout::Common::Coverage, OT::IntType<unsigned short, 2u>, true>::serialize_serialize<hb_sorted_array_t<OT::HBGlyphID16 const>&>(hb_serialize_context_t*, hb_sorted_array_t<OT::HBGlyphID16 const>&)
022ed24c 000015f4 t OT::Layout::GSUB_impl::SubstLookup::serialize_ligature(hb_serialize_context_t*, unsigned int, hb_sorted_array_t<OT::HBGlyphID16 const>, hb_array_t<unsigned int const>, hb_array_t<OT::HBGlyphID16 const>, hb_array_t<unsigned int const>, hb_array_t<OT::HBGlyphID16 const>) [clone .isra.0]
022ee840 000005a8 t OT::Layout::GSUB_impl::SubstLookup* arabic_fallback_synthesize_lookup_ligature<ligature_mark_set_t [1]>(hb_ot_shape_plan_t const*, hb_font_t*, ligature_mark_set_t const (&) [1], unsigned int) [clone .constprop.0]
022eede8 00000734 t OT::Layout::GSUB_impl::SubstLookup* arabic_fallback_synthesize_lookup_ligature<ligature_set_t [18]>(hb_ot_shape_plan_t const*, hb_font_t*, ligature_set_t const (&) [18], unsigned int) [clone .constprop.0]
022ef51c 000005b8 t OT::Layout::GSUB_impl::SubstLookup* arabic_fallback_synthesize_lookup_ligature<ligature_3_set_t [1]>(hb_ot_shape_plan_t const*, hb_font_t*, ligature_3_set_t const (&) [1], unsigned int) [clone .constprop.0]
022efad4 00000638 t arabic_fallback_shape(hb_ot_shape_plan_t const*, hb_font_t*, hb_buffer_t*)
022f010c 00000004 t data_destroy_hangul(void*)
022f0110 0000006c t collect_features_hangul(hb_ot_shape_planner_t*)
022f017c 00000018 t override_features_hangul(hb_ot_shape_planner_t*)
022f0194 00000084 t setup_masks_hangul(hb_ot_shape_plan_t const*, hb_buffer_t*, hb_font_t*)
022f0218 0000002c t bool hb_buffer_t::replace_glyphs<unsigned int>(unsigned int, unsigned int, unsigned int const*) [clone .part.0]
022f0244 000000bc t data_create_hangul(hb_ot_shape_plan_t const*)
022f0300 00001904 t preprocess_text_hangul(hb_ot_shape_plan_t const*, hb_buffer_t*, hb_font_t*)
022f1c04 00000188 t reorder_marks_hebrew(hb_ot_shape_plan_t const*, hb_buffer_t*, unsigned int, unsigned int)
022f1d8c 00000230 t compose_hebrew(hb_ot_shape_normalize_context_t const*, unsigned int, unsigned int, unsigned int*)
022f1fbc 0000012c t compose_indic(hb_ot_shape_normalize_context_t const*, unsigned int, unsigned int, unsigned int*)
022f20e8 00000014 t preprocess_text_indic(hb_ot_shape_plan_t const*, hb_buffer_t*, hb_font_t*)
022f20fc 00000004 t data_destroy_indic(void*)
022f2100 00000050 t override_features_indic(hb_ot_shape_planner_t*)
022f2150 00000110 t collect_features_indic(hb_ot_shape_planner_t*)
022f2260 0000002c t hb_buffer_t::allocate_var(unsigned int, unsigned int) [clone .part.0]
022f228c 0000002c t hb_buffer_t::deallocate_var(unsigned int, unsigned int) [clone .part.0]
022f22b8 00000078 t decompose_indic(hb_ot_shape_normalize_context_t const*, unsigned int, unsigned int*, unsigned int*)
022f2330 00000098 t setup_masks_indic(hb_ot_shape_plan_t const*, hb_buffer_t*, hb_font_t*)
022f23c8 000011b4 t initial_reordering_consonant_syllable(hb_ot_shape_plan_t const*, hb_face_t*, hb_buffer_t*, unsigned int, unsigned int) [clone .isra.0]
022f357c 0000135c t final_reordering_indic(hb_ot_shape_plan_t const*, hb_font_t*, hb_buffer_t*)
022f48d8 000005f8 t initial_reordering_indic(hb_ot_shape_plan_t const*, hb_font_t*, hb_buffer_t*)
022f4ed0 00000ab8 W find_syllables_indic(hb_buffer_t*)
022f5988 000002a8 t setup_syllables_indic(hb_ot_shape_plan_t const*, hb_font_t*, hb_buffer_t*)
022f5c30 00000124 W hb_indic_would_substitute_feature_t::init(hb_ot_map_t const*, unsigned int, bool)
022f5d54 00000278 t data_create_indic(hb_ot_shape_plan_t const*)
022f5fcc 000000e4 t decompose_khmer(hb_ot_shape_normalize_context_t const*, unsigned int, unsigned int*, unsigned int*)
022f60b0 00000100 t compose_khmer(hb_ot_shape_normalize_context_t const*, unsigned int, unsigned int, unsigned int*)
022f61b0 00000004 t data_destroy_khmer(void*)
022f61b4 000000c4 t override_features_khmer(hb_ot_shape_planner_t*)
022f6278 00000100 t collect_features_khmer(hb_ot_shape_planner_t*)
022f6378 0000002c t hb_buffer_t::allocate_var(unsigned int, unsigned int) [clone .part.0]
022f63a4 000000dc t data_create_khmer(hb_ot_shape_plan_t const*)
022f6480 000000bc t setup_masks_khmer(hb_ot_shape_plan_t const*, hb_buffer_t*, hb_font_t*)
022f653c 00000594 t reorder_khmer(hb_ot_shape_plan_t const*, hb_font_t*, hb_buffer_t*)
022f6ad0 000006bc W find_syllables_khmer(hb_buffer_t*)
022f718c 000002a8 t setup_syllables_khmer(hb_ot_shape_plan_t const*, hb_font_t*, hb_buffer_t*)
022f7434 00000010 t compare_myanmar_order(hb_glyph_info_t const*, hb_glyph_info_t const*)
022f7444 00000104 t collect_features_myanmar(hb_ot_shape_planner_t*)
022f7548 0000002c t hb_buffer_t::allocate_var(unsigned int, unsigned int) [clone .part.0]
022f7574 0000002c t hb_buffer_t::deallocate_var(unsigned int, unsigned int) [clone .part.0]
022f75a0 000000d0 t setup_masks_myanmar(hb_ot_shape_plan_t const*, hb_buffer_t*, hb_font_t*)
022f7670 000005ac t reorder_myanmar(hb_ot_shape_plan_t const*, hb_font_t*, hb_buffer_t*)
022f7c1c 000005c0 W find_syllables_myanmar(hb_buffer_t*)
022f81dc 000002a8 t setup_syllables_myanmar(hb_ot_shape_plan_t const*, hb_font_t*, hb_buffer_t*)
022f8484 000004a4 T hb_syllabic_insert_dotted_circles(hb_font_t*, hb_buffer_t*, unsigned int, unsigned int, int, int)
022f8928 00000048 T hb_syllabic_clear_var(hb_ot_shape_plan_t const*, hb_font_t*, hb_buffer_t*)
022f8970 00000130 t thai_pua_shape(unsigned int, thai_action_t, hb_font_t*)
022f8aa0 0000002c t bool hb_buffer_t::replace_glyphs<unsigned int>(unsigned int, unsigned int, unsigned int const*) [clone .part.0]
022f8acc 000007ec t preprocess_text_thai(hb_ot_shape_plan_t const*, hb_buffer_t*, hb_font_t*)
022f92b8 0000006c t _hb_clear_substitution_flags(hb_ot_shape_plan_t const*, hb_font_t*, hb_buffer_t*)
022f9324 00000100 t compose_use(hb_ot_shape_normalize_context_t const*, unsigned int, unsigned int, unsigned int*)
022f9424 00000004 t preprocess_text_use(hb_ot_shape_plan_t const*, hb_buffer_t*, hb_font_t*)
022f9428 0000003c t data_destroy_use(void*)
022f9464 0000023c t collect_features_use(hb_ot_shape_planner_t*)
022f96a0 0000002c t hb_buffer_t::allocate_var(unsigned int, unsigned int) [clone .part.0]
022f96cc 000001f0 t data_create_use(hb_ot_shape_plan_t const*)
022f98bc 00000110 t setup_masks_use(hb_ot_shape_plan_t const*, hb_buffer_t*, hb_font_t*)
022f99cc 0000014c t hb_filter_iter_t<hb_filter_iter_t<hb_zip_iter_t<hb_iota_iter_t<unsigned int, unsigned int>, hb_array_t<hb_glyph_info_t> >, find_syllables_use(hb_buffer_t*)::{lambda(hb_glyph_info_t const&)#1}, ._anon_106 const&, (void*)0>, find_syllables_use(hb_buffer_t*)::{lambda(hb_pair_t<unsigned int, hb_glyph_info_t const&>)#1}, ._anon_94 const&, (void*)0>::__next__()
022f9b18 000001d8 t hb_zip_iter_t<hb_iota_iter_t<unsigned int, unsigned int>, hb_filter_iter_t<hb_filter_iter_t<hb_zip_iter_t<hb_iota_iter_t<unsigned int, unsigned int>, hb_array_t<hb_glyph_info_t> >, find_syllables_use(hb_buffer_t*)::{lambda(hb_glyph_info_t const&)#1}, ._anon_106 const&, (void*)0>, find_syllables_use(hb_buffer_t*)::{lambda(hb_pair_t<unsigned int, hb_glyph_info_t const&>)#1}, ._anon_94 const&, (void*)0> >::__rewind__(unsigned int)
022f9cf0 000001a4 t record_pref_use(hb_ot_shape_plan_t const*, hb_font_t*, hb_buffer_t*)
022f9e94 00000150 t record_rphf_use(hb_ot_shape_plan_t const*, hb_font_t*, hb_buffer_t*)
022f9fe4 000001a8 t machine_index_t<hb_zip_iter_t<hb_iota_iter_t<unsigned int, unsigned int>, hb_filter_iter_t<hb_filter_iter_t<hb_zip_iter_t<hb_iota_iter_t<unsigned int, unsigned int>, hb_array_t<hb_glyph_info_t> >, find_syllables_use(hb_buffer_t*)::{lambda(hb_glyph_info_t const&)#1}, ._anon_106 const&, (void*)0>, find_syllables_use(hb_buffer_t*)::{lambda(hb_pair_t<unsigned int, hb_glyph_info_t const&>)#1}, ._anon_94 const&, (void*)0> > >::operator=(machine_index_t<hb_zip_iter_t<hb_iota_iter_t<unsigned int, unsigned int>, hb_filter_iter_t<hb_filter_iter_t<hb_zip_iter_t<hb_iota_iter_t<unsigned int, unsigned int>, hb_array_t<hb_glyph_info_t> >, find_syllables_use(hb_buffer_t*)::{lambda(hb_glyph_info_t const&)#1}, ._anon_106 const&, (void*)0>, find_syllables_use(hb_buffer_t*)::{lambda(hb_pair_t<unsigned int, hb_glyph_info_t const&>)#1}, ._anon_94 const&, (void*)0> > > const&)
022fa18c 00002c0c t find_syllables_use(hb_buffer_t*)
022fcd98 00000794 t setup_syllables_use(hb_ot_shape_plan_t const*, hb_font_t*, hb_buffer_t*)
022fd52c 00000508 t reorder_use(hb_ot_shape_plan_t const*, hb_font_t*, hb_buffer_t*)
022fda34 0000010c t _output_dotted_circle(hb_buffer_t*)
022fdb40 00002684 T _hb_preprocess_text_vowel_constraints(hb_ot_shape_plan_t const*, hb_buffer_t*, hb_font_t*)
023001c4 0000002c t hb_buffer_t::assert_var(unsigned int, unsigned int) [clone .part.0]
023001f0 00000908 t position_around_base(hb_ot_shape_plan_t const*, hb_font_t*, hb_buffer_t*, unsigned int, unsigned int, bool)
02300af8 000001d0 T _hb_ot_shape_fallback_mark_position_recategorize_marks(hb_ot_shape_plan_t const*, hb_font_t*, hb_buffer_t*)
02300cc8 00000290 T _hb_ot_shape_fallback_mark_position(hb_ot_shape_plan_t const*, hb_font_t*, hb_buffer_t*, bool)
02300f58 0000050c T _hb_ot_shape_fallback_spaces(hb_ot_shape_plan_t const*, hb_font_t*, hb_buffer_t*)
02301464 000008e8 W OT::hb_kern_machine_t<hb_ot_shape_fallback_kern_driver_t>::kern(hb_font_t*, hb_buffer_t*, unsigned int, bool) const
02301d4c 0000016c T _hb_ot_shape_fallback_kern(hb_ot_shape_plan_t const*, hb_font_t*, hb_buffer_t*)
02301eb8 00000044 t decompose_unicode(hb_ot_shape_normalize_context_t const*, unsigned int, unsigned int*, unsigned int*)
02301efc 0000006c t compare_combining_class(hb_glyph_info_t const*, hb_glyph_info_t const*)
02301f68 00000060 t compose_unicode(hb_ot_shape_normalize_context_t const*, unsigned int, unsigned int, unsigned int*)
02301fc8 00000354 t _hb_glyph_info_set_unicode_props(hb_glyph_info_t*, hb_buffer_t*)
0230231c 0000002c t bool hb_buffer_t::replace_glyphs<unsigned int>(unsigned int, unsigned int, unsigned int const*) [clone .part.0]
02302348 000004fc t decompose(hb_ot_shape_normalize_context_t const*, bool, unsigned int)
02302844 000004c8 t decompose_current_character(hb_ot_shape_normalize_context_t const*, bool)
02302d0c 0000105c T _hb_ot_shape_normalize(hb_ot_shape_plan_t const*, hb_buffer_t*, hb_font_t*)
02303d68 0000001c t TOUPPER(unsigned char)
02303d84 0000001c t TOLOWER(unsigned char)
02303da0 0000027c t hb_ot_all_tags_from_script(hb_script_t, unsigned int*, unsigned int*)
0230401c 000000c0 t subtag_matches(char const*, char const*, char const*, unsigned int)
023040dc 00000214 t parse_private_use_subtag(char const*, unsigned int*, unsigned int*, char const*, unsigned char (*)(unsigned char))
023042f0 00000084 t lang_matches(char const*, char const*, char const*, unsigned int)
02304374 00002420 T hb_ot_tags_from_script_and_language
02306794 0000007c t hb_ucd_combining_class(hb_unicode_funcs_t*, unsigned int, void*)
02306810 00000080 t hb_ucd_general_category(hb_unicode_funcs_t*, unsigned int, void*)
02306890 00000070 t hb_ucd_mirroring(hb_unicode_funcs_t*, unsigned int, void*)
02306900 0000008c t hb_ucd_script(hb_unicode_funcs_t*, unsigned int, void*)
0230698c 000001a0 t hb_ucd_decompose(hb_unicode_funcs_t*, unsigned int, unsigned int*, unsigned int*, void*)
02306b2c 00000184 t hb_ucd_compose(hb_unicode_funcs_t*, unsigned int, unsigned int, unsigned int*, void*)
02306cb0 00000164 T hb_ucd_get_unicode_funcs
02306e14 00000238 t _hb_buffer_serialize_unicode_text(hb_buffer_t*, unsigned int, unsigned int, char*, unsigned int, unsigned int*, hb_buffer_serialize_flags_t)
0230704c 000002c0 t _hb_buffer_serialize_unicode_json(hb_buffer_t*, unsigned int, unsigned int, char*, unsigned int, unsigned int*, hb_buffer_serialize_flags_t)
0230730c 0000002c t hb_buffer_t::assert_unicode() [clone .part.0]
02307338 00000110 T hb_buffer_serialize_unicode
02307448 0000027c T hb_indic_get_categories(unsigned int)
023076c4 0000008c T hypotf
02307750 00000214 T __ieee754_hypotf
02307964 00000058 T sincosf
023079bc 000001d4 T FT_Set_Default_Properties
02307b90 000000c0 T FT_Init_FreeType
02307c50 00000048 T FT_Done_FreeType
02307c98 00000080 t FT_GlyphLoader_Adjust_Points
02307d18 00000048 t hash_str_lookup
02307d60 0000003c t hash_num_lookup
02307d9c 00000018 t hash_num_compare
02307db4 000000c0 t hash_bucket
02307e74 000000a8 t destroy_size
02307f1c 0000010c t find_unicode_charmap
02308028 00000070 t memory_stream_close
02308098 00000010 t ft_raccess_sort_ref_by_id
023080a8 00000200 t ft_trig_pseudo_rotate
023082a8 00000108 t ft_trig_pseudo_polarize
023083b0 00000050 t hash_str_compare
02308400 000001d4 t ft_property_do
023085d4 000000e8 t FT_Outline_Get_CBox.part.0
023086bc 000000ec t ft_recompute_scaled_metrics.isra.0
023087a8 000000f0 t destroy_charmaps.part.0
02308898 000000dc t raccess_guess_darwin_hfsplus
02308974 000000f4 t raccess_guess_darwin_newvfs
02308a68 0000010c t raccess_make_file_name
02308b74 0000007c t raccess_guess_linux_cap
02308bf0 0000007c t raccess_guess_vfat
02308c6c 00000018 T FT_RoundFix
02308c84 000000e8 T FT_MulDiv
02308d6c 000000d4 T FT_MulDiv_No_Round
02308e40 00000034 T FT_MulFix
02308e74 00000114 T FT_DivFix
02308f88 000001b0 T FT_Matrix_Multiply
02309138 0000051c T FT_Matrix_Invert
02309654 00000184 T FT_Matrix_Multiply_Scaled
023097d8 000000d4 T FT_Matrix_Check
023098ac 000000e4 T FT_Vector_Transform_Scaled
02309990 0000026c T FT_Vector_NormLen
02309bfc 00000034 T ft_corner_orientation
02309c30 00000138 T ft_corner_is_flat
02309d68 0000005c T FT_MulAddFix
02309dc4 000000cc T FT_Palette_Select
02309e90 00000040 T FT_GlyphLoader_Rewind
02309ed0 00000114 T FT_GlyphLoader_Reset
02309fe4 00000058 T FT_GlyphLoader_Done
0230a03c 000000a8 T FT_GlyphLoader_Prepare
0230a0e4 000000f4 T FT_GlyphLoader_Add
0230a1d8 000000b0 T ft_hash_str_init
0230a288 000000b0 T ft_hash_num_init
0230a338 000000b4 T ft_hash_str_free
0230a3ec 0000003c T ft_hash_str_lookup
0230a428 0000003c T ft_hash_num_lookup
0230a464 00000294 T ft_lcd_padding
0230a6f8 000000b4 T ft_service_list_lookup
0230a7ac 00000018 T ft_validator_init
0230a7c4 00000018 T ft_validator_error
0230a7dc 000001e0 T FT_Stream_New
0230a9bc 00000084 T FT_Stream_Free
0230aa40 0000008c T ft_glyphslot_free_bitmap
0230aacc 00000180 t ft_glyphslot_done
0230ac4c 000003c4 T ft_glyphslot_preset_bitmap
0230b010 00000080 T ft_glyphslot_set_bitmap
0230b090 000000cc T FT_Done_GlyphSlot
0230b15c 000001a4 t destroy_face
0230b300 00000050 T FT_Get_Transform
0230b350 000000fc T FT_Done_Face
0230b44c 0000014c T FT_Done_Size
0230b598 0000017c T FT_Match_Size
0230b714 0000007c T ft_synthesize_vertical_metrics
0230b790 00000220 T FT_Select_Metrics
0230b9b0 00000630 T FT_Request_Metrics
0230bfe0 0000007c T FT_Select_Size
0230c05c 00000104 T FT_Request_Size
0230c160 000000cc T FT_Set_Char_Size
0230c22c 000002f0 T FT_Get_Kerning
0230c51c 000000f4 T FT_Select_Charmap
0230c610 00000058 T FT_Get_Char_Index
0230c668 000000cc T FT_Get_Next_Char
0230c734 00000100 T FT_Get_Name_Index
0230c834 00000150 T FT_Get_Glyph_Name
0230c984 000000e8 T FT_Load_Sfnt_Table
0230ca6c 00000094 T FT_Get_CMap_Format
0230cb00 000000f8 T FT_Set_Charmap
0230cbf8 00000098 t find_variant_selector_charmap.isra.0
0230cc90 000000a8 T FT_Face_GetCharVariantIndex
0230cd38 0000003c T FT_Activate_Size
0230cd74 00000064 T FT_Lookup_Renderer
0230cdd8 000000d4 T FT_Get_Module
0230ceac 00000030 T FT_Get_Module_Interface
0230cedc 0000015c T ft_module_get_service
0230d038 0000034c T FT_Remove_Module
0230d384 0000000c T ft_property_string_set
0230d390 000000dc T FT_New_Library
0230d46c 000001b4 T FT_Done_Library
0230d620 00000058 T FT_Get_Color_Glyph_Layer
0230d678 00000040 T FT_Get_Color_Glyph_Paint
0230d6b8 0000003c T FT_Get_Color_Glyph_ClipBox
0230d6f4 00000044 T FT_Get_Paint_Layers
0230d738 00000078 T FT_Get_Paint
0230d7b0 00000044 T FT_Get_Colorline_Stops
0230d7f4 00000494 T FT_Outline_Decompose
0230dc88 000000dc T FT_Outline_Check
0230dd64 00000104 T FT_Outline_Copy
0230de68 00000100 T FT_Outline_Done
0230df68 00000014 T FT_Outline_Get_CBox
0230df7c 00000094 T FT_Outline_Translate
0230e010 000000f0 T FT_Vector_Transform
0230e100 00000150 T FT_Outline_Transform
0230e250 000001ec T FT_Outline_Get_Orientation
0230e43c 000006cc T FT_Outline_EmboldenXY
0230eb08 00000294 T ps_property_set
0230ed9c 000000e8 T ps_property_get
0230ee84 00000180 T FT_Raccess_Guess
0230f004 00000020 T FT_Stream_OpenMemory
0230f024 0000001c T FT_Stream_Close
0230f040 00000080 T FT_Stream_Seek
0230f0c0 00000098 T FT_Stream_Skip
0230f158 00000008 T FT_Stream_Pos
0230f160 000000ec T FT_Stream_Read
0230f24c 00000108 T FT_Stream_ReadAt
0230f354 000000c8 T FT_Stream_TryRead
0230f41c 00000060 T FT_Stream_ReleaseFrame
0230f47c 000001d8 T FT_Stream_EnterFrame
0230f654 00000050 T FT_Stream_ExtractFrame
0230f6a4 00000064 T FT_Stream_ExitFrame
0230f708 00000030 T FT_Stream_GetByte
0230f738 00000038 T FT_Stream_GetUShort
0230f770 00000038 T FT_Stream_GetUShortLE
0230f7a8 0000002c T FT_Stream_GetULong
0230f7d4 0000002c T FT_Stream_GetULongLE
0230f800 000000d0 T FT_Stream_ReadByte
0230f8d0 000000c8 T FT_Stream_ReadUShort
0230f998 000003b4 T FT_Raccess_Get_HeaderInfo
0230fd4c 000000c8 T FT_Stream_ReadUShortLE
0230fe14 000000d8 T FT_Stream_ReadUOffset
0230feec 000000c0 T FT_Stream_ReadULong
0230ffac 0000053c T FT_Raccess_Get_DataOffsets
023104e8 000001f0 t raccess_guess_apple_generic.isra.0
023106d8 00000110 t raccess_guess_linux_double_from_file_name
023107e8 000000f8 t raccess_guess_linux_netatalk
023108e0 000000f8 t raccess_guess_linux_double
023109d8 000000f8 t raccess_guess_darwin_ufs_export
02310ad0 00000028 t raccess_guess_apple_double
02310af8 00000028 t raccess_guess_apple_single
02310b20 000000c0 T FT_Stream_ReadULongLE
02310be0 000002a0 T FT_Stream_ReadFields
02310e80 00000048 T FT_Cos
02310ec8 00000048 T FT_Sin
02310f10 00000124 T FT_Tan
02311034 0000007c T FT_Atan2
023110b0 00000064 T FT_Vector_Unit
02311114 000001b4 T FT_Vector_Rotate
023112c8 00000168 T FT_Vector_Length
02311430 00000030 T FT_Hypot
02311460 0000001c T FT_Vector_From_Polar
0231147c 000000f0 T FT_Angle_Diff
0231156c 000000a4 T ft_mem_alloc
02311610 000000bc T ft_glyphslot_alloc_bitmap
023116cc 00000264 T FT_New_GlyphSlot
02311930 00000330 T FT_Render_Glyph_Internal
02311c60 00000030 T FT_Render_Glyph
02311c90 000008c4 T FT_Load_Glyph
02312554 000002d0 T FT_Get_Advances
02312824 0000020c T FT_Get_Advance
02312a30 000002b0 t open_face
02312ce0 00000218 T FT_New_Size
02312ef8 00000b6c t ft_open_face_internal
02313a64 0000019c t open_face_from_buffer
02313c00 000004b4 t open_face_PS_from_sfnt_stream.isra.0
023140b4 00000924 t IsMacResource
023149d8 00000008 T FT_Open_Face
023149e0 00000378 T FT_Add_Module
02314d58 00000068 T ft_mem_qalloc
02314dc0 00000124 T ft_mem_qrealloc
02314ee4 000001c8 T FT_CMap_New
023150ac 000000d4 T ft_mem_realloc
02315180 000000c8 T FT_GlyphLoader_CreateExtra
02315248 000002c4 T FT_GlyphLoader_CheckPoints
0231550c 000000a8 T FT_GlyphLoader_CheckSubGlyphs
023155b4 000001d8 T FT_Outline_New
0231578c 0000018c t hash_insert
02315918 0000002c T ft_hash_str_insert
02315944 0000002c T ft_hash_num_insert
02315970 00000014 T ft_mem_free
02315984 000000dc T ft_mem_strdup
02315a60 000000a0 T ft_mem_strcpyn
02315b00 00000044 T FT_List_Find
02315b44 00000040 T FT_List_Add
02315b84 000000a8 T FT_List_Iterate
02315c2c 000000e8 T FT_List_Finalize
02315d14 0000003c t ft_bitmap_glyph_bbox
02315d50 00000044 t ft_outline_glyph_prepare
02315d94 00000024 t ft_bitmap_glyph_copy
02315db8 00000010 t ft_bitmap_glyph_done
02315dc8 000000e4 t ft_bitmap_glyph_init
02315eac 00000008 t ft_outline_glyph_bbox
02315eb4 00000088 t ft_outline_glyph_copy
02315f3c 000000b0 t ft_outline_glyph_init
02315fec 00000010 t ft_outline_glyph_done
02315ffc 00000108 t ft_svg_glyph_prepare
02316104 00000150 t ft_svg_glyph_transform
02316254 00000158 t ft_svg_glyph_copy
023163ac 00000174 t ft_svg_glyph_init
02316520 00000040 t ft_svg_glyph_done
02316560 00000068 t ft_outline_glyph_transform
023165c8 00000168 T FT_Glyph_Copy
02316730 0000015c T FT_New_Glyph
0231688c 000001ac T FT_Get_Glyph
02316a38 000003b8 T FT_Glyph_To_Bitmap
02316df0 00000068 T FT_Done_Glyph
02316e58 00000110 t ft_face_get_mm_service
02316f68 000000d8 t ft_face_get_mvar_service.constprop.0.isra.0
02317040 00000114 T FT_Get_MM_Var
02317154 00000038 T FT_Done_MM_Var
0231718c 00000130 T FT_Get_Var_Blend_Coordinates
023172bc 00000174 T FT_Set_Named_Instance
02317430 00000140 t ft_stroke_border_close
02317570 000000a0 t ft_stroke_border_get_counts
02317610 000000f0 t ft_stroke_border_grow
02317700 000000c8 t ft_stroke_border_cubicto
023177c8 00000204 t ft_stroke_border_arcto
023179cc 00000124 t ft_stroke_border_lineto
02317af0 0000052c t ft_stroker_process_corner
0231801c 000000a0 t ft_stroke_border_conicto
023180bc 00000144 t FT_Stroker_ExportBorder.part.0
02318200 000000d0 t ft_stroker_cap.part.0.constprop.0
023182d0 0000014c t ft_stroker_subpath_start
0231841c 00000900 t FT_Stroker_CubicTo.part.0
02318d1c 000000d8 T FT_Stroker_New
02318df4 0000007c T FT_Stroker_Set
02318e70 000000dc T FT_Stroker_Done
02318f4c 000001cc T FT_Stroker_LineTo
02319118 00000688 T FT_Stroker_ConicTo
023197a0 00000314 T FT_Stroker_EndSubPath
02319ab4 000000c8 T FT_Stroker_GetCounts
02319b7c 0000046c T FT_Stroker_ParseOutline
02319fe8 0000019c T FT_Glyph_Stroke
0231a184 0000005c t tt_get_kerning
0231a1e0 000000b4 t tt_get_metrics_incremental
0231a294 00000054 t TT_Load_Glyph_Header
0231a2e8 00000098 t tt_loader_set_pp
0231a380 00000420 t ft_var_get_value_pointer
0231a7a0 00000030 t ft_size_reset_iterator
0231a7d0 00000014 t tt_cvt_ready_iterator
0231a7e4 00000088 t tt_get_var_blend
0231a86c 0000005c t TT_MulFix14
0231a8c8 000000a8 t TT_DotFix14
0231a970 00000008 t Current_Ppem
0231a978 00000010 t Read_CVT
0231a988 00000064 t Direct_Move_X
0231a9ec 00000068 t Direct_Move_Y
0231aa54 00000018 t Direct_Move_Orig_X
0231aa6c 0000001c t Direct_Move_Orig_Y
0231aa88 0000003c t Round_None
0231aac4 00000050 t Round_To_Grid
0231ab14 0000004c t Round_To_Half_Grid
0231ab60 00000048 t Round_Down_To_Grid
0231aba8 00000050 t Round_Up_To_Grid
0231abf8 00000050 t Round_To_Double_Grid
0231ac48 00000070 t Round_Super
0231acb8 00000074 t Round_Super_45
0231ad2c 0000001c t Project
0231ad48 0000001c t Dual_Project
0231ad64 00000008 t Project_x
0231ad6c 00000008 t Project_y
0231ad74 00000178 t Compute_Funcs
0231aeec 000000a0 t SkipCode
0231af8c 000000d8 t Move_Zp2_Point
0231b064 00000024 t tt_size_init
0231b088 00000010 t tt_driver_init
0231b098 00000004 t tt_driver_done
0231b09c 000000dc t tt_face_get_location
0231b178 00000018 t compare_ppem
0231b190 0000010c t tt_size_reset_height
0231b29c 0000017c t ft_var_apply_tuple
0231b418 000000fc t Direct_Move_Orig
0231b514 00000168 t Direct_Move
0231b67c 000000bc t TT_Done_Context
0231b738 000000a4 t tt_glyphzone_done
0231b7dc 000000d0 t tt_size_done_bytecode
0231b8ac 00000034 t tt_size_done
0231b8e0 00000060 t tt_var_done_delta_set_index_map
0231b940 00000120 t tt_var_done_item_variation_store
0231ba60 0000003c t tt_construct_ps_name
0231ba9c 00000224 t TT_Load_Context
0231bcc0 000001bc t tt_size_run_prep
0231be7c 000002c8 t TT_Hint_Glyph
0231c144 00000094 t TT_Access_Glyph_Frame
0231c1d8 00000008 t TT_Forget_Glyph_Frame
0231c1e0 00000214 t ft_var_readpackedpoints
0231c3f4 00000290 t ft_var_readpackeddeltas
0231c684 000000c4 t Current_Ratio
0231c748 000004ec t TT_Load_Simple_Glyph
0231cc34 0000000c t tt_slot_init
0231cc40 00000710 t tt_face_vary_cvt
0231d350 000001b8 t tt_face_load_cvt
0231d508 00000bb8 t tt_face_init
0231e0c0 000002ac t TT_Load_Composite_Glyph
0231e36c 00000070 t tt_property_get
0231e3dc 0000048c t tt_var_get_item_delta
0231e868 00000224 t tt_apply_mvar
0231ea8c 000003dc t ft_var_to_normalized
0231ee68 0000054c t tt_var_load_item_variation_store
0231f3b4 000002c8 t tt_var_load_delta_set_index_mapping
0231f67c 000002d0 t ft_var_load_hvvar
0231f94c 00000184 t tt_hvadvance_adjust
0231fad0 00000008 t tt_vadvance_adjust
0231fad8 00000008 t tt_hadvance_adjust
0231fae0 0000034c t ft_var_load_avar
0231fe2c 00000cc8 t TT_Get_MM_Var
02320af4 00000060 t TT_Get_Default_Named_Instance
02320b54 00000088 t TT_Get_VMetrics
02320bdc 00000138 t tt_get_advances
02320d14 00000204 t tt_delta_interpolate.part.0
02320f18 00000f04 t TT_Vary_Apply_Glyph_Deltas
02321e1c 00000248 t iup_worker_interpolate_
02322064 00000094 t Modify_CVT_Check.part.0
023220f8 00000068 t Write_CVT
02322160 000000a0 t Move_CVT_Stretched
02322200 0000008c t Write_CVT_Stretched
0232228c 000000b8 t tt_get_interface
02322344 00000118 t tt_property_set
0232245c 00000224 t Ins_DELTAP.constprop.0
02322680 00000498 t Ins_IP.constprop.0
02322b18 00000308 t Ins_ISECT.constprop.0
02322e20 0000033c t Ins_MIRP.constprop.0
0232315c 000001c4 t Compute_Point_Displacement.constprop.0
02323320 00000098 t Ins_JMPR.constprop.0
023233b8 000000d0 t SetSuperRound.constprop.0
02323488 00000178 t tt_size_reset
02323600 00000084 t tt_size_select
02323684 0000014c t tt_size_request
023237d0 00000070 t Move_CVT
02323840 00000410 t Ins_IUP.constprop.0
02323c50 00000aa0 t tt_set_mm_blend
023246f0 00000008 t TT_Set_MM_Blend
023246f8 00000180 t TT_Get_Var_Design
02324878 000002a8 t TT_Set_Var_Design
02324b20 000001a8 t TT_Set_Named_Instance
02324cc8 00000180 t TT_Get_MM_Blend
02324e48 0000139c t load_truetype_glyph
023261e4 0000011c t Ins_SxVTL.constprop.0
02326300 00000270 t tt_done_blend
02326570 000000fc t tt_face_done
0232666c 000000dc t Current_Ppem_Stretched
02326748 000000e4 t Read_CVT_Stretched
0232682c 0000011c t Ins_UNKNOWN.constprop.0
02326948 00003080 T TT_RunIns
023299c8 000000b4 T TT_New_Context
02329a7c 00001280 t tt_glyph_load
0232acfc 0000003c t compare_kern_pairs
0232ad38 00000008 t t1_get_ps_name
0232ad40 0000004c t t1_ps_get_font_info
0232ad8c 00000010 t t1_ps_get_font_extra
0232ad9c 00000008 t t1_ps_has_glyph_names
0232ada4 00000034 t t1_ps_get_font_private
0232add8 00000078 t T1_Get_Multi_Master
0232ae50 00000168 t T1_Set_MM_WeightVector
0232afb8 0000010c t T1_Get_MM_WeightVector
0232b0c4 00000048 t parse_buildchar
0232b10c 00000010 t parse_private
0232b11c 0000010c t read_binary_data
0232b228 00000018 t T1_GlyphSlot_Done
0232b240 000000ac t T1_Driver_Init
0232b2ec 00000004 t T1_Driver_Done
0232b2f0 0000008c t T1_GlyphSlot_Init
0232b37c 000002b8 t T1_Parse_Glyph_And_Get_Char_String
0232b634 00000074 t T1_Parse_Glyph
0232b6a8 0000015c t T1_Compute_Max_Advance
0232b804 00000180 t T1_Get_Advances
0232b984 00000204 t T1_Done_Blend
0232bb88 000005b8 t parse_encoding
0232c140 00000560 t T1_Load_Glyph
0232c6a0 00000090 t t1_get_name_index
0232c730 00000274 t t1_allocate_blend
0232c9a4 0000020c t parse_weight_vector
0232cbb0 000003ac t parse_blend_design_positions
0232cf5c 000007c0 t parse_dict
0232d71c 000000a8 t read_pfb_tag
0232d7c4 00000850 t parse_charstrings
0232e014 000004c0 t parse_subrs
0232e4d4 00000168 t t1_parse_font_matrix
0232e63c 0000000c t Get_Interface
0232e648 000000f4 t mm_axis_unmap
0232e73c 0000011c t T1_Get_Track_Kerning
0232e858 00000850 t t1_ps_get_font_value
0232f0a8 00000038 t t1_get_glyph_name
0232f0e0 00000194 t mm_weights_unmap
0232f274 00000108 t T1_Get_MM_Blend
0232f37c 000000f4 t T1_Get_Var_Design
0232f470 0000030c t T1_Get_MM_Var
0232f77c 000000e4 t t1_get_index
0232f860 000000c4 t check_type1_format.part.0
0232f924 0000009c t Get_Kerning
0232f9c0 00000074 t T1_Size_Get_Globals_Funcs.isra.0
0232fa34 00000080 t T1_Size_Init
0232fab4 00000068 t T1_Size_Done
0232fb1c 0000008c t T1_Size_Request
0232fba8 0000017c t t1_set_mm_blend.isra.0
0232fd24 000001e8 t T1_Set_MM_Design
0232ff0c 00000094 t T1_Set_Var_Design
0232ffa0 00000010 t T1_Reset_MM_Blend
0232ffb0 00000008 t T1_Set_MM_Blend
0232ffb8 00000d98 t T1_Open_Face
02330d50 000004a8 t T1_Face_Init
023311f8 000001e0 t T1_Face_Done
023313d8 00000520 t T1_Read_Metrics
023318f8 00000204 t parse_blend_axis_types
02331afc 000002ac t parse_blend_design_map
02331da8 0000001c t cff_cmap_encoding_init
02331dc4 0000000c t cff_cmap_encoding_done
02331dd0 00000020 t cff_cmap_encoding_char_index
02331df0 00000098 t cff_cmap_encoding_char_next
02331e88 00000054 t cff_cmap_unicode_init
02331edc 00000018 t cff_cmap_unicode_char_index
02331ef4 00000018 t cff_cmap_unicode_char_next
02331f0c 0000005c t cff_get_kerning
02331f68 0000000c t cff_ps_has_glyph_names
02331f74 00000034 t cff_get_is_cid
02331fa8 00000058 t cff_get_cid_from_glyph_index
02332000 00000010 t cff_set_mm_blend
02332010 00000010 t cff_get_mm_blend
02332020 00000010 t cff_set_mm_weightvector
02332030 00000010 t cff_get_mm_weightvector
02332040 00000010 t cff_construct_ps_name
02332050 00000010 t cff_get_mm_var
02332060 00000010 t cff_set_var_design
02332070 00000010 t cff_get_var_design
02332080 00000010 t cff_set_named_instance
02332090 00000010 t cff_get_default_named_instance
023320a0 00000010 t cff_load_item_variation_store
023320b0 00000010 t cff_load_delta_set_index_mapping
023320c0 00000010 t cff_get_item_delta
023320d0 00000010 t cff_done_item_variation_store
023320e0 00000010 t cff_done_delta_set_index_map
023320f0 00000010 t cff_hadvance_adjust
02332100 00000010 t cff_metrics_adjust
02332110 000000d0 t cff_parse_integer
023321e0 0000002c t cff_get_standard_encoding
0233220c 000000b0 t cff_fd_select_get
023322bc 00000010 t cff_get_var_blend
023322cc 00000018 t cff_done_blend
023322e4 00000018 t cff_slot_done
023322fc 000000ac t cff_driver_init
023323a8 00000004 t cff_driver_done
023323ac 00000044 t cff_cmap_unicode_done
023323f0 00000104 t cff_vstore_done
023324f4 00000090 t cff_slot_init
02332584 000002ec t cff_make_private_dict
02332870 00000078 t cff_index_done
023328e8 000000c4 t cff_get_cmap_info
023329ac 000000b4 t cff_get_ps_name
02332a60 0000044c t cff_parse_real
02332eac 00000174 t cff_get_name_index
02333020 000001bc t cff_charset_compute_cids
023331dc 00000084 t cff_blend_check_vector
02333260 0000037c t cff_blend_build_vector
023335dc 0000060c t cff_index_get_pointers
02333be8 00000064 t cff_index_get_sid_string
02333c4c 00000104 t cff_get_ros
02333d50 0000016c t cff_ps_get_font_info
02333ebc 00000128 t cff_get_glyph_name
02333fe4 00000194 t cff_ps_get_font_extra
02334178 00000088 t cff_subfont_done.part.0
02334200 000000a8 t cff_get_interface
023342a8 00000074 t cff_size_get_globals_funcs.isra.0
0233431c 00000250 t cff_size_init
0233456c 00000108 t cff_size_done
02334674 00000174 t cff_size_select
023347e8 00000234 t cff_size_request
02334a1c 00000230 t cff_face_done
02334c4c 00000380 t cff_parse_font_matrix
02334fcc 00000168 t do_fixed.isra.0
02335134 000000c4 t cff_parse_font_bbox
023351f8 00000084 t cff_parse_num.isra.0
0233527c 000000b0 t cff_parse_private_dict
0233532c 00000094 t cff_parse_multiple_master
023353c0 00000094 t cff_parse_cid_ros
02335454 00000078 t cff_parse_vsindex
023354cc 000003cc t cff_parser_run
02335898 0000026c t cff_load_private_dict
02335b04 0000006c t cff_free_glyph_data
02335b70 00000390 t cff_parse_blend
02335f00 000002ac t cff_index_access_element
023361ac 00000078 t cff_get_glyph_data
02336224 00000a30 t cff_slot_load
02336c54 00000044 t cff_glyph_load
02336c98 000002b0 t cff_get_advances
02336f48 000000ec t cff_index_get_name
02337034 00000258 t cff_index_init
0233728c 00000430 t cff_subfont_load
023376bc 00001f78 t cff_face_init
02339634 00000070 t cff_sid_to_glyph_name
023396a4 000000dc t cff_parse_maxstack
02339780 00000060 t parse_expansion_factor
023397e0 00000004 t parse_font_name
023397e4 00000018 t cid_slot_done
023397fc 000000ac t cid_driver_init
023398a8 00000004 t cid_driver_done
023398ac 00000020 t cid_get_postscript_name
023398cc 0000004c t cid_ps_get_font_info
02339918 00000010 t cid_ps_get_font_extra
02339928 00000038 t cid_get_ros
02339960 00000018 t cid_get_is_cid
02339978 0000008c t cid_slot_init
02339a04 00000188 t cid_face_done
02339b8c 0000025c t cid_compute_fd_and_offsets
02339de8 000004fc t cid_load_glyph
0233a2e4 0000042c t cid_slot_load_glyph
0233a710 00000054 t cid_get_cid_from_glyph_index
0233a764 000001b4 t cid_parse_font_matrix
0233a918 00000150 t parse_fd_array
0233aa68 0000000c t cid_get_interface
0233aa74 00000074 t cid_size_get_globals_funcs.isra.0
0233aae8 0000008c t cid_size_init
0233ab74 00000068 t cid_size_done
0233abdc 00000094 t cid_size_request
0233ac70 00000f38 t cid_face_open
0233bba8 000002e4 t cid_face_init
0233be8c 00000094 t pfr_cmap_init
0233bf20 00000010 t pfr_cmap_done
0233bf30 00000078 t pfr_cmap_char_index
0233bfa8 000000d0 t pfr_cmap_char_next
0233c078 00000054 t pfr_get_advance
0233c0cc 000000e0 t pfr_glyph_close_contour
0233c1ac 0000022c t pfr_face_get_kerning
0233c3d8 00000288 t pfr_extra_item_load_bitmap_info
0233c660 0000007c t pfr_slot_done
0233c6dc 00000058 t pfr_slot_init
0233c734 00000120 t pfr_extra_item_load_stem_snaps
0233c854 00000194 t pfr_extra_item_load_kerning_pairs
0233c9e8 000000c4 t pfr_extra_item_load_font_id
0233caac 000001d4 t pfr_aux_name_load
0233cc80 0000000c t pfr_get_service
0233cc8c 000000c0 t pfr_get_metrics
0233cd4c 000000a8 t pfr_get_kerning
0233cdf4 00000128 t pfr_face_done
0233cf1c 000000cc t pfr_glyph_line_to.isra.0
0233cfe8 00000c60 t pfr_glyph_load_rec
0233dc48 00000b20 t pfr_slot_load
0233e768 00000d98 t pfr_face_init
0233f500 00000008 t t42_get_ps_font_name
0233f508 0000004c t t42_ps_get_font_info
0233f554 00000010 t t42_ps_get_font_extra
0233f564 00000008 t t42_ps_has_glyph_names
0233f56c 00000004 t T42_Driver_Done
0233f570 0000009c t T42_Size_Select
0233f60c 0000009c t T42_Size_Request
0233f6a8 00000210 t T42_GlyphSlot_Load
0233f8b8 00000010 t T42_GlyphSlot_Done
0233f8c8 000000b4 t T42_GlyphSlot_Init
0233f97c 00000058 t T42_Size_Init
0233f9d4 00000150 t T42_Face_Done
0233fb24 00000064 t T42_Driver_Init
0233fb88 00000654 t t42_parse_charstrings
023401dc 000000e0 t t42_get_name_index
023402bc 00000630 t t42_parse_sfnts
023408ec 00000158 t t42_parse_font_matrix
02340a44 0000000c t T42_Get_Interface
02340a50 00000038 t t42_get_glyph_name
02340a88 00000054 t T42_Size_Done
02340adc 00000c60 t T42_Face_Init
0234173c 00000584 t t42_parse_encoding
02341cc0 0000002c t fnt_cmap_init
02341cec 00000024 t fnt_cmap_char_index
02341d10 00000050 t fnt_cmap_char_next
02341d60 00000034 t winfnt_get_header
02341d94 0000006c t FNT_Size_Select
02341e00 000002dc t FNT_Load_Glyph
023420dc 0000008c t fnt_font_done
02342168 000000f4 t fnt_font_load
0234225c 0000000c t winfnt_get_service
02342268 00000cb0 t FNT_Face_Init
02342f18 00000054 t FNT_Face_Done
02342f6c 000000fc t FNT_Size_Request
02343068 00000018 t pcf_cmap_init
02343080 0000000c t pcf_cmap_done
0234308c 00000068 t pcf_cmap_char_index
023430f4 00000154 t pcf_cmap_char_next
02343248 0000001c t pcf_get_charset_id
02343264 00000008 t pcf_property_set
0234326c 00000008 t pcf_property_get
02343274 00000008 t pcf_driver_init
0234327c 00000004 t pcf_driver_done
02343280 00000064 t PCF_Size_Select
023432e4 000003b8 t PCF_Glyph_Load
0234369c 0000000c t pcf_driver_requester
023436a8 000001a8 t PCF_Face_Done.part.0
02343850 0000000c t PCF_Face_Done
0234385c 000000a4 t pcf_find_property.isra.0
02343900 0000008c t pcf_get_bdf_property
0234398c 000000fc t PCF_Size_Request
02343a88 000002e8 t pcf_get_accel
02343d70 00001854 t pcf_load_font
023455c4 000002cc t PCF_Face_Init
02345890 000000d0 t bdf_atol_
02345960 000000d0 t bdf_atos_
02345a30 00000028 t by_encoding
02345a58 00000008 t bdf_parse_end_
02345a60 00000024 t bdf_cmap_init
02345a84 00000010 t bdf_cmap_done
02345a94 00000080 t bdf_cmap_char_index
02345b14 000000c0 t bdf_cmap_char_next
02345bd4 0000001c t bdf_get_charset_id
02345bf0 00000064 t BDF_Size_Select
02345c54 00000180 t BDF_Glyph_Load
02345dd4 0000010c t bdf_list_ensure_
02345ee0 000000b8 t bdf_add_comment_
02345f98 0000000c t bdf_driver_requester
02345fa4 0000008c t bdf_atoul_
02346030 0000009c t bdf_atous_
023460cc 00000228 t bdf_free_font.part.0
023462f4 000000c4 t BDF_Face_Done
023463b8 00000304 t bdf_list_split_.part.0
023466bc 000000b8 t bdf_list_join_.constprop.0
02346774 00000074 t bdf_list_shift_.constprop.0
023467e8 00000648 t bdf_add_property_.isra.0
02346e30 00000100 t BDF_Size_Request
02346f30 000000cc t bdf_get_bdf_property
02346ffc 000004cc t bdf_parse_properties_
023474c8 000012a4 t BDF_Face_Init
0234876c 00000a9c t bdf_parse_start_
02349208 00000f58 t bdf_parse_glyphs_
0234a160 000000d0 t premultiply_data
0234a230 00000068 t convert_bytes_to_data
0234a298 00000004 t warning_callback
0234a29c 0000009c t get_sfnt_table
0234a338 0000006c t sfnt_table_info
0234a3a4 00000034 t sfnt_is_postscript
0234a3d8 0000002c t sfnt_is_alphanumeric
0234a404 000000e0 t sfnt_get_name_id
0234a4e4 0000002c t compare_offsets
0234a510 0000000c t tt_cmap_init
0234a51c 00000020 t tt_cmap0_char_index
0234a53c 0000008c t tt_cmap0_char_next
0234a5c8 0000001c t tt_cmap0_get_info
0234a5e4 000001f0 t tt_cmap2_char_next
0234a7d4 0000001c t tt_cmap2_get_info
0234a7f0 0000002c t tt_cmap4_init
0234a81c 00000120 t tt_cmap4_set_range
0234a93c 000001b0 t tt_cmap4_next
0234aaec 000002b0 t tt_cmap4_char_map_linear
0234ad9c 00000670 t tt_cmap4_char_map_binary
0234b40c 00000060 t tt_cmap4_char_index
0234b46c 00000098 t tt_cmap4_char_next
0234b504 0000001c t tt_cmap4_get_info
0234b520 00000030 t tt_cmap6_char_index
0234b550 000000a4 t tt_cmap6_char_next
0234b5f4 0000001c t tt_cmap6_get_info
0234b610 00000074 t tt_cmap8_char_index
0234b684 00000100 t tt_cmap8_char_next
0234b784 0000001c t tt_cmap8_get_info
0234b7a0 0000003c t tt_cmap10_char_index
0234b7dc 00000094 t tt_cmap10_char_next
0234b870 0000001c t tt_cmap10_get_info
0234b88c 00000020 t tt_cmap12_init
0234b8ac 000000e8 t tt_cmap12_next
0234b994 00000190 t tt_cmap12_char_map_binary
0234bb24 0000002c t tt_cmap12_char_index
0234bb50 0000001c t tt_cmap12_get_info
0234bb6c 00000020 t tt_cmap13_init
0234bb8c 0000008c t tt_cmap13_next
0234bc18 00000158 t tt_cmap13_char_map_binary
0234bd70 0000002c t tt_cmap13_char_index
0234bd9c 0000001c t tt_cmap13_get_info
0234bdb8 00000024 t tt_cmap14_init
0234bddc 00000008 t tt_cmap14_char_index
0234bde4 00000010 t tt_cmap14_char_next
0234bdf4 00000018 t tt_cmap14_get_info
0234be0c 00000074 t tt_cmap14_char_map_def_binary
0234be80 0000006c t tt_cmap14_char_map_nondef_binary
0234beec 0000006c t tt_cmap14_find_variant
0234bf58 000000e8 t tt_cmap14_char_var_index
0234c040 000000d4 t tt_cmap14_char_var_isdefault
0234c114 0000003c t tt_cmap_unicode_init
0234c150 00000014 t tt_cmap_unicode_char_index
0234c164 00000014 t tt_cmap_unicode_char_next
0234c178 00000020 t tt_get_cmap_info
0234c198 0000015c t tt_face_get_colr_layer
0234c2f4 0000008c t get_child_table_pointer
0234c380 0000012c t get_deltas_for_var_index_base
0234c4ac 000000e8 t tt_face_get_colr_glyph_paint
0234c594 000000c0 t tt_face_get_paint_layers
0234c654 000000d0 t tt_face_palette_set
0234c724 0000001c t extract_svg_doc
0234c740 000001b4 t tt_face_get_kerning
0234c8f4 000000b4 t tt_sbit_decoder_load_metrics
0234c9a8 00000298 t tt_sbit_decoder_load_byte_aligned
0234cc40 000002c0 t tt_sbit_decoder_load_bit_aligned
0234cf00 0000000c t sfnt_get_interface
0234cf0c 00000210 t tt_face_load_kern
0234d11c 00000044 t tt_face_free_sbit
0234d160 000002c4 t tt_face_get_metrics
0234d424 000000d4 t tt_name_ascii_from_other
0234d4f8 000000e4 t tt_name_ascii_from_utf16
0234d5dc 00000060 t tt_face_free_svg
0234d63c 00000324 t tt_face_get_name
0234d960 000000a4 t tt_face_free_colr
0234da04 00000060 t tt_face_free_cpal
0234da64 000000b8 t tt_face_free_ps_names
0234db1c 00000114 t tt_face_free_name
0234dc30 00000290 t sfnt_done_face
0234dec0 00000044 t sfnt_stream_close
0234df04 00000058 t tt_cmap14_done
0234df5c 00000044 t tt_cmap_unicode_done
0234dfa0 00000388 t tt_face_load_svg_doc
0234e328 0000017c t tt_face_load_svg
0234e4a4 000004cc t tt_face_colr_blend_layer
0234e970 0000048c t tt_face_load_colr
0234edfc 000000a0 t tt_face_load_hmtx
0234ee9c 000004f8 t tt_face_load_cpal
0234f394 0000030c t tt_face_load_strike_metrics
0234f6a0 0000018c t tt_face_load_gasp
0234f82c 0000000c t tt_face_set_sbit_strike
0234f838 0000047c t tt_face_load_sbit
0234fcb4 00000080 t tt_face_load_pclt
0234fd34 00000444 t tt_face_load_name
02350178 00000130 t tt_face_load_maxp
023502a8 000000c8 t tt_face_load_hhea
02350370 000004e8 t Load_SBit_Png
02350858 0000007c t tt_sbit_decoder_load_png
023508d4 0000003c t error_callback
02350910 000000d0 t tt_cmap0_validate
023509e0 00000260 t tt_cmap2_validate
02350c40 00000520 t tt_cmap4_validate
02351160 000000e0 t tt_cmap6_validate
02351240 000002d4 t tt_cmap8_validate
02351514 00000108 t tt_cmap10_validate
0235161c 00000190 t tt_cmap12_validate
023517ac 00000190 t tt_cmap13_validate
0235193c 00000398 t tt_cmap14_validate
02351cd4 00000090 t tt_cmap12_char_next
02351d64 00000090 t tt_cmap13_char_next
02351df4 00000090 t tt_face_load_cmap
02351e84 000005ac t tt_face_get_ps_name.part.0
02352430 00000028 t tt_face_get_ps_name
02352458 00000080 t tt_face_load_head
023524d8 000000a8 t tt_face_load_post
02352580 00000160 t tt_face_load_os2
023526e0 00000094 t read_data_from_FT_Stream
02352774 000005c0 t tt_face_load_font_dir
02352d34 000002ac t tt_face_build_cmaps.isra.0
02352fe0 00000f80 t sfnt_init_face
02353f60 00000180 t get_apple_string.isra.0
023540e0 00000198 t get_win_string.isra.0
02354278 00000b54 t sfnt_get_ps_name
02354dcc 00000080 t tt_face_load_bhed
02354e4c 000000c8 t sfnt_get_name_index
02354f14 0000005c t tt_get_glyph_name
02354f70 000000ac t sfnt_get_glyph_name
0235501c 000000f4 t tt_face_goto_table
02355110 00000138 t sfnt_load_table
02355248 000000c4 t tt_cmap2_char_index
0235530c 00000138 t tt_face_load_any
02355444 00000550 t tt_face_find_bdf_prop
02355994 000000c0 t sfnt_get_charset_id
02355a54 00000110 t tt_cmap14_variants
02355b64 00000118 t tt_cmap14_get_nondef_chars
02355c7c 00000244 t tt_cmap14_get_def_chars
02355ec0 00000540 t tt_cmap14_variant_chars
02356400 00000194 t tt_cmap14_char_variants
02356594 00000730 t tt_sbit_decoder_load_image
02356cc4 0000019c t tt_sbit_decoder_load_compound
02356e60 00000628 t tt_face_load_sbit_image
02357488 00000fd4 t sfnt_load_face
0235845c 0000022c t tt_face_get_colorline_stops
02358688 00000408 t tt_face_get_color_glyph_clipbox
02358a90 000011a8 t tt_face_get_paint
02359c38 00000024 t af_cjk_get_standard_widths
02359c5c 000000a0 t af_cjk_hints_init
02359cfc 00000084 t af_cjk_snap_width
02359cfc 00000084 t af_latin_snap_width
02359d80 00000038 t af_dummy_hints_init
02359db8 00000200 t af_sort_and_quantize_widths
02359fb8 00000024 t af_latin_get_standard_widths
02359fdc 000001d8 t af_latin_hints_link_segments
0235a1b4 000000a4 t af_latin_hints_init
0235a258 00000070 t af_autofitter_init
0235a2c8 00000004 t af_autofitter_done
0235a2cc 00000204 t af_cjk_hints_compute_blue_edges
0235a4d0 00000868 t af_glyph_hints_reload
0235ad38 00000994 t af_latin_hints_compute_segments
0235b6cc 00000228 t af_axis_hints_new_edge
0235b8f4 000002b0 t af_glyph_hints_align_strong_points
0235bba4 000001d4 t af_cjk_metrics_scale_dim
0235bd78 00000080 t af_cjk_metrics_scale
0235bdf8 000004f0 t af_latin_hints_compute_edges
0235c2e8 000004a8 t af_latin_metrics_scale_dim
0235c790 00000060 t af_latin_metrics_scale
0235c7f0 0000013c t af_glyph_hints_done
0235c92c 000000e4 t af_face_globals_free
0235ca10 0000000c t af_get_interface
0235ca1c 00000804 t af_cjk_hints_detect_features
0235d220 000001dc t af_iup_interp.part.0
0235d3fc 000002e0 t af_glyph_hints_align_weak_points
0235d6dc 00000470 t af_face_globals_new
0235db4c 00000348 t af_property_set
0235de94 00000298 t af_loader_compute_darkening.isra.0
0235e12c 000009e4 t af_autofitter_load_glyph
0235eb10 000002c4 t af_latin_compute_stem_width.isra.0
0235edd4 00000058 t af_glyph_hints_save.isra.0
0235ee2c 00000088 t af_dummy_hints_apply
0235eeb4 000001f4 t af_cjk_compute_stem_width.isra.0
0235f0a8 00000280 t af_hint_normal_stem
0235f328 00000024 t af_indic_get_standard_widths
0235f34c 00000080 t af_indic_metrics_scale
0235f3cc 000009e8 t af_cjk_hints_apply
0235fdb4 00000004 t af_indic_hints_apply
0235fdb8 000000a0 t af_indic_hints_init
0235fe58 00000eec t af_latin_hints_apply
02360d44 00000200 t af_property_get
02360f44 00000180 T af_shaper_get_cluster
023610c4 00000320 t af_cjk_metrics_init_widths
023613e4 00000540 t af_cjk_metrics_init_blues
02361924 0000033c t af_latin_metrics_init_widths
02361c60 00000d38 t af_latin_metrics_init_blues
02362998 00000184 t af_latin_metrics_init
02362b1c 00000140 t af_cjk_metrics_check_digits.isra.0
02362c5c 000000a0 t af_indic_metrics_init
02362cfc 000000ac t af_cjk_metrics_init
02362da8 0000009c t psh_hint_table_record
02362e44 00000008 t pshinter_get_globals_funcs
02362e4c 00000008 t pshinter_get_t1_funcs
02362e54 00000008 t pshinter_get_t2_funcs
02362e5c 0000002c t t1_hints_open
02362e88 0000002c t t2_hints_open
02362eb4 000000e4 t psh_globals_scale_widths
02362f98 000002f8 t psh_globals_set_scale
02363290 00000114 t ps_hinter_init
023633a4 000000a8 t ps_mask_table_done
0236344c 00000130 t ps_mask_table_alloc
0236357c 000000b4 t ps_mask_ensure
02363630 0000002c t psh_globals_destroy
0236365c 00000508 t psh_hint_align
02363b64 000002fc t ps_mask_table_merge_all
02363e60 000001f0 t psh_blues_set_zones_0.isra.0
02364050 00000234 t psh_blues_set_zones
02364284 00000248 t psh_hint_table_find_strong_points.isra.0
023644cc 0000029c t psh_hint_table_init.isra.0
02364768 00000170 t psh_hint_table_activate_mask.isra.0
023648d8 000000b0 t ps_hints_close.part.0
02364988 00000018 t t1_hints_close
023649a0 000000b0 t ps_hinter_done
02364a50 00000018 t t2_hints_close
02364a68 00000184 t ps_dimension_set_mask_bits
02364bec 000000e4 t ps_hints_t2counter
02364cd0 000000e4 t ps_hints_t2mask
02364db4 000000dc t ps_hints_t1reset
02364e90 00001430 t ps_hints_apply.part.0
023662c0 00000024 t t2_hints_apply
023662e4 00000024 t t1_hints_apply
02366308 00000338 t psh_globals_new
02366640 000002c0 t ps_dimension_add_t1stem
02366900 000000a4 t t1_hints_stem
023669a4 00000198 t t2_hints_stems
02366b3c 00000304 t ps_hints_t1stem3
02366e40 00000004 t gray_raster_reset
02366e44 00000008 t gray_raster_set_mode
02366e4c 00000018 t ft_smooth_set_mode
02366e64 00000068 t ft_smooth_init
02366ecc 000000cc t ft_smooth_lcd_spans
02366f98 0000008c t ft_smooth_overlap_spans
02367024 0000000c t gray_raster_done
02367030 000000c4 t gray_convert_glyph_inner
023670f4 000000cc t gray_set_cell
023671c0 000004b4 t gray_render_line
02367674 0000003c t gray_line_to
023676b0 00000068 t gray_move_to
02367718 00000690 t gray_convert_glyph
02367da8 0000019c t gray_raster_render
02367f44 00000058 t gray_raster_new
02367f9c 00000034 t ft_smooth_get_cbox
02367fd0 00000860 t ft_smooth_render
02368830 0000007c t ft_smooth_transform
023688ac 000002d8 t gray_render_cubic.isra.0
02368b84 00000044 t gray_cubic_to
02368bc8 00000204 t gray_render_conic.isra.0
02368dcc 0000003c t gray_conic_to
02368e08 000000d8 t New_Profile
02368ee0 000000b8 t End_Profile
02368f98 00000124 t Insert_Y_Turn
023690bc 0000006c t Split_Conic
02369128 000000ac t Split_Cubic
023691d4 0000025c t Bezier_Up
02369430 000002b0 t Conic_To
023696e0 000000b8 t Sort
02369798 00000018 t Vertical_Sweep_Init
023697b0 00000140 t Vertical_Sweep_Span
023698f0 000002c8 t Vertical_Sweep_Drop
02369bb8 00000014 t Vertical_Sweep_Step
02369bcc 00000004 t Horizontal_Sweep_Init
02369bd0 000000c4 t Horizontal_Sweep_Span
02369c94 000002e8 t Horizontal_Sweep_Drop
02369f7c 00000004 t Horizontal_Sweep_Step
02369f80 00000004 t ft_black_reset
02369f84 00000008 t ft_black_set_mode
02369f8c 00000040 t ft_raster1_init
02369fcc 00000018 t ft_raster1_set_mode
02369fe4 0000000c t ft_black_done
02369ff0 000002a4 t Line_Up
0236a294 000002e4 t Line_To
0236a578 00000058 t ft_black_new
0236a5d0 00000034 t ft_raster1_get_cbox
0236a604 000002a8 t ft_raster1_render
0236a8ac 0000007c t ft_raster1_transform
0236a928 000002fc t Cubic_To
0236ac24 00000c8c t Render_Single_Pass.constprop.0
0236b8b0 0000028c t ft_black_render
0236bb3c 00000014 t ft_svg_init
0236bb50 00000054 t ft_svg_done
0236bba4 000000a0 t ft_svg_preset_slot
0236bc44 00000154 t ft_svg_transform
0236bd98 0000000c t ft_svg_get_interface
0236bda4 00000088 t ft_svg_property_get
0236be2c 000000e8 t ft_svg_property_set
0236bf14 00000154 t ft_svg_render
0236c068 00000020 t ft_sdf_init
0236c088 00000004 t ft_sdf_done
0236c08c 00000018 t ft_sdf_set_mode
0236c0a4 00000004 t bsdf_raster_reset
0236c0a8 00000008 t bsdf_raster_set_mode
0236c0b0 000000d4 t split_cubic
0236c184 00000034 t ft_sdf_get_cbox
0236c1b8 0000000c t bsdf_raster_done
0236c1c4 0000000c t sdf_raster_done
0236c1d0 00000338 t ft_sdf_render
0236c508 0000000c t ft_sdf_requester
0236c514 000000d4 t sdf_property_get
0236c5e8 00000100 t sdf_property_set
0236c6e8 00000268 t ft_bsdf_render
0236c950 00000094 t compare_neighbor
0236c9e4 00000058 t bsdf_raster_new
0236ca3c 00000058 t sdf_raster_new
0236ca94 0000007c t ft_sdf_transform
0236cb10 00000094 t sdf_contour_done
0236cba4 00000008 t sdf_raster_set_mode
0236cbac 00000004 t sdf_raster_reset
0236cbb0 00000f8c t sdf_generate_bounding_box.isra.0
0236db3c 000000d0 t sdf_move_to
0236dc0c 00000de0 t bsdf_raster_render
0236e9ec 00000134 t sdf_line_to
0236eb20 00000180 t sdf_cubic_to
0236eca0 000001a0 t sdf_conic_to
0236ee40 00000210 t split_sdf_conic
0236f050 0000025c t split_sdf_cubic
0236f2ac 000002fc t split_sdf_shape
0236f5a8 00000928 t sdf_raster_render
0236fed0 00000004 t ft_gzip_free
0236fed4 00000168 t ft_gzip_check_header
0237003c 00000028 t ft_gzip_alloc
02370064 00000160 t ft_gzip_file_fill_output
023701c4 000001a4 t ft_gzip_file_io
02370368 00000008 t ft_gzip_stream_io
02370370 000000d4 t ft_gzip_stream_close
02370444 0000035c T FT_Stream_OpenGzip
023707a0 00000168 T FT_Gzip_Uncompress
02370908 00000088 t ft_lzw_check_header
02370990 00000214 t ft_lzwstate_get_code
02370ba4 0000012c t ft_lzwstate_stack_grow
02370cd0 000001c8 T FT_Stream_OpenLZW
02370e98 00000098 T ft_lzwstate_done
02370f30 00000078 t ft_lzw_stream_close
02370fa8 000004f4 T ft_lzwstate_io
0237149c 0000022c t ft_lzw_stream_io
023716c8 00000028 t ft_bzip2_alloc
023716f0 00000004 t ft_bzip2_free
023716f4 00000094 t ft_bzip2_stream_close
02371788 00000164 t ft_bzip2_file_fill_output
023718ec 000001c8 t ft_bzip2_stream_io
02371ab4 0000008c t ft_bzip2_check_header
02371b40 000001f4 T FT_Stream_OpenBzip2
02371d34 0000003c t afm_compare_kern_pairs
02371d70 00000170 t PS_Conv_Strtol
02371ee0 000000b8 t PS_Conv_ToInt
02371f98 000000d4 t skip_spaces
0237206c 00000108 t skip_literal_string
02372174 000000d0 t skip_string
02372244 0000020c t skip_procedure
02372450 0000027c t ps_parser_skip_PS_token
023726cc 00000008 t ps_parser_skip_spaces
023726d4 00000200 t ps_parser_to_token
023728d4 00000188 t ps_parser_to_token_array
02372a5c 00000044 t ps_parser_to_int
02372aa0 000001d8 t ps_parser_to_bytes
02372c78 0000004c t ps_parser_init
02372cc4 00000004 t ps_parser_done
02372cc8 0000003c t t1_builder_done
02372d04 00000140 t t1_builder_close_contour
02372e44 0000003c t cff_builder_done
02372e80 00000054 t cff_builder_add_point
02372ed4 00000140 t cff_builder_close_contour
02373014 0000003c t ps_builder_done
02373050 0000001c t cff_random
0237306c 00000018 t t1_cmap_std_done
02373084 00000034 t t1_cmap_standard_init
023730b8 00000034 t t1_cmap_expert_init
023730ec 0000002c t t1_cmap_custom_init
02373118 00000014 t t1_cmap_custom_done
0237312c 0000003c t t1_cmap_custom_char_index
02373168 000000d4 t t1_cmap_custom_char_next
0237323c 00000010 t psaux_get_glyph_name
0237324c 0000003c t t1_cmap_unicode_init
02373288 00000014 t t1_cmap_unicode_char_index
0237329c 00000014 t t1_cmap_unicode_char_next
023732b0 0000007c t cf2_stack_popInt
0237332c 00000074 t cf2_stack_popFixed
023733a0 0000007c t cf2_stack_getReal
0237341c 00000088 t ps_table_release
023734a4 0000003c t afm_parser_done
023734e0 00000044 t t1_cmap_unicode_done
02373524 000000d0 t ps_table_realloc
023735f4 00000008 t ps_table_done
023735fc 00000120 t ps_table_new
0237371c 000000e0 t t1_builder_add_point
023737fc 0000013c t cf2_arrstack_setNumElements
02373938 00000084 t cf2_arrstack_push
023739bc 00000168 t cf2_doStems
02373b24 0000049c t PS_Conv_ToFixed
02373fc0 00000204 t ps_tofixedarray
023741c4 00000074 t ps_parser_to_fixed_array
02374238 000006c8 t ps_parser_load_field
02374900 000001b4 t ps_parser_load_field_table
02374ab4 0000024c t ps_parser_to_coord_array
02374d00 00000054 t ps_parser_to_fixed
02374d54 00000130 t ps_builder_init
02374e84 00000160 t cf2_getSeacComponent
02374fe4 00000398 t t1_make_subfont
0237537c 00000168 t ps_decoder_init
023754e4 000000b8 t t1_builder_add_contour
0237559c 000000ac t cff_builder_add_contour
02375648 00000128 t t1_builder_init
02375770 00000134 t cff_builder_init
023758a4 00000090 t afm_parser_init
02375934 000001d0 t cf2_hintmap_map
02375b04 000000f0 t cf2_glyphpath_hintPoint
02375bf4 000004b4 t cf2_hintmap_insertHint
023760a8 00000228 t cf2_glyphpath_computeOffset
023762d0 0000041c t t1_decoder_parse_metrics
023766ec 000000ec t t1_lookup_glyph_by_stdcharcode_ps
023767d8 000000ec t t1_cmap_std_char_index
023768c4 000000d4 t t1_cmap_std_char_next
02376998 0000013c t t1_decoder_init
02376ad4 00000144 t afm_tokenize
02376c18 00000150 t cff_decoder_prepare
02376d68 00000064 t cf2_free_instance
02376dcc 00000148 t ps_table_add
02376f14 00000578 t cf2_glyphpath_pushPrevElem
0237748c 00000264 t cf2_computeDarkening.part.0.constprop.0
023776f0 000000b8 t ps_builder_add_contour.constprop.0
023777a8 00000038 t cff_check_points
023777e0 0000002c t ps_builder_check_points.part.0.isra.0
0237780c 00000038 t t1_builder_check_points
02377844 00000058 t cf2_stack_pushInt
0237789c 000000f0 t afm_stream_skip_spaces.part.0.isra.0
0237798c 00000050 t cf2_freeT1SeacComponent.isra.0
023779dc 000000a8 t cf2_getT1SeacComponent.isra.0
02377a84 0000013c t ps_builder_close_contour.isra.0
02377bc0 00000038 t cf2_builder_moveTo
02377bf8 00000054 t t1_decrypt
02377c4c 00000100 t afm_stream_read_one
02377d4c 00000100 t cff_decoder_init
02377e4c 000000b8 t afm_stream_read_string
02377f04 000001d0 t afm_parser_read_vals
023780d4 00000098 t afm_parser_next_key.constprop.0.isra.0
0237816c 000000a8 t t1_builder_add_point1
02378214 00000090 t t1_builder_start_point
023782a4 00000054 t cf2_stack_setReal
023782f8 00000058 t cf2_stack_pushFixed
02378350 00000098 t t1_decoder_done
023783e8 000000d0 t cf2_hintmask_read
023784b8 000000d8 t cff_builder_add_point1
02378590 00000090 t cff_builder_start_point
02378620 00000214 t cf2_hint_init
02378834 00000b38 t cf2_hintmap_build
0237936c 000000b8 t cf2_glyphpath_moveTo
02379424 000000b8 t cf2_glyphpath_pushMove
023794dc 000001b4 t cf2_glyphpath_lineTo
02379690 000000ac t cf2_glyphpath_closeOpenPath.part.0
0237973c 00000250 t cf2_glyphpath_curveTo
0237998c 00000238 t cf2_doFlex
02379bc4 000002c8 t cf2_builder_cubeTo
02379e8c 00000220 t cf2_builder_lineTo
0237a0ac 00000714 t afm_parser_parse
0237a7c0 00003604 t cf2_interpT2CharString
0237ddc4 00000c8c t cf2_decoder_parse_charstrings
0237ea50 0000027c t ps_unicode_value
0237eccc 00000040 t compare_uni_maps
0237ed0c 000000b4 t ps_unicodes_char_index
0237edc0 000000dc t ps_unicodes_char_next
0237ee9c 0000003c t ps_get_macintosh_name
0237eed8 00000030 t ps_get_standard_strings
0237ef08 0000000c t psnames_get_service
0237ef14 0000033c t ps_unicodes_init
0237f250 00000040 t ft_ansi_stream_close
0237f290 00000114 t ft_ansi_stream_io
0237f3a4 00000008 t ft_alloc
0237f3ac 00000008 t ft_free
0237f3b4 0000000c t ft_realloc
0237f3c0 00000118 T FT_Stream_Open
0237f4d8 00000058 T FT_New_Memory
0237f530 00000004 T FT_Done_Memory
0237f534 00000004 T FT_Trace_Disable
0237f538 00000004 T FT_Trace_Enable
0237f53c 00000028 T FT_Bitmap_Init
0237f564 00000028 T FT_Bitmap_New
0237f58c 0000028c T FT_Bitmap_Copy
0237f818 0000057c T FT_Bitmap_Convert
0237fd94 0000007c T FT_Bitmap_Done
0237fe10 0000000c t default_bzfree
0237fe1c 00000008 t default_bzalloc
0237fe24 00000068 T BZ2_bz__AssertH__fail
0237fe8c 0000013c T BZ2_bzDecompressInit
0237ffc8 0000004c T BZ2_indexIntoF
02380014 0000115c T BZ2_bzDecompress
02381170 000000d4 T BZ2_bzDecompressEnd
02381244 00003270 T BZ2_decompress
023844b4 00000240 T BZ2_hbCreateDecodeTables
023846f4 0000011c t png_colorspace_endpoints_match
02384810 00000054 T png_zalloc
02384864 00000004 T png_zfree
02384868 00000168 t png_colorspace_set_xy_and_XYZ
023849d0 000001d8 t png_compare_ICC_profile_with_sRGB
02384ba8 00000254 t png_build_16bit_table
02384dfc 0000053c t png_free_data.part.0
02385338 000000ec t png_muldiv.part.0
02385424 00000098 t png_gamma_8bit_correct.part.0
023854bc 00000104 t png_build_8bit_table
023855c0 00000098 t png_gamma_16bit_correct.part.0
02385658 00000214 t png_icc_profile_error
0238586c 00000160 t png_colorspace_check_gamma
023859cc 00000614 t png_xy_from_XYZ
02385fe0 00000080 T png_sig_cmp
02386060 0000003c T png_reset_crc
0238609c 00000078 T png_calculate_crc
02386114 00000148 T png_user_version_check
0238625c 00000188 T png_create_png_struct
023863e4 0000006c T png_create_info_struct
02386450 0000008c T png_destroy_info_struct
023864dc 00000014 T png_free_data
023864f0 00000018 T png_get_io_ptr
02386508 0000005c T png_chunk_unknown_handling
02386564 000000d4 T png_zstream_error
02386638 00000104 T png_colorspace_set_gamma
0238673c 00000074 T png_colorspace_sync_info
023867b0 0000005c T png_colorspace_sync
0238680c 000001b8 T png_colorspace_set_sRGB
023869c4 000000b8 T png_icc_check_length
02386a7c 00000368 T png_icc_check_header
02386de4 00000130 T png_icc_check_tag_table
02386f14 0000007c T png_icc_set_sRGB
02386f90 000002fc T png_colorspace_set_rgb_coefficients
0238728c 00000354 T png_check_IHDR
023875e0 00000158 T png_check_fp_number
02387738 0000008c T png_check_fp_string
023877c4 00000108 T png_muldiv
023878cc 000000a4 T png_reciprocal
02387970 00000698 t png_XYZ_from_xy
02388008 00000114 T png_colorspace_set_chromaticities
0238811c 00000018 T png_gamma_significant
02388134 000000c8 T png_reciprocal2
023881fc 00000018 T png_gamma_8bit_correct
02388214 00000068 T png_gamma_correct
0238827c 00000284 T png_destroy_gamma_table
02388500 00000778 T png_build_gamma_table
02388c78 00000154 t png_format_buffer.isra.0
02388dcc 000000bc T png_safecat
02388e88 00000254 T png_format_number
023890dc 000000f8 T png_warning
023891d4 00000088 T png_chunk_warning
0238925c 0000009c T png_free_jmpbuf
023892f8 00000038 T png_longjmp
02389330 00000068 t png_default_error
02389398 00000040 T png_error
023893d8 00000020 T png_app_warning
023893f8 00000020 T png_app_error
02389418 0000010c T png_set_longjmp_fn
02389524 00000038 T png_chunk_error
0238955c 00000020 T png_chunk_benign_error
0238957c 00000074 T png_benign_error
023895f0 00000088 T png_chunk_report
02389678 00000018 T png_set_error_fn
02389690 00000018 T png_get_error_ptr
023896a8 00000028 T png_get_valid
023896d0 000000c8 T png_get_IHDR
02389798 0000007c T png_destroy_png_struct
02389814 000000ac T png_calloc
023898c0 00000034 T png_malloc_base
023898f4 00000070 T png_malloc_array
02389964 00000160 T png_realloc_array
02389ac4 0000007c T png_malloc
02389b40 00000084 T png_malloc_warn
02389bc4 0000002c T png_free
02389bf0 00000018 T png_set_mem_fn
02389c08 000004d8 t png_read_info.part.0
0238a0e0 0000053c t png_read_end.part.0
0238a61c 0000006c T png_create_read_struct
0238a688 00000014 T png_read_info
0238a69c 00000070 T png_read_update_info
0238a70c 00000484 T png_read_row
0238ab90 000001e0 T png_read_image
0238ad70 0000000c T png_read_end
0238ad7c 0000018c T png_destroy_read_struct
0238af08 00000060 T png_default_read_data
0238af68 0000002c T png_read_data
0238af94 00000074 T png_set_read_fn
0238b008 00000254 t png_do_gray_to_rgb
0238b25c 000005e4 t png_do_expand
0238b840 00000038 T png_set_strip_16
0238b878 0000003c T png_set_palette_to_rgb
0238b8b4 00000038 T png_set_expand_gray_1_2_4_to_8
0238b8ec 0000003c T png_set_tRNS_to_alpha
0238b928 00000038 T png_set_gray_to_rgb
0238b960 00000014 T png_set_read_user_transform_fn
0238b974 00000ed4 T png_init_read_transformations
0238c848 00000324 T png_read_transform_info
0238cb6c 0000300c T png_do_read_transformations
0238fb78 00000088 t png_read_filter_row_sub
0238fc00 00000084 t png_read_filter_row_up
0238fc84 000000e4 t png_read_filter_row_avg
0238fd68 000000ac t png_read_filter_row_paeth_1byte_pixel
0238fe14 00000138 t png_read_filter_row_paeth_multibyte_pixel
0238ff4c 0000018c t png_inflate_claim
023900d8 00000104 t png_read_buffer
023901dc 000001f0 t png_inflate.constprop.0
023903cc 000002f8 t png_decompress_chunk.constprop.0
023906c4 000001dc t png_inflate_read.constprop.0.isra.0
023908a0 000000f0 T png_read_sig
02390990 000000a8 T png_crc_error
02390a38 00000100 T png_crc_finish
02390b38 0000012c t png_cache_unknown_chunk
02390c64 000001f0 T png_handle_IHDR
02390e54 00000320 T png_handle_PLTE
02391174 0000008c T png_handle_IEND
02391200 0000011c T png_handle_gAMA
0239131c 00000288 T png_handle_sBIT
023915a4 00000250 T png_handle_cHRM
023917f4 00000138 T png_handle_sRGB
0239192c 0000065c T png_handle_iCCP
02391f88 00000390 T png_handle_sPLT
02392318 00000258 T png_handle_tRNS
02392570 000002fc T png_handle_bKGD
0239286c 00000210 T png_handle_eXIf
02392a7c 00000180 T png_handle_hIST
02392bfc 00000154 T png_handle_pHYs
02392d50 00000174 T png_handle_oFFs
02392ec4 000004dc T png_handle_pCAL
023933a0 000002f4 T png_handle_sCAL
02393694 0000012c T png_handle_tIME
023937c0 00000220 T png_handle_tEXt
023939e0 00000334 T png_handle_zTXt
02393d14 000004e0 T png_handle_iTXt
023941f4 00000254 T png_handle_unknown
02394448 00000130 T png_check_chunk_length
02394578 000000f4 T png_read_chunk_header
0239466c 00000698 T png_combine_row
02394d04 0000049c T png_do_read_interlace
023951a0 00000098 T png_read_filter_row
02395238 00000344 T png_read_IDAT_data
0239557c 000000c8 T png_read_finish_IDAT
02395644 0000017c T png_read_finish_row
023957c0 000004dc T png_read_start_row
02395c9c 0000009c t check_location
02395d38 00000040 T png_set_bKGD
02395d78 000000f4 T png_set_eXIf_1
02395e6c 00000104 T png_set_hIST
02395f70 00000108 T png_set_IHDR
02396078 0000002c T png_set_oFFs
023960a4 00000498 T png_set_pCAL
0239653c 000001e8 T png_set_sCAL_s
02396724 0000002c T png_set_pHYs
02396750 00000190 T png_set_PLTE
023968e0 00000038 T png_set_sBIT
02396918 00000418 T png_set_text_2
02396d30 0000009c T png_set_tIME
02396dcc 00000268 T png_set_tRNS
02397034 00000260 T png_set_sPLT
02397294 000001c8 T png_set_unknown_chunks
0239745c 0000002c T png_set_packing
02397488 00000034 T png_set_interlace_handling
023974bc 00000098 T png_set_filler
02397554 00000248 T png_do_invert
0239779c 00000080 T png_do_swap
0239781c 000000bc T png_do_packswap
023978d8 000003e4 T png_do_strip_channel
02397cbc 00000190 T png_do_bgr
02397e4c 000001d4 T png_do_check_palette_indexes
02398020 000003ec T adler32_z
0239840c 00000004 T adler32
02398410 0000000c T get_crc_table
0239841c 00000444 T crc32_z
02398860 00000004 T crc32
02398864 0000017c t updatewindow
023989e0 0000005c t inflateStateCheck
02398a3c 000000b8 T inflateResetKeep
02398af4 00000064 T inflateReset
02398b58 00000114 T inflateReset2
02398c6c 00000144 T inflateInit2_
02398db0 00000010 T inflateInit_
02398dc0 00001f40 T inflate
0239ad00 00000088 T inflateEnd
0239ad88 00000088 T inflateValidate
0239ae10 00000640 T inflate_table
0239b450 0000000c T zlibVersion
0239b45c 00000008 T zcalloc
0239b464 00000008 T zcfree
0239b46c 0000070c T inflate_fast
0239bb78 00000090 T frexp
0239bc08 0000013c t dump_indent
0239bd44 00000018 t dump_to_strbuffer
0239bd5c 0000005c t compare_keys
0239bdb8 0000034c t dump_string
0239c104 000008e0 t do_dump
0239c9e4 000000b4 T json_dump_callback
0239ca98 000000a8 T json_dumps
0239cb40 00000234 t hashlittle
0239cd74 000000d0 t hashtable_find_pair
0239ce44 000000ac t hashtable_do_clear
0239cef0 00000104 T hashtable_init
0239cff4 00000030 T hashtable_close
0239d024 00000364 T hashtable_set
0239d388 00000090 T hashtable_get
0239d418 00000160 T hashtable_del
0239d578 0000001c T hashtable_iter
0239d594 0000001c T hashtable_iter_next
0239d5b0 00000008 T hashtable_iter_key
0239d5b8 00000008 T hashtable_iter_key_len
0239d5c0 00000008 T hashtable_iter_value
0239d5c8 00000190 T json_object_seed
0239d758 00000030 t buffer_get
0239d788 000001b8 t error_set
0239d940 00000108 t stream_unget
0239da48 000000c4 t decode_unicode_escape
0239db0c 0000024c t stream_get.part.0
0239dd58 00000cc4 t lex_scan.isra.0
0239ea1c 00000598 t parse_value
0239efb4 00000138 t parse_json
0239f0ec 00000124 T json_loadb
0239f210 00000018 T jsonp_malloc
0239f228 00000018 T jsonp_free
0239f240 00000074 T jsonp_strdup
0239f2b4 000000ac T jsonp_strndup
0239f360 00000064 T strbuffer_init
0239f3c4 00000048 T strbuffer_close
0239f40c 00000014 T strbuffer_clear
0239f420 00000008 T strbuffer_value
0239f428 0000010c T strbuffer_append_bytes
0239f534 00000030 T strbuffer_append_byte
0239f564 00000038 T strbuffer_pop
0239f59c 00000108 T jsonp_strtod
0239f6a4 000001a4 T jsonp_dtostr
0239f848 000000e0 T utf8_encode
0239f928 0000006c T utf8_check_first
0239f994 000000ec T utf8_check_full
0239fa80 00000108 T utf8_iterate
0239fb88 0000010c T utf8_check_string
0239fc94 000000c8 T jsonp_loop_check
0239fd5c 00000080 T json_object
0239fddc 00000028 T json_object_size
0239fe04 00000074 T json_object_get
0239fe78 0000002c T json_object_getn
0239fea4 00000024 T json_object_iter
0239fec8 0000002c T json_object_iter_next
0239fef4 0000000c T json_object_iter_key
0239ff00 0000000c T json_object_iter_key_len
0239ff0c 0000000c T json_object_iter_value
0239ff18 00000018 T json_object_key_to_iter
0239ff30 00000078 T json_array
0239ffa8 00000028 T json_array_size
0239ffd0 0000003c T json_array_get
023a000c 00000080 T jsonp_stringn_nocheck_own
023a008c 000000c8 T json_string
023a0154 00000028 T json_string_value
023a017c 00000028 T json_string_length
023a01a4 0000005c T json_integer
023a0200 0000002c T json_integer_value
023a022c 00000080 T json_real
023a02ac 00000028 T json_real_value
023a02d4 0000000c T json_true
023a02e0 0000000c T json_false
023a02ec 0000000c T json_null
023a02f8 00000110 T json_delete
023a0408 000000f0 T json_object_setn_new_nocheck
023a04f8 00000138 T json_object_set_new
023a0630 00000194 T json_array_append_new
023a07c4 000000ac T jsonp_error_set_source
023a0870 00000038 T jsonp_error_init
023a08a8 000000dc T jsonp_error_set
023a0984 0000002c T Mocha_GetStatusStr
023a09b0 00000058 T Mocha_DeInitLibrary
023a0a18 000000e8 T Mocha_CheckAPIVersion
023a0b30 0000010c T Mocha_InitLibrary
023a0c6c 00000084 T Mocha_IOSUKernelWrite32
023a0d00 00000104 T Mocha_IOSUKernelRead32
023a0e14 000000b4 T Mocha_ReadOTP
023a0ed8 00000090 T Mocha_UnlockFSClientEx
023a0f78 00000104 T Mocha_PrepareRPXLaunch
023a10ac 000000c8 T Mocha_LaunchHomebrewWrapperEx
023a11a4 0000006c T Mocha_LaunchRPX
023a1210 0000002c T RPXLoader_GetStatusStr
023a123c 00000008 T RPXLoader_DeInitLibrary
023a1244 00000150 T RPXLoader_GetVersion
023a13c4 00000524 T RPXLoader_InitLibrary
023a1918 00000040 T RPXLoader_UnmountCurrentRunningBundle
023a1958 00000040 T RPXLoader_GetPathOfRunningExecutable
023a1998 00000058 T __popcountsi2
023a19f0 00000040 T __fixsfdi
023a1a30 00000040 T __fixdfdi
023a1a70 000000fc T __fixunssfdi
023a1b6c 000000fc T __fixunsdfdi
023a1c68 0000009c T __floatdisf
023a1d04 00000050 T __floatdidf
023a1d54 00000068 T __floatundisf
023a1dbc 00000044 T __floatundidf
023a1e00 000003e8 T __divdi3
023a21e8 000003a0 T __moddi3
023a2588 000003b8 T __udivdi3
023a2940 00000390 T __umoddi3
023a2cd0 0000001c T __gthread_active_p
023a2cec 0000001c T __gthread_once
023a2d08 0000001c T __gthread_key_create
023a2d24 00000044 T __gthread_key_delete
023a2d68 00000044 T __gthread_getspecific
023a2dac 00000044 T __gthread_setspecific
023a2df0 00000014 T __gthread_mutex_init_function
023a2e04 0000001c T __gthread_mutex_destroy
023a2e20 0000001c T __gthread_mutex_lock
023a2e3c 0000001c T __gthread_mutex_unlock
023a2e58 00000048 T __eabi
023a2ea0 000001d0 t init_dwarf_reg_size_table
023a3070 000001cc t uw_install_context_1
023a323c 0000018c t read_encoded_value
023a33c8 0000086c t execute_stack_op
023a3c34 00000390 t uw_update_context_1
023a3fc4 00000950 t execute_cfa_program_specialized
023a4914 00000988 t execute_cfa_program_generic
023a529c 0000051c t uw_frame_state_for
023a57b8 000002d0 t uw_init_context_1
023a5a88 000001cc t _Unwind_RaiseException_Phase2
023a5c54 00000068 T _Unwind_SetGR
023a5cbc 00000014 T _Unwind_GetIPInfo
023a5cd0 00000008 T _Unwind_SetIP
023a5cd8 00000008 T _Unwind_GetLanguageSpecificData
023a5ce0 00000008 T _Unwind_GetRegionStart
023a5ce8 00000008 T _Unwind_GetDataRelBase
023a5cf0 00000008 T _Unwind_GetTextRelBase
023a5cf8 00000004 t _Unwind_DebugHook
023a5cfc 0000038c T _Unwind_RaiseException
023a6088 0000001c T _Unwind_DeleteException
023a60a4 00000020 t fde_unencoded_compare
023a60c4 00000074 t fde_unencoded_extract
023a6138 00000110 t frame_downheap
023a6248 0000000c t init_object_mutex
023a6254 0000013c t read_encoded_value_with_base
023a6390 000002a0 t fde_radixsort
023a6630 0000012c t __deregister_frame_info_bases.part.0
023a675c 0000014c t get_cie_encoding
023a68a8 000000fc t fde_mixed_encoding_extract
023a69a4 0000021c t classify_object_over_fdes.constprop.0
023a6bc0 00000108 t fde_single_encoding_extract
023a6cc8 000000d0 t fde_single_encoding_compare
023a6d98 00000150 t fde_mixed_encoding_compare
023a6ee8 000002b4 t add_fdes.isra.0
023a719c 00000308 t linear_search_fdes
023a74a4 000006ac t search_object
023a7b50 0000009c T __register_frame_info
023a7bec 00000020 T __deregister_frame_info
023a7c0c 00000260 T _Unwind_Find_FDE
023a7e6c 00000024 T __assert_func
023a7e90 000001b4 T chdir
023a8044 00000044 T clock_gettime
023a8088 00000278 T _concatenate_path
023a8300 000000ac t __dirnext
023a83ac 00000170 T opendir
023a851c 000000c4 T closedir
023a85e0 00000150 T readdir_r
023a8730 00000050 T readdir
023a8780 00000020 T __getreent
023a87a0 000000e0 T __release_handle
023a8880 00000120 T __alloc_handle
023a89a0 00000090 T __get_handle
023a8a30 00000178 T _close_r
023a8ba8 00000008 t null_write
023a8bb0 00000018 T setDefaultDevice
023a8bc8 0000014c T FindDevice
023a8d14 00000044 T RemoveDevice
023a8d58 00000118 T AddDevice
023a8e70 00000070 T sleep
023a8ee0 00000014 T __libc_lock_init
023a8ef4 00000014 T __libc_lock_acquire
023a8f08 00000014 T __libc_lock_release
023a8f1c 00000014 T __libc_lock_close
023a8f30 00000014 T __libc_lock_init_recursive
023a8f44 00000014 T __malloc_lock
023a8f58 00000014 T __malloc_unlock
023a8f6c 00000028 T _exit
023a8f94 00000064 T nanosleep
023a8ff8 00000104 T strncpy
023a90fc 0000009c T strcmp
023a9198 00000020 T toupper
023a91b8 00000040 T gettimeofday
023a91f8 00000038 T srand
023a9230 00000060 T rand
023a9290 000002f8 t _strtoll_l.isra.0
023a9588 00000060 T _strtoll_r
023a95e8 00000064 T strtoll
023a964c 00000038 T getenv
023a9684 00000190 T memset
023a9814 00000458 T _fread_r
023a9c6c 00000060 T fread
023a9ccc 000000ec T _vsnprintf_r
023a9db8 00000060 T vsnprintf
023a9e18 000000bc T setjmp
023a9ed4 000000c4 T longjmp
023a9f98 00000080 T strncasecmp
023aa018 0000007c T itoa
023aa094 00000f5c T qsort
023aaff0 000000e4 T fileno
023ab0d4 00000040 T stat
023ab114 0000004c T _localeconv_r
023ab160 0000004c T localeconv
023ab1ac 000024d8 T _vfprintf_r
023ad684 00000048 T vfprintf
023ad6cc 000000f4 t __sbprintf
023ad7c0 00000054 T ftell
023ad814 00000008 T atof
023ad81c 00000030 T unlink
023ad84c 00000084 t sulp
023ad8d0 000016b0 T _strtod_l
023aef80 0000008c T _strtod_r
023af00c 00000090 T strtod
023af09c 000001a8 T __smakebuf_r
023af244 00000038 T srandom
023af27c 00000060 T random
023af2dc 000000dc T sscanf
023af3b8 00000030 T strdup
023af3e8 0000004c T __locale_mb_cur_max
023af434 00000154 T strchr
023af588 00000010 T _wcsrtombs_r
023af598 000023c0 T _svfprintf_r
023b1958 00000174 t rshift
023b1acc 000009f0 T __gethex
023b24bc 00000140 t critical_factorization
023b25fc 00000414 t two_way_long_needle
023b2a10 000002bc T strstr
023b2ccc 0000014c T memcpy
023b2e18 00000210 t _strtoul_l.isra.0
023b3028 00000060 T _strtoul_r
023b3088 00000064 T strtoul
023b30ec 00000328 T __utf8_mbtowc
023b3414 00000030 T close
023b3444 00000018 T isspace
023b345c 00000244 T _ftello_r
023b36a0 00000030 T ftello
023b36d0 000002fc T __sflush_r
023b39cc 00000108 T _fflush_r
023b3ad4 00000058 T fflush
023b3b2c 000000c8 T strncmp
023b3bf4 00000110 T _wcrtomb_r
023b3d04 00000080 T stpcpy
023b3d84 000001bc T memmove
023b3f40 00000040 T calloc
023b3f80 00000134 t memseeker
023b40b4 0000026c t internal_open_memstream_r
023b4320 00000084 t memcloser
023b43a4 0000016c t memwriter
023b4510 00000044 T open_memstream
023b4554 00000020 T __errno
023b4574 00000164 T strlcat
023b46d8 000001e0 T _fgets_r
023b48b8 00000050 T fgets
023b4908 00000050 T setenv
023b4958 000000f0 T __utoa
023b4a48 00000198 T _fdopen_r
023b4be0 00000040 T fdopen
023b4c20 00000038 T gmtime
023b4c58 000002fc t _strtoull_l.isra.0
023b4f54 00000060 T _strtoull_r
023b4fb4 00000068 T strcasecmp
023b501c 00000100 T _calloc_r
023b511c 000000d8 T fputc
023b51f4 000000b0 T vsscanf
023b52a4 00000040 T realloc
023b52e4 00000020 T getpid
023b5304 00000024 T islower
023b5328 00000080 T strlen
023b53a8 0000006c T _strdup_r
023b5414 000001dc T _memalign_r
023b55f0 000000b8 T __sflags
023b56a8 00000878 T _malloc_r
023b5f20 00000034 T putchar
023b5f54 00000078 T strcat
023b5fcc 0000030c t quorem
023b62d8 0000163c T _dtoa_r
023b7914 000001dc T __swsetup_r
023b7af0 000001e8 T _wcsnrtombs_l
023b7cd8 000000d8 T _wcsnrtombs_r
023b7db0 00000138 T _malloc_trim_r
023b7ee8 0000032c T _free_r
023b8214 000000c0 T __strtok_r
023b82d4 00000008 T strtok_r
023b82dc 00001ec0 T __ssvfscanf_r
023ba19c 00000040 T rename
023ba1dc 00000010 T _fseek_r
023ba1ec 00000054 T fseek
023ba240 0000013c T memcmp
023ba37c 0000000c T atoi
023ba388 00000238 t _strtol_l.isra.0
023ba5c0 00000060 T _strtol_r
023ba620 00000064 T strtol
023ba684 000001d8 T _fclose_r
023ba85c 00000030 T fclose
023ba88c 00000108 T __utf8_wctomb
023ba994 00000078 T strrchr
023baa0c 000006bc T _fseeko_r
023bb0c8 00000060 T fseeko
023bb128 00000184 T snprintf
023bb2ac 0000008c T strcpy
023bb338 0000011c T stpncpy
023bb454 00000058 T malloc
023bb4ac 00000030 T free
023bb4dc 00000140 T _putc_r
023bb61c 000000a8 T open
023bb6c4 00000074 T __sread
023bb738 00000008 T __seofread
023bb740 000000b8 T __swrite
023bb7f8 00000070 T __sseek
023bb868 00000008 T __sclose
023bb870 000000a4 T fprintf
023bb914 000000ac T strlcpy
023bb9c0 0000010c T _reclaim_reent
023bbacc 00000008 T iswspace
023bbad4 0000012c T _mbrtowc_r
023bbc00 00000040 t lflush
023bbc40 000001fc T __srefill_r
023bbe3c 000000b8 T feof
023bbef4 00000050 T read
023bbf44 00000314 T gmtime_r
023bc258 00000144 T _findenv_r
023bc39c 0000019c T __swbuf_r
023bc538 000005ac T _realloc_r
023bcae4 00000060 T strspn
023bcb44 00000024 T isupper
023bcb68 000000e8 T strncat
023bcc50 00000438 T _strerror_r
023bd088 00000030 T isblank
023bd0b8 000001fc T _fwrite_r
023bd2b4 00000060 T fwrite
023bd314 0000001c t stdio_exit_handler
023bd330 00000088 t cleanup_stdio
023bd3b8 00000184 t global_stdio_init.part.0
023bd53c 000001d0 T __sfp
023bd70c 000000a4 T __sinit
023bd7b0 00000040 T __sfp_lock_acquire
023bd7f0 0000000c T __sfp_lock_release
023bd7fc 00000168 T _puts_r
023bd964 00000030 T puts
023bd994 0000056c T __sfvwrite_r
023bdf00 00000178 T memchr
023be078 0000010c T __ssprint_r
023be184 00000040 T fstat
023be1c4 000000d0 T sprintf
023be294 000000c0 T strnlen
023be354 00000070 T strcspn
023be3c4 0000009c T printf
023be460 000000f0 T __xpg_strerror_r
023be550 00000060 T lseek
023be5b0 000000f4 T _sungetc_r
023be6a4 00000080 T __ssrefill_r
023be724 000000c8 T _sfread_r
023be7ec 00000054 T __match
023be840 00000514 T __hexnan
023bed54 000000f0 T __submore
023bee44 00000018 T isalpha
023bee5c 00000178 T _fopen_r
023befd4 00000040 T fopen
023bf014 00000074 T time
023bf088 00000040 T memalign
023bf0c8 000000e0 T _raise_r
023bf1a8 00000030 T raise
023bf1d8 000000cc T signal
023bf2a4 00000060 T __sprint_r
023bf304 00000040 T __env_lock
023bf344 0000000c T __env_unlock
023bf350 000000e0 T _Balloc
023bf430 00000024 T _Bfree
023bf454 00000154 T __multadd
023bf5a8 0000015c T __s2b
023bf704 00000098 T __hi0bits
023bf79c 0000010c T __lo0bits
023bf8a8 00000108 T __i2b
023bf9b0 00000354 T __multiply
023bfd04 000001a4 T __pow5mult
023bfea8 0000026c T __lshift
023c0114 000000dc T __mcmp
023c01f0 00000328 T __mdiff
023c0518 00000094 T __ulp
023c05ac 000001a4 T __b2d
023c0750 00000198 T __d2b
023c08e8 000000e8 T __ratio
023c09d0 0000011c T __copybits
023c0aec 000000e4 T __any_on
023c0bd0 0000016c T __sccl
023c0d3c 000000b4 T _fwalk_sglue
023c0df0 000002a4 T _setenv_r
023c1094 00000060 T iswspace_l
023c10f4 00000008 T _user_strerror
023c10fc 00000188 T __ssputs_r
023c1284 00000200 T __call_exitprocs
023c1484 00000014 T atexit
023c1498 000000d8 T category
023c1570 0000012c T __register_exitproc
023c169c 00000038 T __flockfile
023c16d4 00000008 T __funlockfile
023c16dc 000000c0 T _fstat_r
023c179c 00000010 T _getpid_r
023c17ac 00000028 T _gettimeofday_r
023c17d4 00000008 T _isatty_r
023c17dc 00000010 T _kill_r
023c17ec 000000ec T _lseek_r
023c18d8 00000128 T _open_r
023c1a00 000000d0 T _read_r
023c1ad0 000000d4 T _rename_r
023c1ba4 000000b8 T _stat_r
023c1c5c 000000a4 T _unlink_r
023c1d00 000000d0 T _write_r
023c1dd0 00000058 T _restfpr_14_x
023c1dd4 00000054 T _restfpr_15_x
023c1dd8 00000050 T _restfpr_16_x
023c1ddc 0000004c T _restfpr_17_x
023c1de0 00000048 T _restfpr_18_x
023c1de4 00000044 T _restfpr_19_x
023c1de8 00000040 T _restfpr_20_x
023c1dec 0000003c T _restfpr_21_x
023c1df0 00000038 T _restfpr_22_x
023c1df4 00000034 T _restfpr_23_x
023c1df8 00000030 T _restfpr_24_x
023c1dfc 0000002c T _restfpr_25_x
023c1e00 00000028 T _restfpr_26_x
023c1e04 00000024 T _restfpr_27_x
023c1e08 00000020 T _restfpr_28_x
023c1e0c 0000001c T _restfpr_29_x
023c1e10 00000018 T _restfpr_30_x
023c1e14 00000014 T _restfpr_31_x
023c1e28 00000058 T _restgpr_14_x
023c1e2c 00000054 T _restgpr_15_x
023c1e30 00000050 T _restgpr_16_x
023c1e34 0000004c T _restgpr_17_x
023c1e38 00000048 T _restgpr_18_x
023c1e3c 00000044 T _restgpr_19_x
023c1e40 00000040 T _restgpr_20_x
023c1e44 0000003c T _restgpr_21_x
023c1e48 00000038 T _restgpr_22_x
023c1e4c 00000034 T _restgpr_23_x
023c1e50 00000030 T _restgpr_24_x
023c1e54 0000002c T _restgpr_25_x
023c1e58 00000028 T _restgpr_26_x
023c1e5c 00000024 T _restgpr_27_x
023c1e60 00000020 T _restgpr_28_x
023c1e64 0000001c T _restgpr_29_x
023c1e68 00000018 T _restgpr_30_x
023c1e6c 00000014 T _restgpr_31_x
023c1e80 t __do_global_ctors_aux
023c1ed0 T __fini
10000000 D __SBSS2_END__
10000000 D __SDATA2_START__
10008000 d _SDA2_BASE_
10026a90 d .LC2
1002d4e8 d .LC52
1002d518 d .LC54
1003f8b0 d .LC4
1003fab8 d .LC3
1004145c 00000018 d addys
10041474 00000040 d CSWTCH.47
10041508 0000000c d CSWTCH.51
100416cc 00000010 d CSWTCH.149
10041734 00000010 d CSWTCH.39
10041734 00000010 d CSWTCH.42
10041744 000125ac d titleEntry
10053cf0 00000010 d titleCats
10053d00 00000018 d titleEntries
10053d74 0000000c d CSWTCH.37
10053d80 00000014 d controllerInfo
10053d94 000003c0 d kpad
10054174 0000000a d KEYGEN_SECRET
10054180 00000028 d CSWTCH.3
100541a8 0000000f d pattern
100541b8 0000001c d CSWTCH.292
100541d4 0000000a d magic_header
100541e0 0000003c d CSWTCH.3
10054278 00000030 d months
100542a8 0000001c d days
100546dc 0000000c d mimetable.0
100546e8 00000010 d formtable.1
100546f8 00000050 d ctts.2
10054748 00000030 d cr_mime
10054a60 00000006 d nilstr.0
10054a68 00000025 d upper_digits
10054a90 00000025 d lower_digits
10054b80 00000010 d tv_zero.0
10054b90 00000048 d finit.1
10054bd8 00000030 d month_days_cumulative.0
10054c08 0000033c d tz
10054f44 0000001c d weekday
10054f60 00000030 D Curl_month
10054f90 0000001c D Curl_wkday
1005500c 0000003f d alnum
1005504c 00000030 d cr_buf
1005507c 00000030 d cr_null
100550ac 00000030 d cr_lc
100550dc 00000030 d cr_in
1005510c 00000018 d cw_raw
10055124 00000018 d cw_download
10055c28 00000010 d tv_zero.1
10055c38 00000010 d KEY_NOTUSED.0
10055c38 00000010 d KEY_NOTUSED.2
10055c48 00000100 d tolowermap
10055d48 00000100 d touppermap
10055e48 00000080 d CSWTCH.7
10055ec8 00000198 d CSWTCH.1
100560dc 00000010 d CSWTCH.254
100560ec 0000010c d protocols.1
1005650c 00000021 d badbytes.0
10056530 00000011 d hexdigits
10056548 00000054 D Curl_handler_wss
1005659c 00000054 D Curl_handler_ws
100565f0 00000018 d ws_cw_decode
10056608 00000048 d WS_FRAMES
10056670 00000070 d Curl_ssl_multi
100566e0 00000024 d ALPN_SPEC_H2_H11
10056704 00000024 d ALPN_SPEC_H2
10056728 00000024 d ALPN_SPEC_H11
1005674c 00000064 d CSWTCH.102
100567b0 00000041 d base64url
100567f4 00000042 d base64encdec
10056888 00000008 d if_host_prefix.0
10056890 00000006 d host_prefix.1
10056898 00000018 d error_writer
100568b0 00000014 d general_unencoders
100568c4 00000018 d identity_encoding
100568dc 00000018 d brotli_encoding
100568f4 00000018 d gzip_encoding
1005690c 00000018 d deflate_encoding
10056924 00000015 d s_infotype.0
1005693c 00000037 d hextable
10056978 00000018 d hds_cw_collect
10056a6c 0000000c d CSWTCH.205
10056a78 0000000c d CSWTCH.204
10056a84 00000030 d cr_exp100
10056ab4 00000054 D Curl_handler_https
10056b08 00000054 D Curl_handler_http
10056bd4 00000018 d CSWTCH.12
10056bec 00000030 D Curl_httpchunk_encoder
10056c1c 00000018 D Curl_httpchunk_unencoder
10056cb4 00000024 d lookup.0
10056cd8 00000070 D Curl_ssl_mbedtls
10056d48 00000010 d mbedtls_x509_crt_profile_fr
10056d84 00000001 d defaultVersion.0
10056d88 000001a0 d OIDtable
10056f88 00000ba8 d cs_list
10057de4 00000074 d CSWTCH.109
10057e58 00000019 d __func__.0
10057e74 00000024 d __func__.3
10057e98 00000025 d __func__.4
10057ec0 00000020 d __func__.5
10057ee0 0000001a d __func__.6
10057efc 0000001d d __func__.7
10057f1c 0000001f d __func__.9
10057f3c 00000024 d __func__.10
10057f60 00000024 d __func__.11
10057f84 0000001a d __func__.13
10057fa0 0000002c d __func__.14
10057fcc 00000025 d __func__.15
10057ff4 00000032 d __func__.16
10058028 0000002d d __func__.17
10058058 0000001b d __func__.19
10058074 0000001f d __func__.20
10058094 0000001a d __func__.21
100580b0 00000017 d __func__.22
100580c8 00000013 d __func__.28
100580dc 00000023 d __func__.31
10058100 00000025 d __func__.32
10058128 00000017 d __func__.33
10058140 0000001c d __func__.34
1005815c 0000001f d __func__.35
1005817c 00000015 d __func__.36
10058194 00000024 d __func__.37
100581b8 00000001 d static_in
10058260 00000038 d CSWTCH.22
10058298 00000023 d __func__.0
100582bc 00000100 d VALID_PATH_CHARS
100583bc 00000100 d VALID_METHOD_CHARS
100584bc 00000400 d VALID_HD_VALUE_CHARS
100588bc 00000400 d VALID_HD_NAME_CHARS
10058cbc 00000100 d DOWNCASE_TBL
10058f68 00000003 d CSWTCH.48
10058f6c 0000000c d __func__.2
10058f78 00000010 d __func__.3
10058f88 00000015 d __func__.4
10058fa0 0000000f d __func__.6
10058fb0 00001034 d static_table
10059fe4 00004040 D huff_decode_table
1005e024 00000808 D huff_sym_table
1005eae4 00000017 d __func__.0
1005eafc 00000100 d VALID_AUTHORITY_CHARS
1005ebfc 00000015 d __func__.0
1005ee38 0000000f d __func__.4
1005ee48 00000015 d __func__.6
1005ee60 0000000e d __func__.10
1005ee70 00000010 d __func__.13
1005ee80 00000012 d __func__.0
1005ee94 0000000b d __func__.0
1005eea0 00000013 d __func__.1
1005eeb4 00000016 d __func__.0
1005eecc 0000002d d __func__.2
1005eefc 00000023 d __func__.3
1005ef20 0000001a d __func__.4
1005ef3c 0000001a d __func__.5
1005ef58 00000021 d __func__.6
1005ef7c 0000001a d __func__.7
1005ef98 00000018 d __func__.8
1005efb0 00000020 d __func__.9
1005efd0 0000001c d __func__.10
1005efec 0000001e d __func__.11
1005f00c 0000001c d __func__.12
1005f028 0000001b d __func__.13
1005f044 00000022 d __func__.0
1005f068 0000000b d __func__.1
1005f074 0000001a d __func__.3
1005f090 00000010 d __func__.4
1005f0a0 00000024 d __func__.5
1005f0c4 0000001a d __func__.6
1005f0e0 00000012 d __func__.7
1005f0f4 0000001b d __func__.8
1005f110 0000001a d __func__.9
1005f150 0000001b d __func__.0
1005f2b0 00000010 d kCodeLengthPrefixValue
1005f2c0 00000010 d kCodeLengthPrefixLength
1005f2d0 00000012 d kCodeLengthCodeOrder
1005f2f8 00000100 d kReverseBits
1005f3f8 00001600 D kCmdLut
100609f8 00000084 D kBrotliBitMask
10060a7c 00000068 D _kBrotliPrefixCodeRanges
10060ae4 00000800 D _kBrotliContextLookupTable
100612e4 0000016b d kTransformsData
10061450 00000064 d kPrefixSuffixMap
100614b4 000000d9 d kPrefixSuffix
10061590 0001dfa0 d kBrotliDictionaryData
1007f530 00001720 d ciphersuite_definitions
10080c50 00000340 d ciphersuite_preference
10080fbc 00000010 d CSWTCH.191
10080fcc 00000010 d CSWTCH.84
10080fdc 0000000c d ssl_preset_suiteb_curves
10080fe8 0000000c d ssl_preset_suiteb_hashes
10080ff4 0000000c d ssl_preset_suiteb_ciphersuites
10081000 00000014 d ssl_preset_default_hashes
10081308 000000a8 d x509_crt_verify_strings
100813b0 00000010 D mbedtls_x509_crt_profile_suiteb
100813c0 00000010 D mbedtls_x509_crt_profile_default
100813d0 000002a0 d small_prime
100816ac 000001b8 D mbedtls_cipher_definitions
10081864 00000020 d chachapoly_info
10081884 00000030 d chachapoly_base_info
100818b4 00000020 d chacha20_info
100818d4 00000030 d chacha20_base_info
10081904 00000020 d arc4_128_info
10081924 00000030 d arc4_base_info
10081954 00000020 d blowfish_ctr_info
10081974 00000020 d blowfish_cfb64_info
10081994 00000020 d blowfish_cbc_info
100819b4 00000020 d blowfish_ecb_info
100819d4 00000030 d blowfish_info
10081a04 00000020 d des_ede3_cbc_info
10081a24 00000020 d des_ede3_ecb_info
10081a44 00000030 d des_ede3_info
10081a74 00000020 d des_ede_cbc_info
10081a94 00000020 d des_ede_ecb_info
10081ab4 00000030 d des_ede_info
10081ae4 00000020 d des_cbc_info
10081b04 00000020 d des_ecb_info
10081b24 00000030 d des_info
10081b54 00000020 d camellia_256_ccm_info
10081b74 00000020 d camellia_192_ccm_info
10081b94 00000020 d camellia_128_ccm_info
10081bb4 00000030 d ccm_camellia_info
10081be4 00000020 d camellia_256_gcm_info
10081c04 00000020 d camellia_192_gcm_info
10081c24 00000020 d camellia_128_gcm_info
10081c44 00000030 d gcm_camellia_info
10081c74 00000020 d camellia_256_ctr_info
10081c94 00000020 d camellia_192_ctr_info
10081cb4 00000020 d camellia_128_ctr_info
10081cd4 00000020 d camellia_256_cfb128_info
10081cf4 00000020 d camellia_192_cfb128_info
10081d14 00000020 d camellia_128_cfb128_info
10081d34 00000020 d camellia_256_cbc_info
10081d54 00000020 d camellia_192_cbc_info
10081d74 00000020 d camellia_128_cbc_info
10081d94 00000020 d camellia_256_ecb_info
10081db4 00000020 d camellia_192_ecb_info
10081dd4 00000020 d camellia_128_ecb_info
10081df4 00000030 d camellia_info
10081e24 00000020 d aes_256_ccm_info
10081e44 00000020 d aes_192_ccm_info
10081e64 00000020 d aes_128_ccm_info
10081e84 00000030 d ccm_aes_info
10081eb4 00000020 d aes_256_gcm_info
10081ed4 00000020 d aes_192_gcm_info
10081ef4 00000020 d aes_128_gcm_info
10081f14 00000030 d gcm_aes_info
10081f44 00000020 d aes_256_xts_info
10081f64 00000020 d aes_128_xts_info
10081f84 00000030 d xts_aes_info
10081fb4 00000020 d aes_256_ctr_info
10081fd4 00000020 d aes_192_ctr_info
10081ff4 00000020 d aes_128_ctr_info
10082014 00000020 d aes_256_ofb_info
10082034 00000020 d aes_192_ofb_info
10082054 00000020 d aes_128_ofb_info
10082074 00000020 d aes_256_cfb128_info
10082094 00000020 d aes_192_cfb128_info
100820b4 00000020 d aes_128_cfb128_info
100820d4 00000020 d aes_256_cbc_info
100820f4 00000020 d aes_192_cbc_info
10082114 00000020 d aes_128_cbc_info
10082134 00000020 d aes_256_ecb_info
10082154 00000020 d aes_192_ecb_info
10082174 00000020 d aes_128_ecb_info
10082194 00000030 d aes_info
100821c4 00000040 d RHs
10082204 00000040 d LHs
10082244 00000100 d SB8
10082344 00000100 d SB7
10082444 00000100 d SB6
10082544 00000100 d SB5
10082644 00000100 d SB4
10082744 00000100 d SB3
10082844 00000100 d SB2
10082944 00000100 d SB1
10082a44 0000000c d ecp_x25519_bad_point_2
10082a50 0000000c d ecp_x25519_bad_point_1
10082a5c 00000020 d x25519_bad_point_2
10082a7c 00000020 d x25519_bad_point_1
10082a9c 000000a8 d ecp_supported_curves
10082b7c 00000004 d one.0
10082b80 00000008 d Rp.1
10082b88 00000008 d Rp.2
10082b90 00000008 d Rp.3
10082b98 0000001c d curve448_part_of_n
10082bb4 00000010 d curve25519_part_of_n
10082bc4 00000040 d brainpoolP512r1_n
10082c04 00000040 d brainpoolP512r1_gy
10082c44 00000040 d brainpoolP512r1_gx
10082c84 00000040 d brainpoolP512r1_b
10082cc4 00000040 d brainpoolP512r1_a
10082d04 00000040 d brainpoolP512r1_p
10082d44 00000030 d brainpoolP384r1_n
10082d74 00000030 d brainpoolP384r1_gy
10082da4 00000030 d brainpoolP384r1_gx
10082dd4 00000030 d brainpoolP384r1_b
10082e04 00000030 d brainpoolP384r1_a
10082e34 00000030 d brainpoolP384r1_p
10082e64 00000020 d brainpoolP256r1_n
10082e84 00000020 d brainpoolP256r1_gy
10082ea4 00000020 d brainpoolP256r1_gx
10082ec4 00000020 d brainpoolP256r1_b
10082ee4 00000020 d brainpoolP256r1_a
10082f04 00000020 d brainpoolP256r1_p
10082f24 00000020 d secp256k1_n
10082f44 00000020 d secp256k1_gy
10082f64 00000020 d secp256k1_gx
10082f84 00000004 d secp256k1_b
10082f88 00000004 d secp256k1_a
10082f8c 00000020 d secp256k1_p
10082fac 00000020 d secp224k1_n
10082fcc 0000001c d secp224k1_gy
10082fe8 0000001c d secp224k1_gx
10083004 00000004 d secp224k1_b
10083008 00000004 d secp224k1_a
1008300c 0000001c d secp224k1_p
10083028 00000018 d secp192k1_n
10083040 00000018 d secp192k1_gy
10083058 00000018 d secp192k1_gx
10083070 00000004 d secp192k1_b
10083074 00000004 d secp192k1_a
10083078 00000018 d secp192k1_p
10083090 00000044 d secp521r1_n
100830d4 00000044 d secp521r1_gy
10083118 00000044 d secp521r1_gx
1008315c 00000044 d secp521r1_b
100831a0 00000044 d secp521r1_p
100831e4 00000030 d secp384r1_n
10083214 00000030 d secp384r1_gy
10083244 00000030 d secp384r1_gx
10083274 00000030 d secp384r1_b
100832a4 00000030 d secp384r1_p
100832d4 00000020 d secp256r1_n
100832f4 00000020 d secp256r1_gy
10083314 00000020 d secp256r1_gx
10083334 00000020 d secp256r1_b
10083354 00000020 d secp256r1_p
10083374 0000001c d secp224r1_n
10083390 0000001c d secp224r1_gy
100833ac 0000001c d secp224r1_gx
100833c8 0000001c d secp224r1_b
100833e4 00000020 d secp224r1_p
10083404 00000018 d secp192r1_n
1008341c 00000018 d secp192r1_gy
10083434 00000018 d secp192r1_gx
1008344c 00000018 d secp192r1_b
10083464 00000018 d secp192r1_p
10083658 00000080 d last4
1008379c 0000001c d CSWTCH.2
100837b8 00000020 d supported_digests
100837d8 0000000c D mbedtls_sha512_info
100837e4 0000000c D mbedtls_sha384_info
100837f0 0000000c D mbedtls_sha256_info
100837fc 0000000c D mbedtls_sha224_info
10083808 0000000c D mbedtls_sha1_info
10083814 0000000c D mbedtls_ripemd160_info
10083820 0000000c D mbedtls_md5_info
1008382c 00000048 d oid_pkcs12_pbe_alg
10083874 00000078 d oid_md_hmac
100838ec 000000a0 d oid_md_alg
1008398c 0000003c d oid_cipher_alg
100839c8 000000f0 d oid_ecp_grp
10083ab8 00000050 d oid_pk_alg
10083b08 00000150 d oid_sig_alg
10083c58 00000080 d oid_ext_key_usage
10083cd8 0000008c d oid_x509_ext
10083d64 00000190 d oid_x520_attr_type
10083f24 00000010 d CSWTCH.6
10083f34 00000030 D mbedtls_ecdsa_info
10083f64 00000030 D mbedtls_eckeydh_info
10083f94 00000030 D mbedtls_eckey_info
10083fc4 00000030 D mbedtls_rsa_info
10083ff4 00000004 d memset_func
10083ff8 00000040 d ripemd160_padding
10084038 00000100 d K
10084138 00000280 d K
100843b8 00001000 d S
100853b8 00000048 d P
10085400 00000028 d transposes
10085428 000000a0 d indexes
100854c8 00000020 d shifts
100854e8 00000100 d FSb4
100855e8 00000100 d FSb3
100856e8 00000100 d FSb2
100857e8 00000100 d FSb
100858e8 00000030 d SIGMA_CHARS
10085938 00000014 d s_music_interfaces
100859e8 00000010 d range_list.2
100859f8 00000010 d log2_4.3
10085a08 00000400 d inverse_db_table
10085e08 00000004 d ogg_page_header
10085fd0 00000400 D _timi_bend_coarse
100863d0 00000800 D _timi_bend_fine
10086bd0 00000400 D _timi_vol_table
10086fd0 00000200 D _timi_freq_table
10087364 00000040 d PreAmpAGCTable
100873a4 00000040 d PreAmpTable
100873e4 00000400 d LinearSlideDownTable
100877e4 00000400 d LinearSlideUpTable
10087be4 00000040 d FineLinearSlideDownTable
10087c24 00000040 d FineLinearSlideUpTable
10087c64 00000100 d ft2VibratoTable
10087d64 00000080 d ModRandomTable
10087de4 00000080 d ModSquareTable
10087e64 00000080 d ModRampDownTable
10087ee4 00000080 d ModSinusTable
10088358 00000400 d LinearSlideDownTable
10088758 00000400 d LinearSlideUpTable
10088b58 00000040 d FineLinearSlideDownTable
10088b98 00000040 d FineLinearSlideUpTable
10088bd8 00000c00 d XMLinearTable
100897d8 000000d0 d XMPeriodTable
100898a8 00000010 d retrigTable2
100898b8 00000010 d retrigTable1
100898c8 00000020 d S3MFineTuneTable
100898e8 00000020 d FreqS3MTable
10089908 00000180 d ProTrackerTunedPeriods
10089a88 00000090 d ProTrackerPeriodTable
10089b18 00000010 d ImpulseTrackerPortaVolCmd
10089b28 00000100 d gpFastMixFunctionTable
10089c28 00000100 d gpMixFunctionTable
10089d28 00000040 d MMCMP16BitFetch
10089d68 00000040 d MMCMP16BitCommands
10089da8 00000020 d MMCMP8BitFetch
10089dc8 00000020 d MMCMP8BitCommands
10089de8 00000014 d mustype
1008a064 0000003c d CSWTCH.15
1008a0a0 0000003c d CSWTCH.14
1008a0dc 0000000a d bpmvals
1008a820 00000018 d abc_setup_chordnames()::list_13
1008a838 00000008 d abc_setup_chordnames()::list_5
1008a840 00000014 d abc_setup_chordnames()::list_9sus4
1008a854 00000010 d abc_setup_chordnames()::list_7sus9
1008a864 00000010 d abc_setup_chordnames()::list_7sus4
1008a874 00000010 d abc_setup_chordnames()::list_7sus
1008a884 0000000c d abc_setup_chordnames()::list_sus9
1008a890 0000000c d abc_setup_chordnames()::list_sus
1008a89c 00000014 d abc_setup_chordnames()::list_dim9
1008a8b0 00000018 d abc_setup_chordnames()::list_11
1008a8c8 00000014 d abc_setup_chordnames()::list_M9
1008a8dc 00000014 d abc_setup_chordnames()::list_maj9
1008a8f0 00000014 d abc_setup_chordnames()::list_m9
1008a904 00000014 d abc_setup_chordnames()::list_9
1008a918 00000010 d abc_setup_chordnames()::list_dim7
1008a928 0000000c d abc_setup_chordnames()::list_dim
1008a934 00000010 d abc_setup_chordnames()::list_aug7
1008a944 0000000c d abc_setup_chordnames()::list_plus
1008a950 0000000c d abc_setup_chordnames()::list_aug
1008a95c 00000010 d abc_setup_chordnames()::list_m6
1008a96c 00000010 d abc_setup_chordnames()::list_6
1008a97c 00000010 d abc_setup_chordnames()::list_M7
1008a98c 00000010 d abc_setup_chordnames()::list_maj7
1008a99c 00000010 d abc_setup_chordnames()::list_m7
1008a9ac 00000010 d abc_setup_chordnames()::list_7
1008a9bc 0000000c d abc_setup_chordnames()::list_m
1008a9c8 0000000c d abc_setup_chordnames()::list_Maj
1008a9d4 00000040 d keySigs
1008aa14 0000003c d sig
1008aa74 00000027 d CSWTCH.97
1008aa9c 00000041 d tune
1008aae0 0000000c d pat_fun
1008beec 0000000d V typeinfo name for std::bad_alloc
1008befc 0000000c V typeinfo for std::bad_alloc
1008bf08 00000014 V vtable for std::bad_alloc
1008bf1c 00000027 V typeinfo name for __gnu_cxx::__concurrence_lock_error
1008bf44 0000000c V typeinfo for __gnu_cxx::__concurrence_lock_error
1008bf50 00000029 V typeinfo name for __gnu_cxx::__concurrence_unlock_error
1008bf7c 0000000c V typeinfo for __gnu_cxx::__concurrence_unlock_error
1008bf88 00000014 V vtable for __gnu_cxx::__concurrence_lock_error
1008bf9c 00000014 V vtable for __gnu_cxx::__concurrence_unlock_error
1008bfb0 0000000d V typeinfo name for std::exception
1008bfc0 00000020 V typeinfo name for __cxxabiv1::__forced_unwind
1008bfe0 00000024 V typeinfo name for __cxxabiv1::__foreign_exception
1008c038 00000025 V typeinfo name for __cxxabiv1::__si_class_type_info
1008c060 0000000c V typeinfo for __cxxabiv1::__si_class_type_info
1008c06c 0000002c V vtable for __cxxabiv1::__si_class_type_info
1008c098 0000000d V typeinfo name for std::type_info
1008c0a8 00000022 V typeinfo name for __cxxabiv1::__class_type_info
1008c0cc 0000000c V typeinfo for __cxxabiv1::__class_type_info
1008c0d8 0000002c V vtable for __cxxabiv1::__class_type_info
1008c104 00000010 d __func__.0
1008c114 00000010 d __func__.1
1008c124 0000001b d __func__.2
1008c140 00000030 d my_encodings
1008c170 00000024 d my_rates
1008c194 00000030 d CSWTCH.127
1008c1c4 00000015 d __func__.0
1008c1dc 000000b4 d mpg123_error
1008c290 0000001b d __func__.0
1008c2ac 00000008 d __func__.1
1008c2b4 0000000d d __func__.2
1008c2c4 0000000e d __func__.3
1008c2d4 00000008 d __func__.4
1008c2dc 0000001b d __func__.5
1008c2f8 0000000e d __func__.6
1008c308 0000000a d __func__.7
1008c314 00000024 d freqs
1008c338 00000180 d tabsel_123
1008c4b8 0000000e d __func__.0
1008c4c8 0000001c d __func__.1
1008c4e4 00000014 d __func__.2
1008c4f8 0000001f d __func__.3
1008c518 00000012 d __func__.4
1008c52c 00000016 d __func__.5
1008c544 00000019 d __func__.6
1008c560 00000017 d __func__.7
1008c58c 00000010 d CSWTCH.50
1008c59c 00000010 d __func__.0
1008c5ac 0000000d d __func__.1
1008c5bc 0000000e d __func__.2
1008c5cc 0000000f d __func__.3
1008c5dc 00000010 d __func__.4
1008c5ec 00000015 d __func__.5
1008c604 0000000c d __func__.6
1008c610 00000011 d __func__.7
1008c624 00000013 d __func__.8
1008c638 00000010 d encoding_widths
1008c648 00000010 d text_converters
1008c658 00000019 d frame_type
1008c79c 00000015 d __func__.0
1008c7b4 0000000d d __func__.1
1008c7c4 0000001b d __func__.2
1008c7e0 00000100 d synth_base
1008c8e0 00000054 d decname
1008c934 00000006 d dn_nodec
1008c93c 0000000c d dn_sse_vintage
1008c948 00000011 d dn_dreidnowext_vintage
1008c95c 0000000e d dn_dreidnow_vintage
1008c96c 00000004 d dn_avx
1008c970 00000007 d dn_neon64
1008c978 00000005 d dn_neon
1008c980 00000004 d dn_arm
1008c984 00000007 d dn_x86_64
1008c98c 00000004 d dn_sse
1008c990 00000008 d dn_altivec
1008c998 00000009 d dn_dreidnowext
1008c9a4 00000006 d dn_dreidnow
1008c9ac 00000004 d dn_mmx
1008c9b0 0000000c d dn_ifuenf_dither
1008c9bc 00000005 d dn_ifuenf
1008c9c4 00000005 d dn_ivier
1008c9cc 00000005 d dn_idrei
1008c9d4 0000000f d dn_generic_dither
1008c9e4 00000008 d dn_generic
1008c9ec 00000005 d dn_autodec
1008c9f4 0000000d d __func__.1
1008ca04 0000000d d __func__.2
1008ca14 00000012 d __func__.3
1008ca28 00000011 d __func__.5
1008ca3c 0000001c d __func__.0
1008ca58 00000404 d intwinbase
1008ce5c 00000004 d cos4
1008ce60 00000008 d cos8
1008ce68 00000010 d cos16
1008ce78 00000020 d cos32
1008ce98 00000040 d cos64
1008ced8 00000008 d __func__.0
1008cee0 0000000b d __func__.1
1008ceec 0000000d d __func__.2
1008cefc 0000000b d __func__.3
1008cf08 00000011 d __func__.4
1008cf1c 00000008 d __func__.0
1008cf24 0000000c d __func__.1
1008cf30 00000011 d __func__.2
1008cf44 00000c00 d grp_9tab
1008db44 00000180 d grp_5tab
1008dcc4 00000060 d grp_3tab
1008dd24 00001b00 d layer12_table
1008f824 00000310 d alloc_4
1008fb34 000001c0 d alloc_3
1008fcf4 00000140 d alloc_2
1008fe34 000004b0 d alloc_1
100902e4 00000480 d alloc_0
10090944 00000016 d __func__.0
1009095c 00000008 d __func__.1
10090964 00000012 d __func__.2
10090978 00000011 d __func__.3
1009098a 000003de d bandInfo
10090d68 00000200 d i_slen2
10090f68 00000400 d n_slen2
10091368 0000006c d mapend
100913d4 0000006c d map
10091440 00000318 d mapbuf2
10091758 00000af8 d mapbuf1
10092250 00000ab0 d mapbuf0
10092d00 00000100 d pow2_2
10092e00 00000100 d pow1_2
10092f00 00000100 d pow2_1
10093000 00000100 d pow1_1
10093100 00000040 d tan2_2
10093140 00000040 d tan1_2
10093180 00000040 d tan2_1
100931c0 00000040 d tan1_1
10093200 00000240 d win1
10093440 00000240 d win
10093680 0000803c d ispow
1009b6bc 00000010 d htc
1009b6cc 00000100 d ht
1009b7cc 0000003e d tab_c1
1009b80c 0000003e d tab_c0
1009b84c 00000800 d tab24_
1009c04c 00000820 d tab16_
1009c86c 000007e0 d tab15_
1009d04c 000007e0 d tab13_
1009d82c 000001e0 d tab12_
1009da0c 000001e0 d tab11_
1009dbec 00000220 d tab10_
1009de0c 00000100 d tab9_
1009df0c 00000100 d tab8_
1009e00c 00000120 d tab7_
1009e12c 00000080 d tab6_
1009e1ac 00000060 d tab5_
1009e20c 00000060 d tab3_
1009e26c 00000060 d tab2_
1009e2cc 00000020 d tab1_
1009e2ec 00000020 d tab0_
1009e3cc 00000080 d npio2_hw
1009e44c 00000108 d two_over_pi
1009e558 00000040 d PIo2
1009e598 00000010 d init_jk
1009e5a8 00000010 d ln2LO
1009e5b8 00000010 d ln2HI
1009e5c8 00000010 d halF
1009e5d8 00000080 d npio2_hw
1009e658 00000318 d two_over_pi
1009e970 0000002c d PIo2
1009e99c 0000000c d init_jk
1009e9a8 00000008 d ln2LO
1009e9b0 00000008 d ln2HI
1009e9b8 00000008 d halF
1009e9c0 00000004 d tiny
1009e9c4 00000004 d one
1009e9c8 00000008 d tiny
1009e9d0 00000008 d one
1009e9d8 000000e4 d supported
1009eb40 0000000c d CSWTCH.40
1009ec4c 0000003a d CSWTCH.348
1009ec88 00000050 d nsvg__colors
1009ed2c 00000003 d rgb.0
1009ed30 00000006 d tag.1
1009ed38 00000005 d tag.2
1009ed40 00000013 d length_dezigzag.3
1009ed54 00000008 d png_sig.5
1009ed5c 00000009 d stbi__depth_scale_table
1009ed68 00000005 d first_row_filter
1009ed70 00000020 d stbi__zdefault_distance
1009ed90 00000120 d stbi__zdefault_length
1009eeb0 00000080 d stbi__zdist_extra
1009ef30 00000080 d stbi__zdist_base
1009efb0 0000007c d stbi__zlength_extra
1009f02c 0000007c d stbi__zlength_base
1009f0a8 0000004f d stbi__jpeg_dezigzag
1009f0f8 00000040 d stbi__jbias
1009f138 00000044 d stbi__bmask
1009f268 00000030 d known.0
1009f2e8 0000001c d SDL_priority_prefixes
1009f304 00000010 d bootstrap
1009f314 00000020 d CSWTCH.97
1009f334 00002804 d ResamplerFilterDifference
100a1b38 00002804 d ResamplerFilter
100a433c 00000100 d channel_converters
100a443c 00000200 d mix8
100a49c4 00000044 d CSWTCH.23
100a4a08 00000800 d SDL_default_keymap
100a5278 00000058 d map_StringForControllerButton
100a52d0 0000001c d map_StringForControllerAxis
100a52ec 00000028 d s_ControllerMappings
100a5374 00001884 d arrControllers
100a6cb0 00000008 d render_drivers
100a6ce4 0000000d d __func__.0
100a6cf4 00000014 d CSWTCH.5
100a6d08 00000028 d CSWTCH.3
100a6d5c 00000014 d CSWTCH.54
100a6d70 00000028 d CSWTCH.52
100a6e68 000000e8 d encodings
100a6ff8 00000020 d CSWTCH.53
100a7018 00000020 d CSWTCH.52
100a7038 00000020 d CSWTCH.51
100a7058 00000020 d CSWTCH.50
100a709c 00000014 d bootstrap
100a70b0 00000078 d RGB2YUVFactorTables.0
100a7128 00000200 d lut.0
100a7328 00000024 d YUV2RGB
100a7460 0000007c d CSWTCH.29
100a74dc 0000007c d CSWTCH.28
100a7558 0000007c d CSWTCH.27
100a75d4 0000007c d CSWTCH.26
100a7650 00000060 d pro_button_map
100a76b0 00000060 d classic_button_map
100a7710 00000050 d nunchuk_button_map
100a7760 00000040 d wiimote_button_map
100a77a0 00000060 d vpad_button_map
100a7800 00000010 d getpixes
100a7810 00000014 d colorkey_blit
100a7824 00000014 d bitmap_blit
100a7978 00000014 d one_blitkey
100a798c 00000014 d one_blit
100a7e80 00000010 d normal_blit
100a7e90 00000168 d normal_blit_4
100a7ff8 00000118 d normal_blit_3
100a8110 00000118 d normal_blit_2
100a8228 00000028 d normal_blit_1
100a8250 00000800 d RGB565_BGRA8888_LUT
100a8a50 00000800 d RGB565_RGBA8888_LUT
100a9250 00000800 d RGB565_ABGR8888_LUT
100a9a50 00000800 d RGB565_ARGB8888_LUT
100aa250 0000001c d __FUNCTION__.0
100aa26c 00000016 d __FUNCTION__.1
100aa284 00000010 d atanlo
100aa294 00000010 d atanhi
100aa2a4 00000008 d Zero
100aa2b0 00000018 d CSWTCH.9
100aa2c8 00000018 d CSWTCH.8
100aa2e0 00000020 d atanlo
100aa300 00000020 d atanhi
100aa320 0000000c d CSWTCH.9
100aa32c 0000000c d CSWTCH.8
100aa338 00000034 d __wut_nsysnet_error_code_map
100aa36c 00000014 d __FUNCTION__.0
100aa380 00000012 d __FUNCTION__.1
100aa394 00000022 d __FUNCTION__.2
100aa3b8 00000016 d __FUNCTION__.3
100aa3d0 00000018 d __FUNCTION__.4
100aa3e8 00000080 d __wut_fsa_devoptab
100aa468 00000042 d CSWTCH.24
100aa4ac 00000100 d canon_map
100aa5c8 00000048 d _pow10(unsigned int)::_powers_of_10
100aa610 0000000a d _double_parser_trans_actions
100aa61c 0000000a d _double_parser_trans_targs
100aa628 000000bf d _double_parser_indicies
100aa6e8 00000009 d _double_parser_index_offsets
100aa6f4 00000009 d _double_parser_key_spans
100aa700 00000013 d _double_parser_trans_keys
100aa91c 0000040c d format1_names_msgidx
100aad28 0000073a d format1_names_msgstr
100ab464 00000620 d cff1_std_strings_msgidx
100aba84 00000d73 d cff1_std_strings_msgstr
100ac7f8 000005a0 d _hb_arabic_u16
100acd98 000001d0 d _hb_arabic_u8
100ad260 00000038 d horizontal_features
100ad298 00000038 d common_features
100ad2d0 00000028 d _hb_all_shapers
100ad2f8 0000000c D _hb_Null_OT_CmapSubtableLongGroup
100ad304 00000009 D _hb_Null_OT_RangeRecord
100ad310 00000280 D _hb_NullPool
100ad590 000001d0 d _hb_emoji_u8
100ad760 00000100 D _hb_modified_combining_class
100ad8e4 000005a0 d _hb_arabic_u16
100ade84 000001d0 d _hb_arabic_u8
100ae2c4 000004e0 d feature_mappings
100aea70 00000100 d standard_encoding_to_sid
100aeb70 00000158 d expert_subset_charset_sid_to_gid
100aecc8 00000294 d expert_charset_sid_to_gid
100aef5c 000000ae d expert_subset_charset_to_sid
100af00c 0000014c d expert_charset_to_sid
100af4e4 00000008 d table_tags
100af5ac 00000038 D _hb_ot_shaper_arabic
100af5e4 00000038 d modifier_combining_marks
100af61c 0000001c d arabic_fallback_features
100af638 000000a8 d arabic_state_table
100af6e0 00000020 d arabic_features
100af700 00000014 d ligature_3_table
100af714 00000016 d ligature_mark_table
100af72a 00000414 d ligature_table
100afb40 00000598 d shaping_table
100b00d8 00000597 d joining_table
100b066f 00000001 d hb_first
100b0708 00000038 D _hb_ot_shaper_dumber
100b0740 00000038 D _hb_ot_shaper_default
100b0778 00000038 D _hb_ot_shaper_hangul
100b07b0 00000010 d hangul_features
100b07fc 00000038 D _hb_ot_shaper_hebrew
100b0834 0000006c d compose_hebrew(hb_ot_shape_normalize_context_t const*, unsigned int, unsigned int, unsigned int*)::sDageshForms
100b08f0 00000038 D _hb_ot_shaper_indic
100b0928 00000088 d indic_features
100b09b0 000000f0 d indic_configs
100b0aa0 00000114 d _indic_syllable_machine_eof_trans
100b0bb4 0000008a d _indic_syllable_machine_from_state_actions
100b0c40 0000008a d _indic_syllable_machine_to_state_actions
100b0ccc 00000096 d _indic_syllable_machine_trans_actions
100b0d64 00000096 d _indic_syllable_machine_trans_targs
100b0dfc 0000059f d _indic_syllable_machine_indicies
100b139c 00000114 d _indic_syllable_machine_index_offsets
100b14b0 0000008a d _indic_syllable_machine_key_spans
100b153c 00000115 d _indic_syllable_machine_trans_keys
100b16a8 00000038 D _hb_ot_shaper_khmer
100b16e0 00000048 d khmer_features
100b1728 00000056 d _khmer_syllable_machine_eof_trans
100b1780 0000002b d _khmer_syllable_machine_from_state_actions
100b17ac 0000002b d _khmer_syllable_machine_to_state_actions
100b17d8 00000031 d _khmer_syllable_machine_trans_actions
100b180c 00000031 d _khmer_syllable_machine_trans_targs
100b1840 000003bd d _khmer_syllable_machine_indicies
100b1c00 00000056 d _khmer_syllable_machine_index_offsets
100b1c58 0000002b d _khmer_syllable_machine_key_spans
100b1c84 00000057 d _khmer_syllable_machine_trans_keys
100b1cf8 00000038 D _hb_ot_shaper_myanmar_zawgyi
100b1d30 00000038 D _hb_ot_shaper_myanmar
100b1d68 00000010 d myanmar_other_features
100b1d78 00000010 d myanmar_basic_features
100b1d88 0000006e d _myanmar_syllable_machine_eof_trans
100b1df8 00000037 d _myanmar_syllable_machine_from_state_actions
100b1e30 00000037 d _myanmar_syllable_machine_to_state_actions
100b1e68 0000003d d _myanmar_syllable_machine_trans_actions
100b1ea8 0000003d d _myanmar_syllable_machine_trans_targs
100b1ee8 000007cd d _myanmar_syllable_machine_indicies
100b26b8 0000006e d _myanmar_syllable_machine_index_offsets
100b2728 00000037 d _myanmar_syllable_machine_key_spans
100b2760 0000006f d _myanmar_syllable_machine_trans_keys
100b27e4 00000038 D _hb_ot_shaper_thai
100b281c 00000048 d thai_below_state_machine
100b2864 00000014 d thai_below_start_state
100b2878 00000060 d thai_above_state_machine
100b28d8 00000014 d thai_above_start_state
100b28ec 00000012 d thai_pua_shape(unsigned int, thai_action_t, hb_font_t*)::RD_mappings
100b28fe 0000004e d thai_pua_shape(unsigned int, thai_action_t, hb_font_t*)::SL_mappings
100b294c 00000024 d thai_pua_shape(unsigned int, thai_action_t, hb_font_t*)::SDL_mappings
100b2970 00000036 d thai_pua_shape(unsigned int, thai_action_t, hb_font_t*)::SD_mappings
100b29f0 00000038 D _hb_ot_shaper_use
100b2a28 00000014 d use_other_features
100b2a3c 00000010 d use_topographical_features
100b2a4c 0000001c d use_basic_features
100b2a68 00000620 d hb_use_u16
100b3088 00000c45 d hb_use_u8
100b3cd0 000000f6 d _use_syllable_machine_eof_trans
100b3dc8 0000007b d _use_syllable_machine_from_state_actions
100b3e44 0000007b d _use_syllable_machine_to_state_actions
100b3ec0 0000008d d _use_syllable_machine_cond_actions
100b3f50 0000008d d _use_syllable_machine_cond_targs
100b3fe0 000000f6 d _use_syllable_machine_index_defaults
100b40d8 0000194c d _use_syllable_machine_indicies
100b5a24 000000f6 d _use_syllable_machine_index_offsets
100b5b1c 00000037 d _use_syllable_machine_char_class
100b5b54 000000f5 d _use_syllable_machine_trans_keys
100b5c49 00000001 d hb_second
100b5c4a 00000001 d hb_identity
100b6020 000025c8 d ot_languages3
100b85e8 00000658 d ot_languages2
100b8c40 00000188 d _hb_ucd_i16
100b8dc8 000048d0 d _hb_ucd_u16
100bd698 000045cc d _hb_ucd_u8
100c1c68 00000c20 d _hb_ucd_dm2_u64_map
100c2888 000009f8 d _hb_ucd_dm2_u32_map
100c3280 000000dc d _hb_ucd_dm1_p2_map
100c335c 00000672 d _hb_ucd_dm1_p0_map
100c39d0 00000294 d _hb_ucd_sc_map
100c3cac 00000d80 d indic_table
100c4a2c 00000050 d ft_default_modules
100c4ae8 00000058 d ft_trig_arctan_table
100c4b40 00000048 d ft_raccess_guess_table
100c4b88 00000020 D ft_svg_glyph_class
100c4ba8 00000020 D ft_outline_glyph_class
100c4bc8 00000020 D ft_bitmap_glyph_class
100c4e78 00000020 d fvaraxis_fields.0
100c4e98 00000024 d fvar_fields.1
100c4ebc 00000024 d gvar_fields.2
100c4ee0 000002e8 d sfnt_id.3
100c51c8 00000190 d trick_names.4
100c5358 00000100 d opcode_length
100c5458 00000100 d Pop_Push_Count
100c5558 00000044 D tt_default_graphics_state
100c559c 00000060 D tt_driver_class
100c55fc 00000038 d tt_services
100c5634 00000004 d tt_service_truetype_glyf
100c5638 00000004 d tt_service_truetype_engine
100c563c 00000024 d tt_service_metrics_variations
100c5660 0000004c d tt_service_gx_multi_masters
100c56ac 00000008 d tt_service_properties
100c5790 0000069c d t1_keywords
100c5e2c 00000060 D t1_driver_class
100c5e8c 00000040 d t1_services
100c5ecc 00000008 d t1_service_properties
100c5ed4 00000004 d t1_service_kerning
100c5ed8 00000014 d t1_service_ps_info
100c5eec 0000004c d t1_service_multi_masters
100c5f38 00000004 d t1_service_ps_name
100c5f3c 00000008 d t1_service_glyph_dict
100c5f60 00000014 d cff_header_fields.0
100c5f74 00000200 d cff_expert_encoding
100c6174 00000200 d cff_standard_encoding
100c6374 000000ae d cff_expertsubset_charset
100c6424 0000014c d cff_expert_charset
100c6570 000001ca d cff_isoadobe_charset
100c673c 0000086c d cff_field_handlers
100c6fa8 00000028 d power_ten_limits
100c6fd0 00000028 d power_tens
100c6ff8 00000060 D cff_driver_class
100c7058 00000058 d cff_services
100c70b0 00000014 d cff_service_cff_load
100c70c4 00000024 d cff_service_metrics_variations
100c70e8 0000004c d cff_service_multi_masters
100c7134 00000008 d cff_service_properties
100c713c 0000000c d cff_service_cid_info
100c7148 00000004 d cff_service_get_cmap_info
100c714c 00000004 d cff_service_ps_name
100c7150 00000014 d cff_service_ps_info
100c7164 00000008 d cff_service_glyph_dict
100c716c 00000028 D cff_cmap_unicode_class_rec
100c7194 00000028 D cff_cmap_encoding_class_rec
100c71bc 00000060 D t1cid_driver_class
100c721c 00000030 d cid_services
100c724c 00000008 d cid_service_properties
100c7254 0000000c d cid_service_cid_info
100c7260 00000014 d cid_service_ps_info
100c7274 00000004 d cid_service_ps_name
100c7278 00000774 d cid_field_records
100c7a0c 00000028 d pfr_phy_font_extra_items
100c7a34 00000074 d pfr_header_fields
100c7aa8 00000060 D pfr_driver_class
100c7b08 00000018 d pfr_services
100c7b20 0000000c d pfr_metrics_service_rec
100c7b2c 00000028 D pfr_cmap_class_rec
100c7b54 000002d0 d t42_keywords
100c7e24 00000060 D t42_driver_class
100c7e84 00000028 d t42_services
100c7eac 00000014 d t42_service_ps_info
100c7ec0 00000004 d t42_service_ps_font_name
100c7ec4 00000008 d t42_service_glyph_dict
100c7ecc 00000060 D winfnt_driver_class
100c7f2c 00000018 d winfnt_services
100c7f44 00000004 d winfnt_service_rec
100c7f48 00000028 d fnt_cmap_class_rec
100c7f70 00000098 d winfnt_header_fields
100c8008 00000018 d winpe_rsrc_data_entry_fields
100c8020 00000010 d winpe_rsrc_dir_entry_fields
100c8030 00000020 d winpe_rsrc_dir_fields
100c8050 00000020 d winpe32_section_fields
100c8070 00000034 d winpe32_header_fields
100c80a4 00000018 d winne_header_fields
100c80bc 00000014 d winmz_header_fields
100c80d0 00000034 d pcf_accel_msb_header
100c8104 00000034 d pcf_accel_header
100c8138 0000001c d pcf_enc_msb_header
100c8154 0000001c d pcf_enc_header
100c8170 00000014 d pcf_property_msb_header
100c8184 00000014 d pcf_property_header
100c8198 0000001c d pcf_compressed_metric_header
100c81b4 00000020 d pcf_metric_msb_header
100c81d4 00000020 d pcf_metric_header
100c81f4 00000018 d pcf_table_header
100c820c 00000010 d pcf_toc_header
100c821c 00000060 D pcf_driver_class
100c827c 00000020 d pcf_services
100c829c 00000008 d pcf_service_properties
100c82a4 00000008 d pcf_service_bdf
100c82ac 00000028 d pcf_cmap_class
100c8444 00000060 D bdf_driver_class
100c84a4 00000018 d bdf_services
100c84bc 00000008 d bdf_service_bdf
100c84c4 00000028 d bdf_cmap_class
100c84ec 00000008 d nibble_mask
100c84f4 00000020 d hdigits
100c8514 00000020 d ddigits
100c8534 00000080 d a2i
100c85b4 00000001 d empty
100c85b8 00000530 d bdf_properties_
100c8c94 0000003c d woff_header_fields.0
100c8cd0 00000010 d ttc_header_fields.1
100c8ce0 00000084 d tt_encodings.2
100c8d64 0000004c d metrics_header_fields.3
100c8db0 0000003c d maxp_fields_extra.4
100c8dec 00000010 d maxp_fields.5
100c8dfc 00000010 d os2_fields_extra5.6
100c8e0c 0000001c d os2_fields_extra2.7
100c8e28 00000010 d os2_fields_extra1.8
100c8e38 000000b0 d os2_fields.9
100c8ee8 0000002c d post_fields.10
100c8f14 0000001c d name_record_fields.11
100c8f30 0000000c d langTag_record_fields.12
100c8f3c 00000014 d name_table_fields.13
100c8f50 00000044 d pclt_fields.14
100c8f94 00000054 d header_fields.15
100c8fe8 00000018 d table_dir_entry_fields.16
100c9000 00000018 d offset_table_fields.17
100c9018 00000028 d tt_cmap_classes
100c9040 00000034 D tt_cmap_unicode_class_rec
100c9074 00000034 D tt_cmap14_class_rec
100c90a8 00000034 D tt_cmap13_class_rec
100c90dc 00000034 D tt_cmap12_class_rec
100c9110 00000034 D tt_cmap10_class_rec
100c9144 00000034 D tt_cmap8_class_rec
100c9178 00000034 D tt_cmap6_class_rec
100c91ac 00000034 D tt_cmap4_class_rec
100c91e0 00000034 D tt_cmap2_class_rec
100c9214 00000034 D tt_cmap0_class_rec
100c9248 00000024 D sfnt_module_class
100c926c 000000b8 d sfnt_interface
100c9324 00000030 d sfnt_services
100c9354 00000008 d sfnt_service_bdf
100c935c 00000004 d tt_service_get_cmap_info
100c9360 00000004 d sfnt_service_ps_name
100c9364 00000010 d hexdigits
100c9374 00000010 d sfnt_ps_map
100c9384 00000008 d sfnt_service_glyph_dict
100c938c 0000000c d sfnt_service_sfnt_table
100c9398 00000018 D af_hani_nonbase_uniranges
100c93b0 00000110 D af_hani_uniranges
100c94c0 00000050 D af_tibt_nonbase_uniranges
100c9510 00000010 D af_tibt_uniranges
100c9520 00000028 D af_sylo_nonbase_uniranges
100c9548 00000010 D af_sylo_uniranges
100c9558 00000038 D af_orya_nonbase_uniranges
100c9590 00000010 D af_orya_uniranges
100c95a0 00000020 D af_limb_nonbase_uniranges
100c95c0 00000010 D af_limb_uniranges
100c95d0 00000010 D af_vaii_uniranges
100c95e0 00000010 D af_tfng_uniranges
100c95f0 00000020 D af_thai_nonbase_uniranges
100c9610 00000010 D af_thai_uniranges
100c9620 00000030 D af_telu_nonbase_uniranges
100c9650 00000010 D af_telu_uniranges
100c9660 00000030 D af_tavt_nonbase_uniranges
100c9690 00000010 D af_tavt_uniranges
100c96a0 00000020 D af_taml_nonbase_uniranges
100c96c0 00000010 D af_taml_uniranges
100c96d0 00000018 D af_sund_nonbase_uniranges
100c96e8 00000018 D af_sund_uniranges
100c9700 00000018 D af_sinh_nonbase_uniranges
100c9718 00000010 D af_sinh_uniranges
100c9728 00000010 D af_shaw_uniranges
100c9738 00000018 D af_saur_nonbase_uniranges
100c9750 00000010 D af_saur_uniranges
100c9760 00000010 D af_rohg_uniranges
100c9770 00000010 D af_osma_uniranges
100c9780 00000010 D af_osge_uniranges
100c9790 00000010 D af_orkh_uniranges
100c97a0 00000010 D af_olck_uniranges
100c97b0 00000018 D af_nkoo_nonbase_uniranges
100c97c8 00000010 D af_nkoo_uniranges
100c97d8 00000068 D af_mymr_nonbase_uniranges
100c9840 00000020 D af_mymr_uniranges
100c9860 00000018 D af_mong_nonbase_uniranges
100c9878 00000018 D af_mong_uniranges
100c9890 00000010 D af_medf_uniranges
100c98a0 00000028 D af_mlym_nonbase_uniranges
100c98c8 00000010 D af_mlym_uniranges
100c98d8 00000010 D af_lisu_uniranges
100c98e8 00000070 D af_latp_uniranges
100c9958 00000020 D af_latb_uniranges
100c9978 00000088 D af_latn_nonbase_uniranges
100c9a00 00000108 D af_latn_uniranges
100c9b08 00000020 D af_lao_nonbase_uniranges
100c9b28 00000010 D af_lao_uniranges
100c9b38 00000010 D af_khms_uniranges
100c9b48 00000028 D af_khmr_nonbase_uniranges
100c9b70 00000010 D af_khmr_uniranges
100c9b80 00000038 D af_knda_nonbase_uniranges
100c9bb8 00000010 D af_knda_uniranges
100c9bc8 00000010 D af_kali_nonbase_uniranges
100c9bd8 00000010 D af_kali_uniranges
100c9be8 00000030 D af_hebr_nonbase_uniranges
100c9c18 00000018 D af_hebr_uniranges
100c9c30 00000030 D af_guru_nonbase_uniranges
100c9c60 00000010 D af_guru_uniranges
100c9c70 00000038 D af_gujr_nonbase_uniranges
100c9ca8 00000010 D af_gujr_uniranges
100c9cb8 00000040 D af_grek_nonbase_uniranges
100c9cf8 00000018 D af_grek_uniranges
100c9d10 00000010 D af_goth_uniranges
100c9d20 00000010 D af_glag_nonbase_uniranges
100c9d30 00000018 D af_glag_uniranges
100c9d48 00000018 D af_geok_uniranges
100c9d60 00000018 D af_geor_uniranges
100c9d78 00000010 D af_ethi_nonbase_uniranges
100c9d88 00000028 D af_ethi_uniranges
100c9db0 00000010 D af_dsrt_uniranges
100c9dc0 00000048 D af_deva_nonbase_uniranges
100c9e08 00000038 D af_deva_uniranges
100c9e40 00000028 D af_cyrl_nonbase_uniranges
100c9e68 00000030 D af_cyrl_uniranges
100c9e98 00000010 D af_cprt_uniranges
100c9ea8 00000010 D af_copt_nonbase_uniranges
100c9eb8 00000010 D af_copt_uniranges
100c9ec8 00000018 D af_cher_uniranges
100c9ee0 00000010 D af_cari_uniranges
100c9ef0 00000018 D af_cans_uniranges
100c9f08 00000020 D af_cakm_nonbase_uniranges
100c9f28 00000010 D af_cakm_uniranges
100c9f38 00000010 D af_buhd_nonbase_uniranges
100c9f48 00000010 D af_buhd_uniranges
100c9f58 00000038 D af_beng_nonbase_uniranges
100c9f90 00000010 D af_beng_uniranges
100c9fa0 00000010 D af_bamu_nonbase_uniranges
100c9fb0 00000010 D af_bamu_uniranges
100c9fc0 00000010 D af_avst_nonbase_uniranges
100c9fd0 00000010 D af_avst_uniranges
100c9fe0 00000010 D af_armn_nonbase_uniranges
100c9ff0 00000018 D af_armn_uniranges
100ca008 000000a0 D af_arab_nonbase_uniranges
100ca0a8 00000038 D af_arab_uniranges
100ca0e0 00000010 D af_adlm_nonbase_uniranges
100ca0f0 00000010 D af_adlm_uniranges
100ca100 00000024 D autofit_module_class
100ca124 00000010 D af_autofitter_interface
100ca134 00000010 d af_services
100ca144 00000008 d af_service_properties
100ca14c 00000020 D af_latin_writing_system_class
100ca16c 00000020 D af_indic_writing_system_class
100ca18c 00000160 D af_style_classes
100ca2ec 000000f4 D af_script_classes
100ca3e0 00000014 D af_writing_system_classes
100ca3f4 00000014 D af_hani_dflt_style_class
100ca408 00000014 D af_tibt_dflt_style_class
100ca41c 00000014 D af_sylo_dflt_style_class
100ca430 00000014 D af_orya_dflt_style_class
100ca444 00000014 D af_limb_dflt_style_class
100ca458 00000014 D af_vaii_dflt_style_class
100ca46c 00000014 D af_thai_dflt_style_class
100ca480 00000014 D af_tfng_dflt_style_class
100ca494 00000014 D af_telu_dflt_style_class
100ca4a8 00000014 D af_tavt_dflt_style_class
100ca4bc 00000014 D af_taml_dflt_style_class
100ca4d0 00000014 D af_sund_dflt_style_class
100ca4e4 00000014 D af_sinh_dflt_style_class
100ca4f8 00000014 D af_shaw_dflt_style_class
100ca50c 00000014 D af_saur_dflt_style_class
100ca520 00000014 D af_rohg_dflt_style_class
100ca534 00000014 D af_osma_dflt_style_class
100ca548 00000014 D af_osge_dflt_style_class
100ca55c 00000014 D af_orkh_dflt_style_class
100ca570 00000014 D af_olck_dflt_style_class
100ca584 00000014 D af_none_dflt_style_class
100ca598 00000014 D af_nkoo_dflt_style_class
100ca5ac 00000014 D af_mymr_dflt_style_class
100ca5c0 00000014 D af_mong_dflt_style_class
100ca5d4 00000014 D af_medf_dflt_style_class
100ca5e8 00000014 D af_mlym_dflt_style_class
100ca5fc 00000014 D af_lisu_dflt_style_class
100ca610 00000014 D af_latp_dflt_style_class
100ca624 00000014 D af_latb_dflt_style_class
100ca638 00000014 D af_latn_dflt_style_class
100ca64c 00000014 D af_latn_titl_style_class
100ca660 00000014 D af_latn_sups_style_class
100ca674 00000014 D af_latn_subs_style_class
100ca688 00000014 D af_latn_smcp_style_class
100ca69c 00000014 D af_latn_sinf_style_class
100ca6b0 00000014 D af_latn_pcap_style_class
100ca6c4 00000014 D af_latn_ordn_style_class
100ca6d8 00000014 D af_latn_c2sc_style_class
100ca6ec 00000014 D af_latn_c2cp_style_class
100ca700 00000014 D af_lao_dflt_style_class
100ca714 00000014 D af_knda_dflt_style_class
100ca728 00000014 D af_khms_dflt_style_class
100ca73c 00000014 D af_khmr_dflt_style_class
100ca750 00000014 D af_kali_dflt_style_class
100ca764 00000014 D af_hebr_dflt_style_class
100ca778 00000014 D af_guru_dflt_style_class
100ca78c 00000014 D af_gujr_dflt_style_class
100ca7a0 00000014 D af_grek_dflt_style_class
100ca7b4 00000014 D af_grek_titl_style_class
100ca7c8 00000014 D af_grek_sups_style_class
100ca7dc 00000014 D af_grek_subs_style_class
100ca7f0 00000014 D af_grek_smcp_style_class
100ca804 00000014 D af_grek_sinf_style_class
100ca818 00000014 D af_grek_pcap_style_class
100ca82c 00000014 D af_grek_ordn_style_class
100ca840 00000014 D af_grek_c2sc_style_class
100ca854 00000014 D af_grek_c2cp_style_class
100ca868 00000014 D af_goth_dflt_style_class
100ca87c 00000014 D af_glag_dflt_style_class
100ca890 00000014 D af_geok_dflt_style_class
100ca8a4 00000014 D af_geor_dflt_style_class
100ca8b8 00000014 D af_ethi_dflt_style_class
100ca8cc 00000014 D af_dsrt_dflt_style_class
100ca8e0 00000014 D af_deva_dflt_style_class
100ca8f4 00000014 D af_cyrl_dflt_style_class
100ca908 00000014 D af_cyrl_titl_style_class
100ca91c 00000014 D af_cyrl_sups_style_class
100ca930 00000014 D af_cyrl_subs_style_class
100ca944 00000014 D af_cyrl_smcp_style_class
100ca958 00000014 D af_cyrl_sinf_style_class
100ca96c 00000014 D af_cyrl_pcap_style_class
100ca980 00000014 D af_cyrl_ordn_style_class
100ca994 00000014 D af_cyrl_c2sc_style_class
100ca9a8 00000014 D af_cyrl_c2cp_style_class
100ca9bc 00000014 D af_cprt_dflt_style_class
100ca9d0 00000014 D af_copt_dflt_style_class
100ca9e4 00000014 D af_cher_dflt_style_class
100ca9f8 00000014 D af_cari_dflt_style_class
100caa0c 00000014 D af_cans_dflt_style_class
100caa20 00000014 D af_cakm_dflt_style_class
100caa34 00000014 D af_buhd_dflt_style_class
100caa48 00000014 D af_beng_dflt_style_class
100caa5c 00000014 D af_bamu_dflt_style_class
100caa70 00000014 D af_avst_dflt_style_class
100caa84 00000014 D af_armn_dflt_style_class
100caa98 00000014 D af_arab_dflt_style_class
100caaac 00000014 D af_adlm_dflt_style_class
100caac0 00000014 D af_hani_script_class
100caad4 00000014 D af_tibt_script_class
100caae8 00000014 D af_sylo_script_class
100caafc 00000014 D af_orya_script_class
100cab10 00000014 D af_limb_script_class
100cab24 00000014 D af_vaii_script_class
100cab38 00000014 D af_thai_script_class
100cab4c 00000014 D af_tfng_script_class
100cab60 00000014 D af_telu_script_class
100cab74 00000014 D af_tavt_script_class
100cab88 00000014 D af_taml_script_class
100cab9c 00000014 D af_sund_script_class
100cabb0 00000014 D af_sinh_script_class
100cabc4 00000014 D af_shaw_script_class
100cabd8 00000014 D af_saur_script_class
100cabec 00000014 D af_rohg_script_class
100cac00 00000014 D af_osma_script_class
100cac14 00000014 D af_osge_script_class
100cac28 00000014 D af_orkh_script_class
100cac3c 00000014 D af_olck_script_class
100cac50 00000014 D af_none_script_class
100cac64 00000014 D af_nkoo_script_class
100cac78 00000014 D af_mymr_script_class
100cac8c 00000014 D af_mong_script_class
100caca0 00000014 D af_medf_script_class
100cacb4 00000014 D af_mlym_script_class
100cacc8 00000014 D af_lisu_script_class
100cacdc 00000014 D af_latp_script_class
100cacf0 00000014 D af_latb_script_class
100cad04 00000014 D af_latn_script_class
100cad18 00000014 D af_lao_script_class
100cad2c 00000014 D af_knda_script_class
100cad40 00000014 D af_khms_script_class
100cad54 00000014 D af_khmr_script_class
100cad68 00000014 D af_kali_script_class
100cad7c 00000014 D af_hebr_script_class
100cad90 00000014 D af_guru_script_class
100cada4 00000014 D af_gujr_script_class
100cadb8 00000014 D af_grek_script_class
100cadcc 00000014 D af_goth_script_class
100cade0 00000014 D af_glag_script_class
100cadf4 00000014 D af_geok_script_class
100cae08 00000014 D af_geor_script_class
100cae1c 00000014 D af_ethi_script_class
100cae30 00000014 D af_dsrt_script_class
100cae44 00000014 D af_deva_script_class
100cae58 00000014 D af_cyrl_script_class
100cae6c 00000014 D af_cprt_script_class
100cae80 00000014 D af_copt_script_class
100cae94 00000014 D af_cher_script_class
100caea8 00000014 D af_cari_script_class
100caebc 00000014 D af_cans_script_class
100caed0 00000014 D af_cakm_script_class
100caee4 00000014 D af_buhd_script_class
100caef8 00000014 D af_beng_script_class
100caf0c 00000014 D af_bamu_script_class
100caf20 00000014 D af_avst_script_class
100caf34 00000014 D af_armn_script_class
100caf48 00000014 D af_arab_script_class
100caf5c 00000014 D af_adlm_script_class
100caf70 00000020 D af_dummy_writing_system_class
100caf90 00000020 D af_cjk_writing_system_class
100cafb0 00000848 D af_blue_stringsets
100cb7f8 0000159b D af_blue_strings
100ccda4 00000024 D pshinter_module_class
100ccdc8 0000000c d pshinter_interface
100cce14 0000003c D ft_smooth_renderer_class
100cce50 00000018 D ft_grays_raster
100cce68 00000018 d func_interface
100cce80 0000003c D ft_raster1_renderer_class
100ccebc 00000018 D ft_standard_raster
100cced4 0000003c D ft_svg_renderer_class
100ccf10 00000010 d ft_svg_services
100ccf20 00000008 d ft_svg_service_properties
100ccf28 00000004 d svg_interface
100ccf2c 00000018 D ft_sdf_raster
100ccf44 00000018 d sdf_decompose_funcs
100ccf5c 00000018 D ft_bitmap_sdf_raster
100ccf74 0000003c D ft_bitmap_sdf_renderer_class
100ccfb0 0000003c D ft_sdf_renderer_class
100ccfec 00000010 d sdf_services
100ccffc 00000008 d sdf_service_properties
100cd378 0000000c d readFromStack.0
100cd384 0000000c d readFromStack.1
100cd390 0000000c d readFromStack.2
100cd39c 0000000c d readFromStack.3
100cd3a8 00000028 D t1_cmap_unicode_class_rec
100cd3d0 00000028 D t1_cmap_custom_class_rec
100cd3f8 00000028 D t1_cmap_expert_class_rec
100cd420 00000028 D t1_cmap_standard_class_rec
100cd448 00000080 d ft_char_table
100cd4c8 00000024 D psaux_module_class
100cd4ec 0000002c d psaux_interface
100cd518 0000000c D cff_decoder_funcs
100cd524 00000020 D cff_builder_funcs
100cd544 00000010 D t1_cmap_classes
100cd554 0000000c D afm_parser_funcs
100cd560 00000010 D t1_decoder_funcs
100cd570 00000020 D t1_builder_funcs
100cd590 00000034 D ps_parser_funcs
100cd5c4 00000010 D ps_table_funcs
100cd5d4 00000128 d afm_key_table
100cd6fc 00000024 D psnames_module_class
100cd720 00000010 d pscmaps_services
100cd730 00000020 d pscmaps_interface
100cd750 00000028 d ft_extra_glyph_name_offsets
100cd778 00000055 d ft_extra_glyph_names
100cd7d0 00000028 d ft_extra_glyph_unicodes
100cd7f8 0000dabd D ft_adobe_glyph_list
100db2b8 00000200 D t1_expert_encoding
100db4b8 00000200 D t1_standard_encoding
100db6b8 0000030e D ft_sid_names
100db9c8 00000204 D ft_mac_names
100dbbcc 00000e70 D ft_standard_glyph_names
100dcc88 00000024 d sRGB_XYZ.0
100dccac 000000e0 d png_sRGB_checks
100dcd8c 00000020 d sRGB_xy
100dcdc4 00000011 d digits.1
100dcdd8 00000010 d png_digit
100dce44 00000007 d png_pass_ystart.4
100dce4c 00000007 d png_pass_yinc.5
100dce54 00000007 d png_pass_start.0
100dce54 00000007 d png_pass_start.6
100dce5c 00000007 d png_pass_inc.1
100dce5c 00000007 d png_pass_inc.7
100dce64 0000001c d png_pass_inc.8
100dce80 00000090 d row_mask.9
100dcf10 00000048 d display_mask.10
100dcf58 00000100 d fourbppswaptable
100dd058 00000100 d twobppswaptable
100dd158 00000100 d onebppswaptable
100dd258 00001000 d crc_braid_big_table
100de258 00000400 d crc_big_table
100de658 00000400 d crc_table
100dead4 00000080 d distfix.0
100deb54 00000800 d lenfix.1
100df354 00000026 d order.2
100df37c 00000040 d dext.0
100df3bc 00000040 d dbase.1
100df3fc 0000003e d lext.2
100df43c 0000003e d lbase.3
100df53c 00000008 d __func__.0
100df544 00000021 d whitespace
100df614 00000011 d __func__.0
100df628 0000000d d __func__.1
100df638 00000010 d __func__.2
100df648 00000016 d __func__.3
100df660 00000010 d __func__.4
100df670 0000000b d __func__.5
100df67c 0000000d d __func__.0
100df68c 00000084 d CSWTCH.66
100df710 00000104 d CSWTCH.81
100dfcf8 00000008 d terminator.0
100dfd00 00000080 D dotab_stdnull
100dff2c 00000010 d zeroes.0
100dff3c 00000010 d blanks.1
100e001c 00000014 d fpinan.0
100e0030 00000014 d fpi.1
100e0048 00000028 d tinytens
100e01dc 00000010 d zeroes.0
100e01ec 00000010 d blanks.1
100e01fc 00000100 D __hexdig
100e05cc 00000022 d basefix.0
100e082c 00000101 D _ctype_
100e0930 0000000c d p05.0
100e0940 00000028 D __mprec_bigtens
100e0968 000000c8 D __mprec_tens
100e0a30 000035dc d categories
100e4050 d __CTOR_LIST__
100e4058 D __CTOR_LIST__
100e4064 d __CTOR_END__
100e4064 D __CTOR_END__
100e4068 d __DTOR_LIST__
100e406c D __DTOR_LIST__
100e4074 D __DTOR_END__
100e4244 d __EH_FRAME_BEGIN__
100e4244 D __EH_FRAME_BEGIN__
101699f0 D __EH_FRAME_END__
101699f0 d __FRAME_END__
101699f8 00000004 d cursorPos
101699fc 00000004 d cursorPos
10169a00 00000004 d operation
10169a04 00000001 d keepFiles
10169a08 00000004 d cursorPos
10169a0c 00000004 d menuLang
10169a10 00000004 d lang
10169a14 00000001 d checkForUpdates
10169a15 00000001 d autoResume
10169a18 00000004 d regionSetting
10169a1c 00000001 d dlToUSB
10169a20 00000004 d notifSetting
10169a24 00000001 d curlReuseConnection
10169a28 00000004 d fc_buffer_size
10169a2c 00000004 d fc_render_callback
10169a30 00000004 d fc_tab_width
10169a34 00000001 d shutdownEnabled
10169a38 00000300 d default_cert
10169d38 00000040 D Curl_cft_ssl_proxy
10169d78 00000040 D Curl_cft_ssl
10169db8 00000008 d available_backends
10169dc0 00000040 D Curl_cft_tcp
10169e00 00000040 D Curl_cft_setup
10169e40 00000040 D Curl_cft_happy_eyeballs
10169e80 00000018 D Curl_cwt_out
10169e98 00000040 D Curl_cft_nghttp2
10169ed8 00000040 D Curl_cft_http_proxy
10169f18 00000040 D Curl_cft_socks_proxy
10169f58 00000040 D Curl_cft_h1_proxy
10169f98 00000040 D Curl_cft_h2_proxy
10169fd8 00000040 D Curl_cft_haproxy
1016a018 00000040 D Curl_cft_http_connect
1016a058 00000014 d mem_default
1016a06c 0000002c d kBrotliTransforms
1016a098 000000a8 d kBrotliDictionary
1016a140 00000004 d master_volume
1016a144 00000004 d mix_music
1016a148 00000004 d music_volume
1016a14c 00000004 d music_active
1016a150 00000070 D Mix_MusicInterface_MODPLUG
1016a1c0 00000070 D Mix_MusicInterface_MPG123
1016a230 00000006 d vorbis.1
1016a238 00000070 D Mix_MusicInterface_OGG
1016a2a8 00000070 D Mix_MusicInterface_TIMIDITY
1016a318 00000070 D Mix_MusicInterface_WAV
1016a388 00000038 D ModPlug::gSettings
1016a3c0 00000030 d bad_reader
1016a3f0 000000f0 d readers
1016a4e0 00000014 D INT123_pnts
1016a4f4 0000002c d pretab_choice
1016a520 00000004 d g_hb_script
1016a524 00000004 d g_hb_direction
1016a528 00000004 d SDL_MainIsReady
1016a52c 00000004 d assertion_handler
1016a530 00000004 d SDL_log_function
1016a534 00000004 d SDL_test_priority
1016a538 00000004 d SDL_application_priority
1016a53c 00000004 d SDL_assert_priority
1016a540 00000004 d SDL_default_priority
1016a544 00000004 d SDL_update_sensors
1016a548 00000004 d SDL_update_joysticks
1016a54c 0000001c d sdl_assert_data.1
1016a568 00000058 D SW_RenderDriver
1016a5c0 00000058 D WIIU_RenderDriver
1016a618 000006d8 D textureShader_gsh
1016acf0 00000510 D colorShader_gsh
1016b200 00000014 d s_mem
1016b214 00000024 D SDL_expand_byte
1016b238 00000001 d lookup_8
1016b23c 00000002 d lookup_7
1016b240 00000004 d lookup_6
1016b244 00000008 d lookup_5
1016b24c 00000010 d lookup_4
1016b25c 00000020 d lookup_3
1016b27c 00000040 d lookup_2
1016b2bc 00000080 d lookup_1
1016b33c 00000100 d lookup_0
1016b43c 00000004 d SDL_YUV_ConversionMode
1016b440 00000010 D DUMMYAUDIO_bootstrap
1016b450 00000010 D DISKAUDIO_bootstrap
1016b460 00000050 D SDL_VIRTUAL_JoystickDriver
1016b4b0 0000000c D DUMMY_bootstrap
1016b4bc 0000000c D OFFSCREEN_bootstrap
1016b4c8 00000010 D WIIUAUDIO_bootstrap
1016b4d8 00000060 d mono_mix
1016b538 000000c0 d stereo_mix
1016b5f8 00000050 D SDL_WIIU_JoystickDriver
1016b648 0000000c D WIIU_bootstrap
1016b654 0000002c D SDL_DUMMY_SensorDriver
1016b680 00000004 d SDL_SIMDAlignment
1016b684 00000004 d SDL_CPUFeatures
1016b688 00000004 d features.0
1016b68c 000009ec D SDL_GeneratedBlitFuncTable
1016c078 00000080 d __wut_socket_devoptab
1016c0f8 00000004 d sSocket
1016c0fc 000000ac D _hb_Null_hb_buffer_t
1016c1a8 00000090 D _hb_Null_hb_font_t
1016c238 00000060 d _hb_font_funcs_default
1016c298 00000060 D _hb_Null_hb_font_funcs_t
1016c2f8 00000028 d _hb_draw_funcs_default
1016c320 00000070 D _hb_Null_hb_unicode_funcs_t
1016c390 00000028 D _hb_Null_hb_draw_funcs_t
1016c3b8 000000d8 D _hb_Null_hb_face_t
1016c490 0000004c D _hb_Null_hb_paint_funcs_t
1016c4dc 00000400 D BZ2_crc32Table
1016c8dc 00000800 D BZ2_rNums
1016d0dc 00000004 d do_free
1016d0e0 00000004 d do_malloc
1016d0e4 00000008 d the_null.0
1016d0ec 00000008 d the_false.1
1016d0f4 00000008 d the_true.2
1016d0fc 00000004 d rpxLoaderVersion
1016d104 00000400 d _current_working_directory
1016d504 00001000 d handles
1016e504 0000000c d __stderr_handle
1016e510 0000000c d __stdout_handle
1016e51c 0000000c d __stdin_handle
1016e528 0000008c D devoptab_list
1016e5b4 00000004 d defaultDevice
1016e5b8 0000016c D __global_locale
1016e728 00000120 D _impure_data
1016e848 00000408 D __malloc_av_
1016ec50 0000000c D __sglue
1016ec5c 00000004 D Curl_ccalloc
1016ec5c D __SDATA_START__
1016ec60 00000004 D Curl_cstrdup
1016ec64 00000004 D Curl_crealloc
1016ec68 00000004 D Curl_cfree
1016ec6c 00000004 D Curl_cmalloc
1016ec70 00000004 D Curl_ssl
1016ec74 00000008 D Curl_trc_feat_ws
1016ec7c 00000008 D Curl_trc_feat_write
1016ec84 00000008 D Curl_trc_feat_read
1016ec8c 00000004 D nghttp2_enable_strict_preface
1016ec90 00000004 D CSoundFile::gnVolumeRampSamples
1016ec94 00000004 D CSoundFile::gnAGC
1016ec98 00000004 D CSoundFile::gnBitsPerSample
1016ec9c 00000004 D CSoundFile::gdwMixingFreq
1016eca0 00000004 D CSoundFile::gnChannels
1016eca4 00000004 D CSoundFile::m_nMaxMixChannels
1016eca8 00000004 D CSoundFile::m_nStereoSeparation
1016ecac 00000004 D CSoundFile::m_nProLogicDelay
1016ecb0 00000004 D CSoundFile::m_nProLogicDepth
1016ecb4 00000004 D CSoundFile::m_nReverbDelay
1016ecb8 00000004 D CSoundFile::m_nReverbDepth
1016ecbc 00000004 D CSoundFile::m_nXBassRange
1016ecc0 00000004 D CSoundFile::m_nXBassDepth
1016ecc4 00000008 D autovibit2xm
1016eccc 00000008 V typeinfo for std::exception
1016ecd4 00000008 V typeinfo for __cxxabiv1::__forced_unwind
1016ecdc 00000008 V typeinfo for __cxxabiv1::__foreign_exception
1016ece4 00000004 D __cxxabiv1::__unexpected_handler
1016ece8 00000008 V typeinfo for std::type_info
1016ecf0 00000004 D __cxxabiv1::__terminate_handler
1016ecf4 00000004 D minus_1
1016ecf8 00000002 D _hb_Null_AAT_Lookup
1016ecfc 00000008 D _hb_Null_OT_LangSys
1016ed04 00000002 D _hb_Null_OT_Index
1016ed08 00000008 D af_vaii_nonbase_uniranges
1016ed10 00000008 D af_tfng_nonbase_uniranges
1016ed18 00000008 D af_shaw_nonbase_uniranges
1016ed20 00000008 D af_rohg_nonbase_uniranges
1016ed28 00000008 D af_osma_nonbase_uniranges
1016ed30 00000008 D af_osge_nonbase_uniranges
1016ed38 00000008 D af_orkh_nonbase_uniranges
1016ed40 00000008 D af_olck_nonbase_uniranges
1016ed48 00000008 D af_none_nonbase_uniranges
1016ed50 00000008 D af_none_uniranges
1016ed58 00000008 D af_medf_nonbase_uniranges
1016ed60 00000008 D af_lisu_nonbase_uniranges
1016ed68 00000008 D af_latp_nonbase_uniranges
1016ed70 00000008 D af_latb_nonbase_uniranges
1016ed78 00000008 D af_khms_nonbase_uniranges
1016ed80 00000008 D af_goth_nonbase_uniranges
1016ed88 00000008 D af_geok_nonbase_uniranges
1016ed90 00000008 D af_geor_nonbase_uniranges
1016ed98 00000008 D af_dsrt_nonbase_uniranges
1016eda0 00000008 D af_cprt_nonbase_uniranges
1016eda8 00000008 D af_cher_nonbase_uniranges
1016edb0 00000008 D af_cari_nonbase_uniranges
1016edb8 00000008 D af_cans_nonbase_uniranges
1016edc0 00000008 D ps_builder_funcs
1016edc8 00000004 D iosuhaxHandle
1016edcc 00000004 D _impure_ptr
1016edd0 00000004 D __malloc_sbrk_base
1016edd4 00000004 D __malloc_trim_threshold
1016edd8 00000004 D environ
1016ede0 00000004 B app
1016ede4 00000004 B mcpHandle
1016ede8 00000004 B music_cmd
1016edec 00000004 B _Mix_effects_max_speed
1016edf0 00000004 B ModPlug::gSampleSize
1016edf4 00000004 B gnReverbSend
1016edf8 00000004 B gbInitPlugins
1016edfc 00000004 B gnRvbLOfsVol
1016ee00 00000004 B gnRvbROfsVol
1016ee04 00000004 B gnDryLOfsVol
1016ee08 00000004 B gnDryROfsVol
1016ee0c 00000004 B CSoundFile::gpMixPluginCreateProc
1016ee10 00000004 B CSoundFile::gpSndMixHook
1016ee14 00000004 B CSoundFile::gnCPUUsage
1016ee18 00000004 B CSoundFile::gnVUMeter
1016ee1c 00000004 B CSoundFile::gdwSoundSetup
1016ee20 00000004 B CSoundFile::gdwSysInfo
1016ee24 00000001 B sfir
1016ee25 00000001 B sspline
1016ee26 00000001 B __eh_globals_init::_S_init
1016ee28 00000004 B SDL_Convert_F32_to_S32
1016ee2c 00000004 B SDL_Convert_F32_to_U16
1016ee30 00000004 B SDL_Convert_F32_to_S16
1016ee34 00000004 B SDL_Convert_F32_to_U8
1016ee38 00000004 B SDL_Convert_F32_to_S8
1016ee3c 00000004 B SDL_Convert_S32_to_F32
1016ee40 00000004 B SDL_Convert_U16_to_F32
1016ee44 00000004 B SDL_Convert_S16_to_F32
1016ee48 00000004 B SDL_Convert_U8_to_F32
1016ee4c 00000004 B SDL_Convert_S8_to_F32
1016ee50 00000001 B SDL_joystick_magic
1016ee54 00000004 B __wut_exit
1016ee58 00000004 B _hb_options
1016ee5c 00000004 B hashtable_seed
1016ee60 00000004 B mochaApiVersion
1016ee64 00000004 B mochaInitDone
1016ee68 00000004 B __malloc_max_total_mem
1016ee6c 00000004 B __malloc_max_sbrked_mem
1016ee70 00000004 B __malloc_top_pad
1016ee74 00000004 B __stdio_exit_handler
1016ee78 00000004 B __atexit
1016ee7c 00000004 B __atexit_recursive_mutex
1016ee80 b completed.2
1016ee80 B __SBSS_END__
1016ee84 b dtor_idx.1
1016ee88 b object.0
1016eea0 00000001 b kbd_initialized
1016eea4 0000027f b ifs
1016f124 00000004 b cursorPos
1016f128 00000004 b activeDevice
1016f12c 00000004 b installedTitles
1016f130 00000004 b ititleEntries
1016f134 00000004 b ititleEntrySize
1016f138 00000004 b asyncState
1016f13c 00000004 b logList
1016f140 0000027f b ret.0
1016f3c0 00000004 b dlDev
1016f3c4 00000004 b instDev
1016f3c8 00000004 b filteredTitleEntrySize
1016f3cc 00000004 b filteredTitleEntries
1016f3d0 00000001 b filterDirty
1016f3d4 00000004 b cfwError
1016f3d8 00000001 b mochaReady
1016f3dc 00000004 b oi
1016f3e0 00000018 b origValues
1016f3f8 00000004 b sysLang
1016f3fc 00000001 b changed
1016f400 00000004 b rngLock
1016f404 00000004 b entropy
1016f408 00000004 b curl
1016f40c 00000100 b curlError
1016f50c 00000001 b initialised
1016f510 00000004 b cancelOverlay
1016f514 00000400 b ret.0
1016f918 00000004 b handle
1016f91c 00000004 b spaceThread
1016f920 00000004 b usb
1016f928 00000010 b spaceMap
1016f938 0000003c b swkbd_queue
1016f974 00000004 b lastUsedController
1016f978 00000010 b createArg
1016f988 00001700 B swkbdFsclient
10171088 00000080 b swkbd_msg
10171108 000000e0 b appearArg
101711e8 000000ac B vpad
10171298 00000008 b lastButtonPress
101712a0 00000004 b io
101712a4 00000004 b activeWriteBuffer
101712a8 00000004 b queueEntries
101712ac 00000001 b ioRunning
101712b0 00000004 b fwriteErrno
101712b4 00000004 b fwriteOverlay
101712b8 00000004 b activeReadBuffer
101712bc 00000004 b ioThread
101712c0 00000001 b queueStalled
101712c4 00000004 b baseMSG
101712c8 0000003c b rumble_queue
10171304 00000004 b pId
10171308 00000020 b rumble_msg
10171328 00000004 b rumbleThread
1017132c 00000010 b otp_common_key
1017133c 00000004 b titleQueue
10171340 00000004 b renderer
10171344 00000004 b frameBuffer
10171348 00000004 b errorOverlayList
1017134c 00000004 b defaultTex
10171350 00000004 b font
10171354 00000004 b spaceWidth
10171358 00000004 b rectPoolIndex
1017135c 00002000 b rectPool
1017335c 00000004 b barTex
10173360 00000004 b arrowTex
10173364 00000004 b checkmarkTex
10173368 00000020 b flagTex
10173388 00000010 b deviceTex
10173398 00000004 b tabTex
1017339c 00000004 b window
101733a0 00000004 b byeTex
101733a4 00000010 b byeRect
101733b4 00000004 b bgTex
101733b8 00000004 b bgmBuffer
101733bc 00000004 b backgroundMusic
101733c0 00000004 b ASCII_STRING
101733c4 00000004 b fc_buffer
101733c8 00000004 b LATIN_1_STRING
101733cc 00000004 b ASCII_LATIN_1_STRING
101733d0 00000001 b fc_has_render_target_support
101733d4 00000004 b NUM_EXISTING_FONTS
101733d8 00000001 b apdEnabled
101733dc 00000004 b apdDisabledCount
101733e0 00000001 b channel
101733e1 00000001 b aroma
101733e2 00000001 b launching
101733e4 00000004 b debugLock
101733e8 00000200 b newStr.0
101735e8 00000004 b s_lock
101735ec 00000004 b initialized
101735f0 00000004 b backends_len.0
101735f4 000000c8 b backends.1
101736bc 00000004 b selected.2
101736c0 00000001 b init_ssl
101736c4 00000004 b supported_init
101736c8 00000250 b supported_ciphersuites
10173918 00000004 b debug_threshold
1017391c 00000004 b aes_init_done
10173920 00000028 b round_constants
10173948 00000400 b RT3
10173d48 00000400 b RT2
10174148 00000400 b RT1
10174548 00000400 b RT0
10174948 00000100 b RSb
10174a48 00000400 b FT3
10174e48 00000400 b FT2
10175248 00000400 b FT1
10175648 00000400 b FT0
10175a48 00000100 b FSb
10175b48 00000004 b init_done.0
10175b4c 00000038 b ecp_supported_grp_id
10175b88 00000010 b tv_init
10175b98 00000004 b hardclock_init
10175b9c 00000004 b num_decoders
10175ba0 00000004 b chunk_decoders
10175ba4 00000004 b music_data
10175ba8 00000004 b channel_done_callback
10175bac 00000004 b mix_postmix_data
10175bb0 00000004 b mix_postmix
10175bb4 00000004 b num_channels
10175bb8 00000004 b posteffects
10175bbc 00000004 b mix_channel
10175bc0 00000004 b audio_device
10175bc4 00000018 b mixer
10175bdc 00000004 b audio_opened
10175be0 00000004 b music_finished_hook
10175be4 00000004 b timidity_cfg
10175be8 00000004 b soundfont_paths
10175bec 00000004 b num_decoders
10175bf0 00000004 b music_decoders
10175bf4 00000004 b ms_per_step
10175bf8 00000018 B music_spec
10175c10 00000004 b music_playing
10175c14 00000038 b settings
10175c4c 00000034 b modplug
10175c80 0000004c b mpg123
10175ccc 00000400 b crc_table
101760cc 00000100 b def_instr_name
101761cc 00000200 b master_drumset
101763cc 00000200 b master_tonebank
101765cc 00000004 b position_channels
101765d0 00000004 b pos_args_global
101765d4 00000004 b pos_args_array
101765d8 00000004 b pathlist
101765dc 00000010 b rpn_lsb.0
101765ec 00000010 b rpn_msb.1
101765fc 00000001 b nrpn.2
101765fd 00000001 b laststatus.3
101765fe 00000001 b lastchan.4
10176600 00009600 b SurroundBuffer
10176c5c d _SDA_BASE_
1017fc00 00000100 b DolbyHiFilterBuffer
1017fd00 00000100 b DolbyLoFilterDelay
1017fe00 00000100 b DolbyLoFilterBuffer
1017ff00 00000100 b XBassDelay
10180000 00000100 b XBassBuffer
10180100 0000dd0c b ReverbBuffer4
1018de0c 00014310 b ReverbBuffer3
101a211c 0001cad0 b ReverbBuffer2
101bebec 00025800 b ReverbBuffer
101e43ec 00000100 b ReverbLoFilterDelay
101e44ec 00000100 b ReverbLoFilterBuffer
101e45ec 00000004 b gRvbLPSum
101e45f0 00000004 b gRvbLPPos
101e45f4 00000020 b gRvbLowPass
101e4614 00000004 b nFilterAttn
101e4618 00000004 b nReverbLoDlyPos
101e461c 00000004 b nReverbLoFltPos
101e4620 00000004 b nReverbLoFltSum
101e4624 00000004 b nReverbBufferPos4
101e4628 00000004 b nReverbSize4
101e462c 00000004 b nReverbBufferPos3
101e4630 00000004 b nReverbSize3
101e4634 00000004 b nReverbBufferPos2
101e4638 00000004 b nReverbSize2
101e463c 00000004 b nReverbBufferPos
101e4640 00000004 b nReverbSize
101e4644 00000004 b nDolbyHiFltSum
101e4648 00000004 b nDolbyHiFltPos
101e464c 00000004 b nDolbyLoFltSum
101e4650 00000004 b nDolbyLoFltPos
101e4654 00000004 b nDolbyLoDlyPos
101e4658 00000004 b nDolbyDepth
101e465c 00000004 b nSurroundPos
101e4660 00000004 b nSurroundSize
101e4664 00000004 b nRightNR
101e4668 00000004 b nLeftNR
101e466c 00000004 b nXBassMask
101e4670 00000004 b nXBassDlyPos
101e4674 00000004 b nXBassBufferPos
101e4678 00000004 b nXBassSum
101e467c 00008010 B CzWINDOWEDFIR::lut
101ec68c 00002000 B CzCUBICSPLINE::lut
101ee68c 00001000 B MixRearBuffer
101ef68c 00001000 B MixReverbBuffer
101f068c 00002000 B MixSoundBuffer
101f268c 00000004 b CSoundFile::ReadABC(unsigned char const*, unsigned int)::avoid_reentry
101f2690 00000004 b abc_partpat_to_orderlist(unsigned char (*) [2], char const*, _ABCHANDLE*, unsigned char**, int)::ordersize
101f2694 00000004 b chordsnamed
101f2698 00000140 b chordlen
101f27d8 00000780 b chordnotes
101f2f58 00000280 b chordname
101f31d8 00000004 b global_songstart
101f31dc 00000001 b global_part
101f31e0 00000004 b global_tempo_divider
101f31e4 00000004 b global_tempo_factor
101f31e8 00000004 b global_octave_shift
101f31ec 00000004 b global_voiceno
101f31f0 00000004 b CSoundFile::ReadMID(unsigned char const*, unsigned int)::avoid_reentry
101f31f4 00000004 b CSoundFile::ReadPAT(unsigned char const*, unsigned int)::avoid_reentry
101f31f8 00000004 b pat_readpat(int, char*, int)::opt
101f31fc 00000004 b pat_readpat(int, char*, int)::mmpat
101f3200 00000004 b pat_readpat(int, char*, int)::wavesize
101f3204 00000004 b pat_readpat(int, char*, int)::readlasttime
101f3208 00000028 b pat_gm_name::buf
101f3230 000000bf b pat_loops
101f32f0 000000bf b pat_gm_used
101f33b0 00000400 b timiditycfg
101f37b0 00000400 b pathforpat
101f3bb0 0002fc00 b midipat
102237b0 00000038 b (anonymous namespace)::emergency_pool
102237e8 00000004 b (anonymous namespace)::__new_handler
102237ec 00000004 b init
102237f0 00000008 b (anonymous namespace)::eh_globals
102237f8 00000004 b TTF_byteswapped
102237fc 00000004 b TTF_initialized
10223800 00000004 b library
10223804 00000004 b error
10223808 00000004 b buflen
1022380c 00000004 b linebuf
10223810 00000020 b SDL_SubsystemRefCount
10223830 00000004 b SDL_bInMainQuit
10223834 00000004 b assertion_running.0
10223838 00000004 b spinlock.1
1022383c 00000004 b assertion_userdata
10223840 00000004 b assertion_mutex
10223844 00000004 b triggered_assertions
10223848 00000004 b SDL_hints
1022384c 00000004 b log_function_mutex
10223850 00000004 b SDL_log_userdata
10223854 00000004 b SDL_loglevels
10223858 00000040 b open_devices
10223898 00000078 b current_audio
10223910 00000004 b converters_chosen.0
10223914 00000004 b SDL_EventLoggingVerbosity
10223918 00000024 b SDL_EventQ
1022393c 00000400 b SDL_disabled_events
10223d3c 00000004 b SDL_sentinel_pending
10223d40 00000004 b SDL_event_watchers_removed
10223d44 00000004 b SDL_event_watchers_dispatching
10223d48 00000004 b SDL_event_watchers_count
10223d4c 00000004 b SDL_event_watchers
10223d50 0000000c b SDL_EventOK
10223d5c 00000004 b SDL_event_watchers_lock
10223d60 00000004 b recordAll
10223d64 00000004 b SDL_numGestureTouches
10223d68 00000004 b SDL_gestureTouch
10223d6c 00000c10 b SDL_keyboard
1022497c 00000004 b track_mouse_down
10224980 000000c8 b SDL_mouse
10224a48 00000004 b send_quit_pending
10224a50 00000008 b track_touchid
10224a58 00000008 b track_fingerid
10224a60 00000004 b finger_touching
10224a64 00000004 b SDL_touchDevices
10224a68 00000004 b SDL_num_touch
10224a6c 00000004 b SDL_haptics
10224a70 0000000c b SDL_ignored_controllers
10224a7c 0000000c b SDL_allowed_controllers
10224a88 00000001 b gamecontroller_magic
10224a8c 00000004 b s_pDefaultMapping
10224a90 00000004 b s_pSupportedControllers
10224a94 00000010 b s_zeroGUID
10224aa4 00000004 b SDL_gamecontrollers
10224aa8 00000004 b SDL_joystick_allows_background_events
10224aac 00000004 b SDL_joystick_players
10224ab0 00000004 b SDL_joystick_player_count
10224ab4 00000004 b SDL_next_joystick_instance_id
10224ab8 00000004 b SDL_joysticks
10224abc 00000004 b SDL_joysticks_quitting
10224ac0 00000004 b SDL_joysticks_initialized
10224ac4 00000004 b SDL_joysticks_locked
10224ac8 00000004 b SDL_joystick_lock_pending
10224acc 00000004 b SDL_joystick_lock
10224ad0 00000001 b texture_magic
10224ad1 00000001 b renderer_magic
10224ad4 00000004 b tvDrcEnabled
10224ad8 00000004 b shaderRefCount
10224adc 00000058 b shaderGroups
10224b34 00000004 b SDL_updating_sensor
10224b38 00000004 b SDL_sensors
10224b3c 00000004 b SDL_sensor_lock
10224b40 00000080 b SDL_global_error_str.0
10224bc0 00000014 b SDL_global_error.1
10224bd4 00000004 b tls_lock.2
10224bd8 00000004 b tls_being_created.3
10224bdc 00000004 b tls_errbuf.4
10224be0 00000004 b tls_lock.5
10224be4 00000004 b SDL_tls_id.6
10224be8 00000004 b SDL_generic_TLS
10224bec 00000004 b SDL_generic_TLS_mutex
10224bf0 000000a8 b SDL_timer_data
10224c98 00000004 b formats_lock
10224c9c 00000004 b formats
10224ca0 00000004 b SDL_messagebox_count
10224ca4 00000004 b _this
10224ca8 00000004 b g_VJoys
10224cac 00000004 b cb_this
10224cb0 00000002 b y2_old.0
10224cb2 00000002 b x2_old.1
10224cb4 00000002 b y1_old.2
10224cb6 00000002 b x1_old.3
10224cb8 00000002 b last_touch_y.4
10224cba 00000002 b last_touch_x.5
10224cbc 00000002 b last_touched.6
10224cc0 00000010 b lastKnownExts
10224cd0 00000014 b instanceMap
10224ce4 00000014 b deviceMap
10224cf8 00000004 b ticks_started
10224d00 00000008 b start
10224d08 00000004 b running
10224d0c 00000004 b checked.0
10224d10 00000004 b frame_number.0
10224d14 00000004 b frame_number.0
10224d18 00000004 b GfxHeap_Foreground
10224d1c 00000004 b GfxHeap_MEM1
10224d20 00000010 b sMallocSpinLock
10224d30 00000004 b sHeapSize
10224d34 00000004 b sHeapMaxSize
10224d38 00000004 b sHeapBase
10224d3c 00000004 b sHeapHandle
10224d40 00000040 b sHandlers
10224d80 00000010 b sSendAddr
10224d90 00000400 b sLastError
10225190 0000002c b key_mutex
102251bc 00000400 b key_table
102255c0 000003b8 B __wut_fsa_device_data
10225978 00000004 b nn::swkbd::sSetVersion
1022597c 00000004 b nn::swkbd::sSetUserSoundObj
10225980 00000004 b nn::swkbd::sSetUserControllerEventObj
10225984 00000004 b nn::swkbd::sSetSelectFrom
10225988 00000004 b nn::swkbd::sSetReceiver
1022598c 00000004 b nn::swkbd::sSetInputFormString
10225990 00000004 b nn::swkbd::sSetEnableOkButton
10225994 00000004 b nn::swkbd::sSetCursorPos
10225998 00000004 b nn::swkbd::sSetControllerRemo
1022599c 00000004 b nn::swkbd::sMuteAllSound
102259a0 00000004 b nn::swkbd::sIsSelectCursorActive
102259a4 00000004 b nn::swkbd::sIsNeedCalcSubThreadPredict
102259a8 00000004 b nn::swkbd::sIsNeedCalcSubThreadFont
102259ac 00000004 b nn::swkbd::sIsKeyboardTarget
102259b0 00000004 b nn::swkbd::sIsDecideOkButton
102259b4 00000004 b nn::swkbd::sIsDecideCancelButton
102259b8 00000004 b nn::swkbd::sIsCoveredWithSubWindow
102259bc 00000004 b nn::swkbd::sInitLearnDic
102259c0 00000004 b nn::swkbd::sInactivateSelectCursor
102259c4 00000004 b nn::swkbd::sGetStateKeyboard
102259c8 00000004 b nn::swkbd::sGetStateInputForm
102259cc 00000004 b nn::swkbd::sGetKeyboardCondition
102259d0 00000004 b nn::swkbd::sGetInputFormString
102259d4 00000004 b nn::swkbd::sGetDrawStringInfo
102259d8 00000004 b nn::swkbd::sDrawTV
102259dc 00000004 b nn::swkbd::sDrawDRC
102259e0 00000004 b nn::swkbd::sDisappearKeyboard
102259e4 00000004 b nn::swkbd::sDisappearInputForm
102259e8 00000004 b nn::swkbd::sDestroy
102259ec 00000004 b nn::swkbd::sCreate
102259f0 00000004 b nn::swkbd::sConfirmUnfixAll
102259f4 00000004 b nn::swkbd::sCalc
102259f8 00000004 b nn::swkbd::sCalcSubThreadPredict
102259fc 00000004 b nn::swkbd::sCalcSubThreadFont
10225a00 00000004 b nn::swkbd::sAppearKeyboard
10225a04 00000004 b nn::swkbd::sAppearInputForm
10225a08 00000004 b nn::swkbd::sModuleHandle
10225a0c 00000004 b nn::swkbd::sHeapHandle
10225a10 00000004 b sLibcLockUsedMask
10225a14 000002c0 b sLibcLocks
10225cd4 00000004 b langs
10225cd8 00000004 b static_ot_funcs
10225cdc 00000001 b hb_ot_font_cmap_cache_user_data_key
10225ce0 00000004 b static_outline_recording_pen_funcs
10225ce4 00000004 b static_paint_extents_funcs
10225ce8 00000004 b static_draw_extents_funcs
10225cec 00000004 b static_shapers
10225cf0 00000280 B _hb_CrapPool
10225f70 00000004 b static_ft_funcs
10225f74 00000004 b hb_ot_tags_from_language(char const*, char const*, unsigned int*, unsigned int*)::last_tag_idx
10225f78 00000004 b static_ucd_funcs
10225f7c 00000001 b seed_initialized
10225f80 00000004 b sRL_GetPathOfSaveRedirection
10225f84 00000004 b sRL_GetPathOfRunningExecutable
10225f88 00000004 b sRLUnmountCurrentRunningBundle
10225f8c 00000004 b sRLEnableContentRedirection
10225f90 00000004 b sRLDisableContentRedirection
10225f94 00000004 b sRLLaunchHomebrew
10225f98 00000004 b sRLLaunchPreparedHomebrew
10225f9c 00000004 b sRLPrepareLaunchFromSD
10225fa0 00000004 b sRLGetVersion
10225fa4 00000004 b sModuleHandle
10225fa8 00000004 b once_regsizes.0
10225fac 00000070 b dwarf_reg_size_table
1022601c 00000004 b once.1
10226020 0000002c b object_mutex
1022604c 00000004 b seen_objects
10226050 00000004 b unseen_objects
10226054 00000400 b temp_cwd
10226454 00000004 b __hndl_lock
10226458 00000028 B __malloc_current_mallinfo
10226480 00000004 b __sfp_recursive_mutex
10226488 00000150 B __sf
102265d8 00000004 b __env_recursive_mutex
102265dc 00000004 b alloced.0
102265e0 00000004 b initial_env
102265e4 00000190 B __atexit0
c0000058 T DCStoreRange
c0000060 T FSAAddClient
c0000068 T FSAChangeDir
c0000070 T FSAChangeMode
c0000078 T FSACloseDir
c0000080 T FSACloseFile
c0000088 T FSADelClient
c0000090 T FSAFlushFile
c0000098 T FSAGetDeviceInfo
c00000a0 T FSAGetFreeSpaceSize
c00000a8 T FSAGetStat
c00000b0 T FSAGetStatFile
c00000b8 T FSAGetStatusStr
c00000c0 T FSAInit
c00000c8 T FSAMakeDir
c00000d0 T FSAMount
c00000d8 T FSAOpenDir
c00000e0 T FSAOpenFileEx
c00000e8 T FSAReadDir
c00000f0 T FSAReadFile
c00000f8 T FSARemove
c0000100 T FSARename
c0000108 T FSARewindDir
c0000110 T FSASetPosFile
c0000118 T FSAShutdown
c0000120 T FSATruncateFile
c0000128 T FSAUnmount
c0000130 T FSAWriteFile
c0000138 T FSAddClient
c0000140 T FSDelClient
c0000148 T IMDisableAPD
c0000150 T IMEnableAPD
c0000158 T IMIsAPDEnabledBySysSettings
c0000160 T IOS_Close
c0000168 T IOS_Ioctl
c0000170 T IOS_Open
c0000178 T MCP_Close
c0000180 T MCP_DeleteTitleAsync
c0000188 T MCP_GetOwnTitleInfo
c0000190 T MCP_GetSysProdSettings
c0000198 T MCP_GetTitleInfo
c00001a0 T MCP_InstallGetInfo
c00001a8 T MCP_InstallGetProgress
c00001b0 T MCP_InstallSetTargetDevice
c00001b8 T MCP_InstallSetTargetUsb
c00001c0 T MCP_InstallTitleAbort
c00001c8 T MCP_InstallTitleAsync
c00001d0 T MCP_Open
c00001d8 T MCP_TitleCount
c00001e0 T MCP_TitleList
c00001e8 T MEMAllocFromExpHeapEx
c00001f0 T MEMAllocFromFrmHeapEx
c00001f8 T MEMCreateExpHeapEx
c0000200 T MEMDestroyExpHeap
c0000208 T MEMFreeByStateToFrmHeap
c0000210 T MEMFreeToExpHeap
c0000218 T MEMFreeToFrmHeap
c0000220 T MEMGetAllocatableSizeForExpHeapEx
c0000228 T MEMGetAllocatableSizeForFrmHeapEx
c0000230 T MEMGetBaseHeapHandle
c0000238 T MEMRecordStateForFrmHeap
c0000240 T OSAddAtomic
c0000248 T OSBlockMove
c0000250 T OSBlockSet
c0000258 T OSCancelAlarm
c0000260 T OSCheckActiveThreads
c0000268 T OSCheckThreadStackUsage
c0000270 T OSCompareAndSwapAtomic
c0000278 T OSCompareAndSwapAtomicEx
c0000280 T OSCreateAlarm
c0000288 T OSCreateThread
c0000290 T OSDetachThread
c0000298 T OSDynLoad_Acquire
c00002a0 T OSDynLoad_FindExport
c00002a8 T OSDynLoad_GetAllocator
c00002b0 T OSDynLoad_Release
c00002b8 T OSDynLoad_SetAllocator
c00002c0 T OSEffectiveToPhysical
c00002c8 T OSEnableHomeButtonMenu
c00002d0 T OSFatal
c00002d8 T OSGetAlarmUserData
c00002e0 T OSGetCurrentThread
c00002e8 T OSGetSharedData
c00002f0 T OSGetSystemInfo
c00002f8 T OSGetSystemTick
c0000300 T OSGetSystemTime
c0000308 T OSGetThreadAffinity
c0000310 T OSGetThreadPriority
c0000318 T OSGetThreadSpecific
c0000320 T OSGetTick
c0000328 T OSGetTime
c0000330 T OSGetTitleID
c0000338 T OSInitCond
c0000340 T OSInitMessageQueueEx
c0000348 T OSInitMutex
c0000350 T OSInitMutexEx
c0000358 T OSInitSemaphore
c0000360 T OSInitSpinLock
c0000368 T OSIsDebuggerInitialized
c0000370 T OSIsDebuggerPresent
c0000378 T OSIsMainCore
c0000380 T OSJoinThread
c0000388 T OSLockMutex
c0000390 T OSMemoryBarrier
c0000398 T OSReceiveMessage
c00003a0 T OSReport
c00003a8 T OSResumeThread
c00003b0 T OSSavesDone_ReadyToRelease
c00003b8 T OSSendMessage
c00003c0 T OSSetAlarm
c00003c8 T OSSetAlarmUserData
c00003d0 T OSSetThreadAffinity
c00003d8 T OSSetThreadCleanupCallback
c00003e0 T OSSetThreadDeallocator
c00003e8 T OSSetThreadName
c00003f0 T OSSetThreadPriority
c00003f8 T OSSetThreadSpecific
c0000400 T OSSetThreadStackUsage
c0000408 T OSSignalCond
c0000410 T OSSignalSemaphore
c0000418 T OSSleepTicks
c0000420 T OSSwapAtomic
c0000428 T OSTicksToCalendarTime
c0000430 T OSTryWaitSemaphore
c0000438 T OSUninterruptibleSpinLock_Acquire
c0000440 T OSUninterruptibleSpinLock_Release
c0000448 T OSUnlockMutex
c0000450 T OSWaitCond
c0000458 T UCClose
c0000460 T UCOpen
c0000468 T UCReadSysConfig
c0000470 T _Exit
c0000478 T __os_snprintf
c0000480 T __rplwrap_exit
c00004a0 T GX2CalcDRCSize
c00004a8 T GX2CalcFetchShaderSizeEx
c00004b0 T GX2CalcSurfaceSizeAndAlignment
c00004b8 T GX2CalcTVSize
c00004c0 T GX2ClearColor
c00004c8 T GX2CopyColorBufferToScanBuffer
c00004d0 T GX2DrawDone
c00004d8 T GX2DrawEx
c00004e0 T GX2Flush
c00004e8 T GX2GetLastSubmittedTimeStamp
c00004f0 T GX2GetRetiredTimeStamp
c00004f8 T GX2GetSwapInterval
c0000500 T GX2GetSystemDRCScanMode
c0000508 T GX2GetSystemTVScanMode
c0000510 T GX2Init
c0000518 T GX2InitColorBufferRegs
c0000520 T GX2InitFetchShaderEx
c0000528 T GX2InitSampler
c0000530 T GX2InitTextureRegs
c0000538 T GX2Invalidate
c0000540 T GX2RCreateBuffer
c0000548 T GX2RCreateSurface
c0000550 T GX2RCreateSurfaceUserMemory
c0000558 T GX2RDestroyBufferEx
c0000560 T GX2RDestroySurfaceEx
c0000568 T GX2RLockBufferEx
c0000570 T GX2RLockSurfaceEx
c0000578 T GX2RSetAllocator
c0000580 T GX2RSetAttributeBuffer
c0000588 T GX2RUnlockBufferEx
c0000590 T GX2RUnlockSurfaceEx
c0000598 T GX2SetAlphaTest
c00005a0 T GX2SetBlendControl
c00005a8 T GX2SetColorBuffer
c00005b0 T GX2SetColorControl
c00005b8 T GX2SetContextState
c00005c0 T GX2SetCullOnlyControl
c00005c8 T GX2SetDRCBuffer
c00005d0 T GX2SetDRCEnable
c00005d8 T GX2SetDRCGamma
c00005e0 T GX2SetDRCScale
c00005e8 T GX2SetDepthOnlyControl
c00005f0 T GX2SetFetchShader
c00005f8 T GX2SetLineWidth
c0000600 T GX2SetPixelSampler
c0000608 T GX2SetPixelShader
c0000610 T GX2SetPixelTexture
c0000618 T GX2SetPointSize
c0000620 T GX2SetScissor
c0000628 T GX2SetSwapInterval
c0000630 T GX2SetTVBuffer
c0000638 T GX2SetTVEnable
c0000640 T GX2SetTVGamma
c0000648 T GX2SetTVScale
c0000650 T GX2SetVertexShader
c0000658 T GX2SetVertexUniformReg
c0000660 T GX2SetViewport
c0000668 T GX2SetupContextStateEx
c0000670 T GX2Shutdown
c0000678 T GX2SwapScanBuffers
c0000680 T GX2WaitForVsync
c0000688 T GX2WaitTimeStamp
c00006a0 T ACClose
c00006a8 T ACConnect
c00006b0 T ACConnectAsync
c00006b8 T ACFinalize
c00006c0 T ACGetCloseStatus
c00006c8 T ACInitialize
c00006d0 T ACIsApplicationConnected
c00006f0 T ACPAssignTitlePatch
c00006f8 T ACPFinalize
c0000700 T ACPGetTitleMetaXmlByTitleListType
c0000708 T ACPInitialize
c0000710 T ACPTurnOnDrcLed
c0000730 T GetPersistentId__Q2_2nn3actFv
c0000750 T netconf_close
c0000758 T netconf_get_proxy_config
c0000760 T netconf_init
c0000768 T htonl
c0000770 T htons
c0000778 T ntohl
c0000780 T ntohs
c0000788 T set_multicast_state
c0000790 T socket_lib_finish
c0000798 T socket_lib_init
c00007a0 T __rplwrap_bind
c00007a8 T __rplwrap_connect
c00007b0 T __rplwrap_freeaddrinfo
c00007b8 T __rplwrap_getaddrinfo
c00007c0 T __rplwrap_getsockname
c00007c8 T __rplwrap_getsockopt
c00007d0 T __rplwrap_inet_ntop
c00007d8 T __rplwrap_inet_pton
c00007e0 T __rplwrap_recv
c00007e8 T __rplwrap_select
c00007f0 T __rplwrap_send
c00007f8 T __rplwrap_sendto
c0000800 T __rplwrap_setsockopt
c0000808 T __rplwrap_shutdown
c0000810 T __rplwrap_socket
c0000818 T __rplwrap_socketclose
c0000820 T __rplwrap_socketlasterr
c0000848 T KPADInit
c0000850 T KPADReadEx
c0000858 T KPADShutdown
c0000860 T WPADControlMotor
c0000868 T WPADEnableURCC
c0000870 T WPADProbe
c0000890 T ProcUIDrawDoneRelease
c0000898 T ProcUIInit
c00008a0 T ProcUIInitEx
c00008a8 T ProcUIIsRunning
c00008b0 T ProcUIProcessMessages
c00008b8 T ProcUIRegisterCallback
c00008c0 T ProcUIShutdown
c00008e8 T AXAcquireVoice
c00008f0 T AXDeregisterAppFrameCallback
c00008f8 T AXFreeVoice
c0000900 T AXGetInputSamplesPerFrame
c0000908 T AXGetInputSamplesPerSec
c0000910 T AXGetVoiceLoopCount
c0000918 T AXGetVoiceOffsets
c0000920 T AXInitWithParams
c0000928 T AXIsInit
c0000930 T AXQuit
c0000938 T AXRegisterAppFrameCallback
c0000940 T AXSetVoiceDeviceMix
c0000948 T AXSetVoiceEndOffset
c0000950 T AXSetVoiceLoopOffset
c0000958 T AXSetVoiceOffsets
c0000960 T AXSetVoiceSrcRatio
c0000968 T AXSetVoiceSrcType
c0000970 T AXSetVoiceState
c0000978 T AXSetVoiceType
c0000980 T AXSetVoiceVe
c0000988 T AXVoiceBegin
c0000990 T AXVoiceEnd
c00009b0 T SYSCheckTitleExists
c00009b8 T SYSLaunchMenu
c00009c0 T SYSRelaunchTitle
c00009c8 T _SYSGetSystemApplicationTitleId
c00009d0 T _SYSLaunchTitleWithStdArgsInNoSplash
c00009f0 T VPADControlMotor
c00009f8 T VPADGetTPCalibratedPoint
c0000a00 T VPADInit
c0000a08 T VPADRead
c0000a10 T VPADSetSensorBar
c0000a38 R MEMAllocFromDefaultHeap
c0000a40 R MEMAllocFromDefaultHeapEx
c0000a48 R MEMFreeToDefaultHeap
